id,n1,n2,radius_mm,length_mm,shared_by
0,0,1,0.37798,2.50000,1
1,2,3,0.37798,2.50000,2
2,4,5,0.37798,2.50000,2
3,6,7,0.37798,2.50000,4
4,1,8,0.37798,2.50000,1
5,3,9,0.37798,2.50000,2
6,5,10,0.37798,2.50000,2
7,7,11,0.37798,2.50000,4
8,0,12,0.37798,2.50000,1
9,2,13,0.37798,2.50000,2
10,12,4,0.37798,2.50000,1
11,13,6,0.37798,2.50000,2
12,8,14,0.37798,2.50000,2
13,9,15,0.37798,2.50000,4
14,14,10,0.37798,2.50000,2
15,15,11,0.37798,2.50000,4
16,0,16,0.37798,2.50000,1
17,16,2,0.37798,2.50000,1
18,4,17,0.37798,2.50000,2
19,17,6,0.37798,2.50000,2
20,8,18,0.37798,2.50000,2
21,18,9,0.37798,2.50000,2
22,10,19,0.37798,2.50000,4
23,19,11,0.37798,2.50000,4
24,12,1,0.37798,3.53553,1
25,13,3,0.37798,3.53553,2
26,12,5,0.37798,3.53553,1
27,13,7,0.37798,3.53553,2
28,1,14,0.37798,3.53553,1
29,3,15,0.37798,3.53553,2
30,5,14,0.37798,3.53553,1
31,7,15,0.37798,3.53553,2
32,16,1,0.37798,3.53553,1
33,16,3,0.37798,3.53553,1
34,17,5,0.37798,3.53553,2
35,17,7,0.37798,3.53553,2
36,1,18,0.37798,3.53553,1
37,3,18,0.37798,3.53553,1
38,5,19,0.37798,3.53553,2
39,7,19,0.37798,3.53553,2
40,12,20,0.37798,2.50000,1
41,13,21,0.37798,2.50000,2
42,20,14,0.37798,2.50000,1
43,21,15,0.37798,2.50000,2
44,16,22,0.37798,2.50000,1
45,17,23,0.37798,2.50000,2
46,22,18,0.37798,2.50000,1
47,23,19,0.37798,2.50000,2
48,24,25,0.37798,2.50000,2
49,26,27,0.37798,2.50000,4
50,25,28,0.37798,2.50000,2
51,27,29,0.37798,2.50000,4
52,4,30,0.37798,2.50000,1
53,6,31,0.37798,2.50000,2
54,30,24,0.37798,2.50000,1
55,31,26,0.37798,2.50000,2
56,10,32,0.37798,2.50000,2
57,11,33,0.37798,2.50000,4
58,32,28,0.37798,2.50000,2
59,33,29,0.37798,2.50000,4
60,24,34,0.37798,2.50000,2
61,34,26,0.37798,2.50000,2
62,28,35,0.37798,2.50000,4
63,35,29,0.37798,2.50000,4
64,30,5,0.37798,3.53553,1
65,31,7,0.37798,3.53553,2
66,30,25,0.37798,3.53553,1
67,31,27,0.37798,3.53553,2
68,5,32,0.37798,3.53553,1
69,7,33,0.37798,3.53553,2
70,25,32,0.37798,3.53553,1
71,27,33,0.37798,3.53553,2
72,34,25,0.37798,3.53553,2
73,34,27,0.37798,3.53553,2
74,25,35,0.37798,3.53553,2
75,27,35,0.37798,3.53553,2
76,30,36,0.37798,2.50000,1
77,31,37,0.37798,2.50000,2
78,36,32,0.37798,2.50000,1
79,37,33,0.37798,2.50000,2
80,34,38,0.37798,2.50000,2
81,38,35,0.37798,2.50000,2
82,39,40,0.37798,2.50000,2
83,41,42,0.37798,2.50000,4
84,40,43,0.37798,2.50000,2
85,42,44,0.37798,2.50000,4
86,24,45,0.37798,2.50000,1
87,26,46,0.37798,2.50000,2
88,45,39,0.37798,2.50000,1
89,46,41,0.37798,2.50000,2
90,28,47,0.37798,2.50000,2
91,29,48,0.37798,2.50000,4
92,47,43,0.37798,2.50000,2
93,48,44,0.37798,2.50000,4
94,39,49,0.37798,2.50000,2
95,49,41,0.37798,2.50000,2
96,43,50,0.37798,2.50000,4
97,50,44,0.37798,2.50000,4
98,45,25,0.37798,3.53553,1
99,46,27,0.37798,3.53553,2
100,45,40,0.37798,3.53553,1
101,46,42,0.37798,3.53553,2
102,25,47,0.37798,3.53553,1
103,27,48,0.37798,3.53553,2
104,40,47,0.37798,3.53553,1
105,42,48,0.37798,3.53553,2
106,49,40,0.37798,3.53553,2
107,49,42,0.37798,3.53553,2
108,40,50,0.37798,3.53553,2
109,42,50,0.37798,3.53553,2
110,45,51,0.37798,2.50000,1
111,46,52,0.37798,2.50000,2
112,51,47,0.37798,2.50000,1
113,52,48,0.37798,2.50000,2
114,49,53,0.37798,2.50000,2
115,53,50,0.37798,2.50000,2
116,54,55,0.37798,2.50000,2
117,56,57,0.37798,2.50000,4
118,55,58,0.37798,2.50000,2
119,57,59,0.37798,2.50000,4
120,39,60,0.37798,2.50000,1
121,41,61,0.37798,2.50000,2
122,60,54,0.37798,2.50000,1
123,61,56,0.37798,2.50000,2
124,43,62,0.37798,2.50000,2
125,44,63,0.37798,2.50000,4
126,62,58,0.37798,2.50000,2
127,63,59,0.37798,2.50000,4
128,54,64,0.37798,2.50000,2
129,64,56,0.37798,2.50000,2
130,58,65,0.37798,2.50000,4
131,65,59,0.37798,2.50000,4
132,60,40,0.37798,3.53553,1
133,61,42,0.37798,3.53553,2
134,60,55,0.37798,3.53553,1
135,61,57,0.37798,3.53553,2
136,40,62,0.37798,3.53553,1
137,42,63,0.37798,3.53553,2
138,55,62,0.37798,3.53553,1
139,57,63,0.37798,3.53553,2
140,64,55,0.37798,3.53553,2
141,64,57,0.37798,3.53553,2
142,55,65,0.37798,3.53553,2
143,57,65,0.37798,3.53553,2
144,60,66,0.37798,2.50000,1
145,61,67,0.37798,2.50000,2
146,66,62,0.37798,2.50000,1
147,67,63,0.37798,2.50000,2
148,64,68,0.37798,2.50000,2
149,68,65,0.37798,2.50000,2
150,69,70,0.37798,2.50000,1
151,71,72,0.37798,2.50000,2
152,70,73,0.37798,2.50000,1
153,72,74,0.37798,2.50000,2
154,54,75,0.37798,2.50000,1
155,56,76,0.37798,2.50000,2
156,75,69,0.37798,2.50000,1
157,76,71,0.37798,2.50000,2
158,58,77,0.37798,2.50000,2
159,59,78,0.37798,2.50000,4
160,77,73,0.37798,2.50000,2
161,78,74,0.37798,2.50000,4
162,69,79,0.37798,2.50000,1
163,79,71,0.37798,2.50000,1
164,73,80,0.37798,2.50000,2
165,80,74,0.37798,2.50000,2
166,75,55,0.37798,3.53553,1
167,76,57,0.37798,3.53553,2
168,75,70,0.37798,3.53553,1
169,76,72,0.37798,3.53553,2
170,55,77,0.37798,3.53553,1
171,57,78,0.37798,3.53553,2
172,70,77,0.37798,3.53553,1
173,72,78,0.37798,3.53553,2
174,79,70,0.37798,3.53553,1
175,79,72,0.37798,3.53553,1
176,70,80,0.37798,3.53553,1
177,72,80,0.37798,3.53553,1
178,75,81,0.37798,2.50000,1
179,76,82,0.37798,2.50000,2
180,81,77,0.37798,2.50000,1
181,82,78,0.37798,2.50000,2
182,79,83,0.37798,2.50000,1
183,83,80,0.37798,2.50000,1
184,84,85,0.37798,2.50000,2
185,86,87,0.37798,2.50000,4
186,85,88,0.37798,2.50000,2
187,87,89,0.37798,2.50000,4
188,84,90,0.37798,2.50000,2
189,90,86,0.37798,2.50000,2
190,88,91,0.37798,2.50000,4
191,91,89,0.37798,2.50000,4
192,2,92,0.37798,2.50000,1
193,92,84,0.37798,2.50000,1
194,6,93,0.37798,2.50000,2
195,93,86,0.37798,2.50000,2
196,9,94,0.37798,2.50000,2
197,94,88,0.37798,2.50000,2
198,11,95,0.37798,2.50000,4
199,95,89,0.37798,2.50000,4
200,90,85,0.37798,3.53553,2
201,90,87,0.37798,3.53553,2
202,85,91,0.37798,3.53553,2
203,87,91,0.37798,3.53553,2
204,92,3,0.37798,3.53553,1
205,92,85,0.37798,3.53553,1
206,93,7,0.37798,3.53553,2
207,93,87,0.37798,3.53553,2
208,3,94,0.37798,3.53553,1
209,85,94,0.37798,3.53553,1
210,7,95,0.37798,3.53553,2
211,87,95,0.37798,3.53553,2
212,90,96,0.37798,2.50000,2
213,96,91,0.37798,2.50000,2
214,92,97,0.37798,2.50000,1
215,93,98,0.37798,2.50000,2
216,97,94,0.37798,2.50000,1
217,98,95,0.37798,2.50000,2
218,99,100,0.37798,2.50000,4
219,100,101,0.37798,2.50000,4
220,86,102,0.37798,2.50000,2
221,102,99,0.37798,2.50000,2
222,89,103,0.37798,2.50000,4
223,103,101,0.37798,2.50000,4
224,26,104,0.37798,2.50000,2
225,104,99,0.37798,2.50000,2
226,29,105,0.37798,2.50000,4
227,105,101,0.37798,2.50000,4
228,102,87,0.37798,3.53553,2
229,102,100,0.37798,3.53553,2
230,87,103,0.37798,3.53553,2
231,100,103,0.37798,3.53553,2
232,104,27,0.37798,3.53553,2
233,104,100,0.37798,3.53553,2
234,27,105,0.37798,3.53553,2
235,100,105,0.37798,3.53553,2
236,102,106,0.37798,2.50000,2
237,106,103,0.37798,2.50000,2
238,104,107,0.37798,2.50000,2
239,107,105,0.37798,2.50000,2
240,108,109,0.37798,2.50000,4
241,109,110,0.37798,2.50000,4
242,99,111,0.37798,2.50000,2
243,111,108,0.37798,2.50000,2
244,101,112,0.37798,2.50000,4
245,112,110,0.37798,2.50000,4
246,41,113,0.37798,2.50000,2
247,113,108,0.37798,2.50000,2
248,44,114,0.37798,2.50000,4
249,114,110,0.37798,2.50000,4
250,111,100,0.37798,3.53553,2
251,111,109,0.37798,3.53553,2
252,100,112,0.37798,3.53553,2
253,109,112,0.37798,3.53553,2
254,113,42,0.37798,3.53553,2
255,113,109,0.37798,3.53553,2
256,42,114,0.37798,3.53553,2
257,109,114,0.37798,3.53553,2
258,111,115,0.37798,2.50000,2
259,115,112,0.37798,2.50000,2
260,113,116,0.37798,2.50000,2
261,116,114,0.37798,2.50000,2
262,117,118,0.37798,2.50000,4
263,118,119,0.37798,2.50000,4
264,108,120,0.37798,2.50000,2
265,120,117,0.37798,2.50000,2
266,110,121,0.37798,2.50000,4
267,121,119,0.37798,2.50000,4
268,56,122,0.37798,2.50000,2
269,122,117,0.37798,2.50000,2
270,59,123,0.37798,2.50000,4
271,123,119,0.37798,2.50000,4
272,120,109,0.37798,3.53553,2
273,120,118,0.37798,3.53553,2
274,109,121,0.37798,3.53553,2
275,118,121,0.37798,3.53553,2
276,122,57,0.37798,3.53553,2
277,122,118,0.37798,3.53553,2
278,57,123,0.37798,3.53553,2
279,118,123,0.37798,3.53553,2
280,120,124,0.37798,2.50000,2
281,124,121,0.37798,2.50000,2
282,122,125,0.37798,2.50000,2
283,125,123,0.37798,2.50000,2
284,126,127,0.37798,2.50000,2
285,127,128,0.37798,2.50000,2
286,117,129,0.37798,2.50000,2
287,129,126,0.37798,2.50000,2
288,119,130,0.37798,2.50000,4
289,130,128,0.37798,2.50000,4
290,71,131,0.37798,2.50000,1
291,131,126,0.37798,2.50000,1
292,74,132,0.37798,2.50000,2
293,132,128,0.37798,2.50000,2
294,129,118,0.37798,3.53553,2
295,129,127,0.37798,3.53553,2
296,118,130,0.37798,3.53553,2
297,127,130,0.37798,3.53553,2
298,131,72,0.37798,3.53553,1
299,131,127,0.37798,3.53553,1
300,72,132,0.37798,3.53553,1
301,127,132,0.37798,3.53553,1
302,129,133,0.37798,2.50000,2
303,133,130,0.37798,2.50000,2
304,131,134,0.37798,2.50000,1
305,134,132,0.37798,2.50000,1
306,135,136,0.37798,2.50000,2
307,137,138,0.37798,2.50000,4
308,136,139,0.37798,2.50000,2
309,138,140,0.37798,2.50000,4
310,135,141,0.37798,2.50000,2
311,141,137,0.37798,2.50000,2
312,139,142,0.37798,2.50000,4
313,142,140,0.37798,2.50000,4
314,84,143,0.37798,2.50000,1
315,143,135,0.37798,2.50000,1
316,86,144,0.37798,2.50000,2
317,144,137,0.37798,2.50000,2
318,88,145,0.37798,2.50000,2
319,145,139,0.37798,2.50000,2
320,89,146,0.37798,2.50000,4
321,146,140,0.37798,2.50000,4
322,141,136,0.37798,3.53553,2
323,141,138,0.37798,3.53553,2
324,136,142,0.37798,3.53553,2
325,138,142,0.37798,3.53553,2
326,143,85,0.37798,3.53553,1
327,143,136,0.37798,3.53553,1
328,144,87,0.37798,3.53553,2
329,144,138,0.37798,3.53553,2
330,85,145,0.37798,3.53553,1
331,136,145,0.37798,3.53553,1
332,87,146,0.37798,3.53553,2
333,138,146,0.37798,3.53553,2
334,141,147,0.37798,2.50000,2
335,147,142,0.37798,2.50000,2
336,143,148,0.37798,2.50000,1
337,144,149,0.37798,2.50000,2
338,148,145,0.37798,2.50000,1
339,149,146,0.37798,2.50000,2
340,150,151,0.37798,2.50000,4
341,151,152,0.37798,2.50000,4
342,137,153,0.37798,2.50000,2
343,153,150,0.37798,2.50000,2
344,140,154,0.37798,2.50000,4
345,154,152,0.37798,2.50000,4
346,99,155,0.37798,2.50000,2
347,155,150,0.37798,2.50000,2
348,101,156,0.37798,2.50000,4
349,156,152,0.37798,2.50000,4
350,153,138,0.37798,3.53553,2
351,153,151,0.37798,3.53553,2
352,138,154,0.37798,3.53553,2
353,151,154,0.37798,3.53553,2
354,155,100,0.37798,3.53553,2
355,155,151,0.37798,3.53553,2
356,100,156,0.37798,3.53553,2
357,151,156,0.37798,3.53553,2
358,153,157,0.37798,2.50000,2
359,157,154,0.37798,2.50000,2
360,155,158,0.37798,2.50000,2
361,158,156,0.37798,2.50000,2
362,159,160,0.37798,2.50000,4
363,160,161,0.37798,2.50000,4
364,150,162,0.37798,2.50000,2
365,162,159,0.37798,2.50000,2
366,152,163,0.37798,2.50000,4
367,163,161,0.37798,2.50000,4
368,108,164,0.37798,2.50000,2
369,164,159,0.37798,2.50000,2
370,110,165,0.37798,2.50000,4
371,165,161,0.37798,2.50000,4
372,162,151,0.37798,3.53553,2
373,162,160,0.37798,3.53553,2
374,151,163,0.37798,3.53553,2
375,160,163,0.37798,3.53553,2
376,164,109,0.37798,3.53553,2
377,164,160,0.37798,3.53553,2
378,109,165,0.37798,3.53553,2
379,160,165,0.37798,3.53553,2
380,162,166,0.37798,2.50000,2
381,166,163,0.37798,2.50000,2
382,164,167,0.37798,2.50000,2
383,167,165,0.37798,2.50000,2
384,168,169,0.37798,2.50000,4
385,169,170,0.37798,2.50000,4
386,159,171,0.37798,2.50000,2
387,171,168,0.37798,2.50000,2
388,161,172,0.37798,2.50000,4
389,172,170,0.37798,2.50000,4
390,117,173,0.37798,2.50000,2
391,173,168,0.37798,2.50000,2
392,119,174,0.37798,2.50000,4
393,174,170,0.37798,2.50000,4
394,171,160,0.37798,3.53553,2
395,171,169,0.37798,3.53553,2
396,160,172,0.37798,3.53553,2
397,169,172,0.37798,3.53553,2
398,173,118,0.37798,3.53553,2
399,173,169,0.37798,3.53553,2
400,118,174,0.37798,3.53553,2
401,169,174,0.37798,3.53553,2
402,171,175,0.37798,2.50000,2
403,175,172,0.37798,2.50000,2
404,173,176,0.37798,2.50000,2
405,176,174,0.37798,2.50000,2
406,177,178,0.37798,2.50000,2
407,178,179,0.37798,2.50000,2
408,168,180,0.37798,2.50000,2
409,180,177,0.37798,2.50000,2
410,170,181,0.37798,2.50000,4
411,181,179,0.37798,2.50000,4
412,126,182,0.37798,2.50000,1
413,182,177,0.37798,2.50000,1
414,128,183,0.37798,2.50000,2
415,183,179,0.37798,2.50000,2
416,180,169,0.37798,3.53553,2
417,180,178,0.37798,3.53553,2
418,169,181,0.37798,3.53553,2
419,178,181,0.37798,3.53553,2
420,182,127,0.37798,3.53553,1
421,182,178,0.37798,3.53553,1
422,127,183,0.37798,3.53553,1
423,178,183,0.37798,3.53553,1
424,180,184,0.37798,2.50000,2
425,184,181,0.37798,2.50000,2
426,182,185,0.37798,2.50000,1
427,185,183,0.37798,2.50000,1
428,186,187,0.37798,2.50000,2
429,188,189,0.37798,2.50000,4
430,187,190,0.37798,2.50000,2
431,189,191,0.37798,2.50000,4
432,186,192,0.37798,2.50000,2
433,192,188,0.37798,2.50000,2
434,190,193,0.37798,2.50000,4
435,193,191,0.37798,2.50000,4
436,135,194,0.37798,2.50000,1
437,194,186,0.37798,2.50000,1
438,137,195,0.37798,2.50000,2
439,195,188,0.37798,2.50000,2
440,139,196,0.37798,2.50000,2
441,196,190,0.37798,2.50000,2
442,140,197,0.37798,2.50000,4
443,197,191,0.37798,2.50000,4
444,192,187,0.37798,3.53553,2
445,192,189,0.37798,3.53553,2
446,187,193,0.37798,3.53553,2
447,189,193,0.37798,3.53553,2
448,194,136,0.37798,3.53553,1
449,194,187,0.37798,3.53553,1
450,195,138,0.37798,3.53553,2
451,195,189,0.37798,3.53553,2
452,136,196,0.37798,3.53553,1
453,187,196,0.37798,3.53553,1
454,138,197,0.37798,3.53553,2
455,189,197,0.37798,3.53553,2
456,192,198,0.37798,2.50000,2
457,198,193,0.37798,2.50000,2
458,194,199,0.37798,2.50000,1
459,195,200,0.37798,2.50000,2
460,199,196,0.37798,2.50000,1
461,200,197,0.37798,2.50000,2
462,201,202,0.37798,2.50000,4
463,202,203,0.37798,2.50000,4
464,188,204,0.37798,2.50000,2
465,204,201,0.37798,2.50000,2
466,191,205,0.37798,2.50000,4
467,205,203,0.37798,2.50000,4
468,150,206,0.37798,2.50000,2
469,206,201,0.37798,2.50000,2
470,152,207,0.37798,2.50000,4
471,207,203,0.37798,2.50000,4
472,204,189,0.37798,3.53553,2
473,204,202,0.37798,3.53553,2
474,189,205,0.37798,3.53553,2
475,202,205,0.37798,3.53553,2
476,206,151,0.37798,3.53553,2
477,206,202,0.37798,3.53553,2
478,151,207,0.37798,3.53553,2
479,202,207,0.37798,3.53553,2
480,204,208,0.37798,2.50000,2
481,208,205,0.37798,2.50000,2
482,206,209,0.37798,2.50000,2
483,209,207,0.37798,2.50000,2
484,210,211,0.37798,2.50000,4
485,211,212,0.37798,2.50000,4
486,201,213,0.37798,2.50000,2
487,213,210,0.37798,2.50000,2
488,203,214,0.37798,2.50000,4
489,214,212,0.37798,2.50000,4
490,159,215,0.37798,2.50000,2
491,215,210,0.37798,2.50000,2
492,161,216,0.37798,2.50000,4
493,216,212,0.37798,2.50000,4
494,213,202,0.37798,3.53553,2
495,213,211,0.37798,3.53553,2
496,202,214,0.37798,3.53553,2
497,211,214,0.37798,3.53553,2
498,215,160,0.37798,3.53553,2
499,215,211,0.37798,3.53553,2
500,160,216,0.37798,3.53553,2
501,211,216,0.37798,3.53553,2
502,213,217,0.37798,2.50000,2
503,217,214,0.37798,2.50000,2
504,215,218,0.37798,2.50000,2
505,218,216,0.37798,2.50000,2
506,219,220,0.37798,2.50000,4
507,220,221,0.37798,2.50000,4
508,210,222,0.37798,2.50000,2
509,222,219,0.37798,2.50000,2
510,212,223,0.37798,2.50000,4
511,223,221,0.37798,2.50000,4
512,168,224,0.37798,2.50000,2
513,224,219,0.37798,2.50000,2
514,170,225,0.37798,2.50000,4
515,225,221,0.37798,2.50000,4
516,222,211,0.37798,3.53553,2
517,222,220,0.37798,3.53553,2
518,211,223,0.37798,3.53553,2
519,220,223,0.37798,3.53553,2
520,224,169,0.37798,3.53553,2
521,224,220,0.37798,3.53553,2
522,169,225,0.37798,3.53553,2
523,220,225,0.37798,3.53553,2
524,222,226,0.37798,2.50000,2
525,226,223,0.37798,2.50000,2
526,224,227,0.37798,2.50000,2
527,227,225,0.37798,2.50000,2
528,228,229,0.37798,2.50000,2
529,229,230,0.37798,2.50000,2
530,219,231,0.37798,2.50000,2
531,231,228,0.37798,2.50000,2
532,221,232,0.37798,2.50000,4
533,232,230,0.37798,2.50000,4
534,177,233,0.37798,2.50000,1
535,233,228,0.37798,2.50000,1
536,179,234,0.37798,2.50000,2
537,234,230,0.37798,2.50000,2
538,231,220,0.37798,3.53553,2
539,231,229,0.37798,3.53553,2
540,220,232,0.37798,3.53553,2
541,229,232,0.37798,3.53553,2
542,233,178,0.37798,3.53553,1
543,233,229,0.37798,3.53553,1
544,178,234,0.37798,3.53553,1
545,229,234,0.37798,3.53553,1
546,231,235,0.37798,2.50000,2
547,235,232,0.37798,2.50000,2
548,233,236,0.37798,2.50000,1
549,236,234,0.37798,2.50000,1
550,237,238,0.37798,2.50000,1
551,239,240,0.37798,2.50000,2
552,238,241,0.37798,2.50000,1
553,240,242,0.37798,2.50000,2
554,237,243,0.37798,2.50000,1
555,243,239,0.37798,2.50000,1
556,241,244,0.37798,2.50000,2
557,244,242,0.37798,2.50000,2
558,186,245,0.37798,2.50000,1
559,245,237,0.37798,2.50000,1
560,188,246,0.37798,2.50000,2
561,246,239,0.37798,2.50000,2
562,190,247,0.37798,2.50000,2
563,247,241,0.37798,2.50000,2
564,191,248,0.37798,2.50000,4
565,248,242,0.37798,2.50000,4
566,243,238,0.37798,3.53553,1
567,243,240,0.37798,3.53553,1
568,238,244,0.37798,3.53553,1
569,240,244,0.37798,3.53553,1
570,245,187,0.37798,3.53553,1
571,245,238,0.37798,3.53553,1
572,246,189,0.37798,3.53553,2
573,246,240,0.37798,3.53553,2
574,187,247,0.37798,3.53553,1
575,238,247,0.37798,3.53553,1
576,189,248,0.37798,3.53553,2
577,240,248,0.37798,3.53553,2
578,243,249,0.37798,2.50000,1
579,249,244,0.37798,2.50000,1
580,245,250,0.37798,2.50000,1
581,246,251,0.37798,2.50000,2
582,250,247,0.37798,2.50000,1
583,251,248,0.37798,2.50000,2
584,252,253,0.37798,2.50000,2
585,253,254,0.37798,2.50000,2
586,239,255,0.37798,2.50000,1
587,255,252,0.37798,2.50000,1
588,242,256,0.37798,2.50000,2
589,256,254,0.37798,2.50000,2
590,201,257,0.37798,2.50000,2
591,257,252,0.37798,2.50000,2
592,203,258,0.37798,2.50000,4
593,258,254,0.37798,2.50000,4
594,255,240,0.37798,3.53553,1
595,255,253,0.37798,3.53553,1
596,240,256,0.37798,3.53553,1
597,253,256,0.37798,3.53553,1
598,257,202,0.37798,3.53553,2
599,257,253,0.37798,3.53553,2
600,202,258,0.37798,3.53553,2
601,253,258,0.37798,3.53553,2
602,255,259,0.37798,2.50000,1
603,259,256,0.37798,2.50000,1
604,257,260,0.37798,2.50000,2
605,260,258,0.37798,2.50000,2
606,261,262,0.37798,2.50000,2
607,262,263,0.37798,2.50000,2
608,252,264,0.37798,2.50000,1
609,264,261,0.37798,2.50000,1
610,254,265,0.37798,2.50000,2
611,265,263,0.37798,2.50000,2
612,210,266,0.37798,2.50000,2
613,266,261,0.37798,2.50000,2
614,212,267,0.37798,2.50000,4
615,267,263,0.37798,2.50000,4
616,264,253,0.37798,3.53553,1
617,264,262,0.37798,3.53553,1
618,253,265,0.37798,3.53553,1
619,262,265,0.37798,3.53553,1
620,266,211,0.37798,3.53553,2
621,266,262,0.37798,3.53553,2
622,211,267,0.37798,3.53553,2
623,262,267,0.37798,3.53553,2
624,264,268,0.37798,2.50000,1
625,268,265,0.37798,2.50000,1
626,266,269,0.37798,2.50000,2
627,269,267,0.37798,2.50000,2
628,270,271,0.37798,2.50000,2
629,271,272,0.37798,2.50000,2
630,261,273,0.37798,2.50000,1
631,273,270,0.37798,2.50000,1
632,263,274,0.37798,2.50000,2
633,274,272,0.37798,2.50000,2
634,219,275,0.37798,2.50000,2
635,275,270,0.37798,2.50000,2
636,221,276,0.37798,2.50000,4
637,276,272,0.37798,2.50000,4
638,273,262,0.37798,3.53553,1
639,273,271,0.37798,3.53553,1
640,262,274,0.37798,3.53553,1
641,271,274,0.37798,3.53553,1
642,275,220,0.37798,3.53553,2
643,275,271,0.37798,3.53553,2
644,220,276,0.37798,3.53553,2
645,271,276,0.37798,3.53553,2
646,273,277,0.37798,2.50000,1
647,277,274,0.37798,2.50000,1
648,275,278,0.37798,2.50000,2
649,278,276,0.37798,2.50000,2
650,279,280,0.37798,2.50000,1
651,280,281,0.37798,2.50000,1
652,270,282,0.37798,2.50000,1
653,282,279,0.37798,2.50000,1
654,272,283,0.37798,2.50000,2
655,283,281,0.37798,2.50000,2
656,228,284,0.37798,2.50000,1
657,284,279,0.37798,2.50000,1
658,230,285,0.37798,2.50000,2
659,285,281,0.37798,2.50000,2
660,282,271,0.37798,3.53553,1
661,282,280,0.37798,3.53553,1
662,271,283,0.37798,3.53553,1
663,280,283,0.37798,3.53553,1
664,284,229,0.37798,3.53553,1
665,284,280,0.37798,3.53553,1
666,229,285,0.37798,3.53553,1
667,280,285,0.37798,3.53553,1
668,282,286,0.37798,2.50000,1
669,286,283,0.37798,2.50000,1
670,284,287,0.37798,2.50000,1
671,287,285,0.37798,2.50000,1
672,8,288,0.37798,2.50000,1
673,9,289,0.37798,2.50000,2
674,10,290,0.37798,2.50000,2
675,11,291,0.37798,2.50000,4
676,288,292,0.37798,2.50000,1
677,289,293,0.37798,2.50000,2
678,290,294,0.37798,2.50000,2
679,291,295,0.37798,2.50000,4
680,292,296,0.37798,2.50000,2
681,293,297,0.37798,2.50000,4
682,296,294,0.37798,2.50000,2
683,297,295,0.37798,2.50000,4
684,292,298,0.37798,2.50000,2
685,298,293,0.37798,2.50000,2
686,294,299,0.37798,2.50000,4
687,299,295,0.37798,2.50000,4
688,14,288,0.37798,3.53553,1
689,15,289,0.37798,3.53553,2
690,14,290,0.37798,3.53553,1
691,15,291,0.37798,3.53553,2
692,288,296,0.37798,3.53553,1
693,289,297,0.37798,3.53553,2
694,290,296,0.37798,3.53553,1
695,291,297,0.37798,3.53553,2
696,18,288,0.37798,3.53553,1
697,18,289,0.37798,3.53553,1
698,19,290,0.37798,3.53553,2
699,19,291,0.37798,3.53553,2
700,288,298,0.37798,3.53553,1
701,289,298,0.37798,3.53553,1
702,290,299,0.37798,3.53553,2
703,291,299,0.37798,3.53553,2
704,14,300,0.37798,2.50000,1
705,15,301,0.37798,2.50000,2
706,300,296,0.37798,2.50000,1
707,301,297,0.37798,2.50000,2
708,18,302,0.37798,2.50000,1
709,19,303,0.37798,2.50000,2
710,302,298,0.37798,2.50000,1
711,303,299,0.37798,2.50000,2
712,28,304,0.37798,2.50000,2
713,29,305,0.37798,2.50000,4
714,304,306,0.37798,2.50000,2
715,305,307,0.37798,2.50000,4
716,294,308,0.37798,2.50000,2
717,295,309,0.37798,2.50000,4
718,308,306,0.37798,2.50000,2
719,309,307,0.37798,2.50000,4
720,306,310,0.37798,2.50000,4
721,310,307,0.37798,2.50000,4
722,32,290,0.37798,3.53553,1
723,33,291,0.37798,3.53553,2
724,32,304,0.37798,3.53553,1
725,33,305,0.37798,3.53553,2
726,290,308,0.37798,3.53553,1
727,291,309,0.37798,3.53553,2
728,304,308,0.37798,3.53553,1
729,305,309,0.37798,3.53553,2
730,35,304,0.37798,3.53553,2
731,35,305,0.37798,3.53553,2
732,304,310,0.37798,3.53553,2
733,305,310,0.37798,3.53553,2
734,32,311,0.37798,2.50000,1
735,33,312,0.37798,2.50000,2
736,311,308,0.37798,2.50000,1
737,312,309,0.37798,2.50000,2
738,35,313,0.37798,2.50000,2
739,313,310,0.37798,2.50000,2
740,43,314,0.37798,2.50000,2
741,44,315,0.37798,2.50000,4
742,314,316,0.37798,2.50000,2
743,315,317,0.37798,2.50000,4
744,306,318,0.37798,2.50000,2
745,307,319,0.37798,2.50000,4
746,318,316,0.37798,2.50000,2
747,319,317,0.37798,2.50000,4
748,316,320,0.37798,2.50000,4
749,320,317,0.37798,2.50000,4
750,47,304,0.37798,3.53553,1
751,48,305,0.37798,3.53553,2
752,47,314,0.37798,3.53553,1
753,48,315,0.37798,3.53553,2
754,304,318,0.37798,3.53553,1
755,305,319,0.37798,3.53553,2
756,314,318,0.37798,3.53553,1
757,315,319,0.37798,3.53553,2
758,50,314,0.37798,3.53553,2
759,50,315,0.37798,3.53553,2
760,314,320,0.37798,3.53553,2
761,315,320,0.37798,3.53553,2
762,47,321,0.37798,2.50000,1
763,48,322,0.37798,2.50000,2
764,321,318,0.37798,2.50000,1
765,322,319,0.37798,2.50000,2
766,50,323,0.37798,2.50000,2
767,323,320,0.37798,2.50000,2
768,58,324,0.37798,2.50000,2
769,59,325,0.37798,2.50000,4
770,324,326,0.37798,2.50000,2
771,325,327,0.37798,2.50000,4
772,316,328,0.37798,2.50000,2
773,317,329,0.37798,2.50000,4
774,328,326,0.37798,2.50000,2
775,329,327,0.37798,2.50000,4
776,326,330,0.37798,2.50000,4
777,330,327,0.37798,2.50000,4
778,62,314,0.37798,3.53553,1
779,63,315,0.37798,3.53553,2
780,62,324,0.37798,3.53553,1
781,63,325,0.37798,3.53553,2
782,314,328,0.37798,3.53553,1
783,315,329,0.37798,3.53553,2
784,324,328,0.37798,3.53553,1
785,325,329,0.37798,3.53553,2
786,65,324,0.37798,3.53553,2
787,65,325,0.37798,3.53553,2
788,324,330,0.37798,3.53553,2
789,325,330,0.37798,3.53553,2
790,62,331,0.37798,2.50000,1
791,63,332,0.37798,2.50000,2
792,331,328,0.37798,2.50000,1
793,332,329,0.37798,2.50000,2
794,65,333,0.37798,2.50000,2
795,333,330,0.37798,2.50000,2
796,73,334,0.37798,2.50000,1
797,74,335,0.37798,2.50000,2
798,334,336,0.37798,2.50000,1
799,335,337,0.37798,2.50000,2
800,326,338,0.37798,2.50000,2
801,327,339,0.37798,2.50000,4
802,338,336,0.37798,2.50000,2
803,339,337,0.37798,2.50000,4
804,336,340,0.37798,2.50000,2
805,340,337,0.37798,2.50000,2
806,77,324,0.37798,3.53553,1
807,78,325,0.37798,3.53553,2
808,77,334,0.37798,3.53553,1
809,78,335,0.37798,3.53553,2
810,324,338,0.37798,3.53553,1
811,325,339,0.37798,3.53553,2
812,334,338,0.37798,3.53553,1
813,335,339,0.37798,3.53553,2
814,80,334,0.37798,3.53553,1
815,80,335,0.37798,3.53553,1
816,334,340,0.37798,3.53553,1
817,335,340,0.37798,3.53553,1
818,77,341,0.37798,2.50000,1
819,78,342,0.37798,2.50000,2
820,341,338,0.37798,2.50000,1
821,342,339,0.37798,2.50000,2
822,80,343,0.37798,2.50000,1
823,343,340,0.37798,2.50000,1
824,88,344,0.37798,2.50000,2
825,89,345,0.37798,2.50000,4
826,344,346,0.37798,2.50000,2
827,345,347,0.37798,2.50000,4
828,346,348,0.37798,2.50000,4
829,348,347,0.37798,2.50000,4
830,293,349,0.37798,2.50000,2
831,349,346,0.37798,2.50000,2
832,295,350,0.37798,2.50000,4
833,350,347,0.37798,2.50000,4
834,91,344,0.37798,3.53553,2
835,91,345,0.37798,3.53553,2
836,344,348,0.37798,3.53553,2
837,345,348,0.37798,3.53553,2
838,94,289,0.37798,3.53553,1
839,94,344,0.37798,3.53553,1
840,95,291,0.37798,3.53553,2
841,95,345,0.37798,3.53553,2
842,289,349,0.37798,3.53553,1
843,344,349,0.37798,3.53553,1
844,291,350,0.37798,3.53553,2
845,345,350,0.37798,3.53553,2
846,91,351,0.37798,2.50000,2
847,351,348,0.37798,2.50000,2
848,94,352,0.37798,2.50000,1
849,95,353,0.37798,2.50000,2
850,352,349,0.37798,2.50000,1
851,353,350,0.37798,2.50000,2
852,101,354,0.37798,2.50000,4
853,354,355,0.37798,2.50000,4
854,347,356,0.37798,2.50000,4
855,356,355,0.37798,2.50000,4
856,307,357,0.37798,2.50000,4
857,357,355,0.37798,2.50000,4
858,103,345,0.37798,3.53553,2
859,103,354,0.37798,3.53553,2
860,345,356,0.37798,3.53553,2
861,354,356,0.37798,3.53553,2
862,105,305,0.37798,3.53553,2
863,105,354,0.37798,3.53553,2
864,305,357,0.37798,3.53553,2
865,354,357,0.37798,3.53553,2
866,103,358,0.37798,2.50000,2
867,358,356,0.37798,2.50000,2
868,105,359,0.37798,2.50000,2
869,359,357,0.37798,2.50000,2
870,110,360,0.37798,2.50000,4
871,360,361,0.37798,2.50000,4
872,355,362,0.37798,2.50000,4
873,362,361,0.37798,2.50000,4
874,317,363,0.37798,2.50000,4
875,363,361,0.37798,2.50000,4
876,112,354,0.37798,3.53553,2
877,112,360,0.37798,3.53553,2
878,354,362,0.37798,3.53553,2
879,360,362,0.37798,3.53553,2
880,114,315,0.37798,3.53553,2
881,114,360,0.37798,3.53553,2
882,315,363,0.37798,3.53553,2
883,360,363,0.37798,3.53553,2
884,112,364,0.37798,2.50000,2
885,364,362,0.37798,2.50000,2
886,114,365,0.37798,2.50000,2
887,365,363,0.37798,2.50000,2
888,119,366,0.37798,2.50000,4
889,366,367,0.37798,2.50000,4
890,361,368,0.37798,2.50000,4
891,368,367,0.37798,2.50000,4
892,327,369,0.37798,2.50000,4
893,369,367,0.37798,2.50000,4
894,121,360,0.37798,3.53553,2
895,121,366,0.37798,3.53553,2
896,360,368,0.37798,3.53553,2
897,366,368,0.37798,3.53553,2
898,123,325,0.37798,3.53553,2
899,123,366,0.37798,3.53553,2
900,325,369,0.37798,3.53553,2
901,366,369,0.37798,3.53553,2
902,121,370,0.37798,2.50000,2
903,370,368,0.37798,2.50000,2
904,123,371,0.37798,2.50000,2
905,371,369,0.37798,2.50000,2
906,128,372,0.37798,2.50000,2
907,372,373,0.37798,2.50000,2
908,367,374,0.37798,2.50000,4
909,374,373,0.37798,2.50000,4
910,337,375,0.37798,2.50000,2
911,375,373,0.37798,2.50000,2
912,130,366,0.37798,3.53553,2
913,130,372,0.37798,3.53553,2
914,366,374,0.37798,3.53553,2
915,372,374,0.37798,3.53553,2
916,132,335,0.37798,3.53553,1
917,132,372,0.37798,3.53553,1
918,335,375,0.37798,3.53553,1
919,372,375,0.37798,3.53553,1
920,130,376,0.37798,2.50000,2
921,376,374,0.37798,2.50000,2
922,132,377,0.37798,2.50000,1
923,377,375,0.37798,2.50000,1
924,139,378,0.37798,2.50000,2
925,140,379,0.37798,2.50000,4
926,378,380,0.37798,2.50000,2
927,379,381,0.37798,2.50000,4
928,380,382,0.37798,2.50000,4
929,382,381,0.37798,2.50000,4
930,346,383,0.37798,2.50000,2
931,383,380,0.37798,2.50000,2
932,347,384,0.37798,2.50000,4
933,384,381,0.37798,2.50000,4
934,142,378,0.37798,3.53553,2
935,142,379,0.37798,3.53553,2
936,378,382,0.37798,3.53553,2
937,379,382,0.37798,3.53553,2
938,145,344,0.37798,3.53553,1
939,145,378,0.37798,3.53553,1
940,146,345,0.37798,3.53553,2
941,146,379,0.37798,3.53553,2
942,344,383,0.37798,3.53553,1
943,378,383,0.37798,3.53553,1
944,345,384,0.37798,3.53553,2
945,379,384,0.37798,3.53553,2
946,142,385,0.37798,2.50000,2
947,385,382,0.37798,2.50000,2
948,145,386,0.37798,2.50000,1
949,146,387,0.37798,2.50000,2
950,386,383,0.37798,2.50000,1
951,387,384,0.37798,2.50000,2
952,152,388,0.37798,2.50000,4
953,388,389,0.37798,2.50000,4
954,381,390,0.37798,2.50000,4
955,390,389,0.37798,2.50000,4
956,355,391,0.37798,2.50000,4
957,391,389,0.37798,2.50000,4
958,154,379,0.37798,3.53553,2
959,154,388,0.37798,3.53553,2
960,379,390,0.37798,3.53553,2
961,388,390,0.37798,3.53553,2
962,156,354,0.37798,3.53553,2
963,156,388,0.37798,3.53553,2
964,354,391,0.37798,3.53553,2
965,388,391,0.37798,3.53553,2
966,154,392,0.37798,2.50000,2
967,392,390,0.37798,2.50000,2
968,156,393,0.37798,2.50000,2
969,393,391,0.37798,2.50000,2
970,161,394,0.37798,2.50000,4
971,394,395,0.37798,2.50000,4
972,389,396,0.37798,2.50000,4
973,396,395,0.37798,2.50000,4
974,361,397,0.37798,2.50000,4
975,397,395,0.37798,2.50000,4
976,163,388,0.37798,3.53553,2
977,163,394,0.37798,3.53553,2
978,388,396,0.37798,3.53553,2
979,394,396,0.37798,3.53553,2
980,165,360,0.37798,3.53553,2
981,165,394,0.37798,3.53553,2
982,360,397,0.37798,3.53553,2
983,394,397,0.37798,3.53553,2
984,163,398,0.37798,2.50000,2
985,398,396,0.37798,2.50000,2
986,165,399,0.37798,2.50000,2
987,399,397,0.37798,2.50000,2
988,170,400,0.37798,2.50000,4
989,400,401,0.37798,2.50000,4
990,395,402,0.37798,2.50000,4
991,402,401,0.37798,2.50000,4
992,367,403,0.37798,2.50000,4
993,403,401,0.37798,2.50000,4
994,172,394,0.37798,3.53553,2
995,172,400,0.37798,3.53553,2
996,394,402,0.37798,3.53553,2
997,400,402,0.37798,3.53553,2
998,174,366,0.37798,3.53553,2
999,174,400,0.37798,3.53553,2
1000,366,403,0.37798,3.53553,2
1001,400,403,0.37798,3.53553,2
1002,172,404,0.37798,2.50000,2
1003,404,402,0.37798,2.50000,2
1004,174,405,0.37798,2.50000,2
1005,405,403,0.37798,2.50000,2
1006,179,406,0.37798,2.50000,2
1007,406,407,0.37798,2.50000,2
1008,401,408,0.37798,2.50000,4
1009,408,407,0.37798,2.50000,4
1010,373,409,0.37798,2.50000,2
1011,409,407,0.37798,2.50000,2
1012,181,400,0.37798,3.53553,2
1013,181,406,0.37798,3.53553,2
1014,400,408,0.37798,3.53553,2
1015,406,408,0.37798,3.53553,2
1016,183,372,0.37798,3.53553,1
1017,183,406,0.37798,3.53553,1
1018,372,409,0.37798,3.53553,1
1019,406,409,0.37798,3.53553,1
1020,181,410,0.37798,2.50000,2
1021,410,408,0.37798,2.50000,2
1022,183,411,0.37798,2.50000,1
1023,411,409,0.37798,2.50000,1
1024,190,412,0.37798,2.50000,2
1025,191,413,0.37798,2.50000,4
1026,412,414,0.37798,2.50000,2
1027,413,415,0.37798,2.50000,4
1028,414,416,0.37798,2.50000,4
1029,416,415,0.37798,2.50000,4
1030,380,417,0.37798,2.50000,2
1031,417,414,0.37798,2.50000,2
1032,381,418,0.37798,2.50000,4
1033,418,415,0.37798,2.50000,4
1034,193,412,0.37798,3.53553,2
1035,193,413,0.37798,3.53553,2
1036,412,416,0.37798,3.53553,2
1037,413,416,0.37798,3.53553,2
1038,196,378,0.37798,3.53553,1
1039,196,412,0.37798,3.53553,1
1040,197,379,0.37798,3.53553,2
1041,197,413,0.37798,3.53553,2
1042,378,417,0.37798,3.53553,1
1043,412,417,0.37798,3.53553,1
1044,379,418,0.37798,3.53553,2
1045,413,418,0.37798,3.53553,2
1046,193,419,0.37798,2.50000,2
1047,419,416,0.37798,2.50000,2
1048,196,420,0.37798,2.50000,1
1049,197,421,0.37798,2.50000,2
1050,420,417,0.37798,2.50000,1
1051,421,418,0.37798,2.50000,2
1052,203,422,0.37798,2.50000,4
1053,422,423,0.37798,2.50000,4
1054,415,424,0.37798,2.50000,4
1055,424,423,0.37798,2.50000,4
1056,389,425,0.37798,2.50000,4
1057,425,423,0.37798,2.50000,4
1058,205,413,0.37798,3.53553,2
1059,205,422,0.37798,3.53553,2
1060,413,424,0.37798,3.53553,2
1061,422,424,0.37798,3.53553,2
1062,207,388,0.37798,3.53553,2
1063,207,422,0.37798,3.53553,2
1064,388,425,0.37798,3.53553,2
1065,422,425,0.37798,3.53553,2
1066,205,426,0.37798,2.50000,2
1067,426,424,0.37798,2.50000,2
1068,207,427,0.37798,2.50000,2
1069,427,425,0.37798,2.50000,2
1070,212,428,0.37798,2.50000,4
1071,428,429,0.37798,2.50000,4
1072,423,430,0.37798,2.50000,4
1073,430,429,0.37798,2.50000,4
1074,395,431,0.37798,2.50000,4
1075,431,429,0.37798,2.50000,4
1076,214,422,0.37798,3.53553,2
1077,214,428,0.37798,3.53553,2
1078,422,430,0.37798,3.53553,2
1079,428,430,0.37798,3.53553,2
1080,216,394,0.37798,3.53553,2
1081,216,428,0.37798,3.53553,2
1082,394,431,0.37798,3.53553,2
1083,428,431,0.37798,3.53553,2
1084,214,432,0.37798,2.50000,2
1085,432,430,0.37798,2.50000,2
1086,216,433,0.37798,2.50000,2
1087,433,431,0.37798,2.50000,2
1088,221,434,0.37798,2.50000,4
1089,434,435,0.37798,2.50000,4
1090,429,436,0.37798,2.50000,4
1091,436,435,0.37798,2.50000,4
1092,401,437,0.37798,2.50000,4
1093,437,435,0.37798,2.50000,4
1094,223,428,0.37798,3.53553,2
1095,223,434,0.37798,3.53553,2
1096,428,436,0.37798,3.53553,2
1097,434,436,0.37798,3.53553,2
1098,225,400,0.37798,3.53553,2
1099,225,434,0.37798,3.53553,2
1100,400,437,0.37798,3.53553,2
1101,434,437,0.37798,3.53553,2
1102,223,438,0.37798,2.50000,2
1103,438,436,0.37798,2.50000,2
1104,225,439,0.37798,2.50000,2
1105,439,437,0.37798,2.50000,2
1106,230,440,0.37798,2.50000,2
1107,440,441,0.37798,2.50000,2
1108,435,442,0.37798,2.50000,4
1109,442,441,0.37798,2.50000,4
1110,407,443,0.37798,2.50000,2
1111,443,441,0.37798,2.50000,2
1112,232,434,0.37798,3.53553,2
1113,232,440,0.37798,3.53553,2
1114,434,442,0.37798,3.53553,2
1115,440,442,0.37798,3.53553,2
1116,234,406,0.37798,3.53553,1
1117,234,440,0.37798,3.53553,1
1118,406,443,0.37798,3.53553,1
1119,440,443,0.37798,3.53553,1
1120,232,444,0.37798,2.50000,2
1121,444,442,0.37798,2.50000,2
1122,234,445,0.37798,2.50000,1
1123,445,443,0.37798,2.50000,1
1124,241,446,0.37798,2.50000,1
1125,242,447,0.37798,2.50000,2
1126,446,448,0.37798,2.50000,1
1127,447,449,0.37798,2.50000,2
1128,448,450,0.37798,2.50000,2
1129,450,449,0.37798,2.50000,2
1130,414,451,0.37798,2.50000,2
1131,451,448,0.37798,2.50000,2
1132,415,452,0.37798,2.50000,4
1133,452,449,0.37798,2.50000,4
1134,244,446,0.37798,3.53553,1
1135,244,447,0.37798,3.53553,1
1136,446,450,0.37798,3.53553,1
1137,447,450,0.37798,3.53553,1
1138,247,412,0.37798,3.53553,1
1139,247,446,0.37798,3.53553,1
1140,248,413,0.37798,3.53553,2
1141,248,447,0.37798,3.53553,2
1142,412,451,0.37798,3.53553,1
1143,446,451,0.37798,3.53553,1
1144,413,452,0.37798,3.53553,2
1145,447,452,0.37798,3.53553,2
1146,244,453,0.37798,2.50000,1
1147,453,450,0.37798,2.50000,1
1148,247,454,0.37798,2.50000,1
1149,248,455,0.37798,2.50000,2
1150,454,451,0.37798,2.50000,1
1151,455,452,0.37798,2.50000,2
1152,254,456,0.37798,2.50000,2
1153,456,457,0.37798,2.50000,2
1154,449,458,0.37798,2.50000,2
1155,458,457,0.37798,2.50000,2
1156,423,459,0.37798,2.50000,4
1157,459,457,0.37798,2.50000,4
1158,256,447,0.37798,3.53553,1
1159,256,456,0.37798,3.53553,1
1160,447,458,0.37798,3.53553,1
1161,456,458,0.37798,3.53553,1
1162,258,422,0.37798,3.53553,2
1163,258,456,0.37798,3.53553,2
1164,422,459,0.37798,3.53553,2
1165,456,459,0.37798,3.53553,2
1166,256,460,0.37798,2.50000,1
1167,460,458,0.37798,2.50000,1
1168,258,461,0.37798,2.50000,2
1169,461,459,0.37798,2.50000,2
1170,263,462,0.37798,2.50000,2
1171,462,463,0.37798,2.50000,2
1172,457,464,0.37798,2.50000,2
1173,464,463,0.37798,2.50000,2
1174,429,465,0.37798,2.50000,4
1175,465,463,0.37798,2.50000,4
1176,265,456,0.37798,3.53553,1
1177,265,462,0.37798,3.53553,1
1178,456,464,0.37798,3.53553,1
1179,462,464,0.37798,3.53553,1
1180,267,428,0.37798,3.53553,2
1181,267,462,0.37798,3.53553,2
1182,428,465,0.37798,3.53553,2
1183,462,465,0.37798,3.53553,2
1184,265,466,0.37798,2.50000,1
1185,466,464,0.37798,2.50000,1
1186,267,467,0.37798,2.50000,2
1187,467,465,0.37798,2.50000,2
1188,272,468,0.37798,2.50000,2
1189,468,469,0.37798,2.50000,2
1190,463,470,0.37798,2.50000,2
1191,470,469,0.37798,2.50000,2
1192,435,471,0.37798,2.50000,4
1193,471,469,0.37798,2.50000,4
1194,274,462,0.37798,3.53553,1
1195,274,468,0.37798,3.53553,1
1196,462,470,0.37798,3.53553,1
1197,468,470,0.37798,3.53553,1
1198,276,434,0.37798,3.53553,2
1199,276,468,0.37798,3.53553,2
1200,434,471,0.37798,3.53553,2
1201,468,471,0.37798,3.53553,2
1202,274,472,0.37798,2.50000,1
1203,472,470,0.37798,2.50000,1
1204,276,473,0.37798,2.50000,2
1205,473,471,0.37798,2.50000,2
1206,281,474,0.37798,2.50000,1
1207,474,475,0.37798,2.50000,1
1208,469,476,0.37798,2.50000,2
1209,476,475,0.37798,2.50000,2
1210,441,477,0.37798,2.50000,2
1211,477,475,0.37798,2.50000,2
1212,283,468,0.37798,3.53553,1
1213,283,474,0.37798,3.53553,1
1214,468,476,0.37798,3.53553,1
1215,474,476,0.37798,3.53553,1
1216,285,440,0.37798,3.53553,1
1217,285,474,0.37798,3.53553,1
1218,440,477,0.37798,3.53553,1
1219,474,477,0.37798,3.53553,1
1220,283,478,0.37798,2.50000,1
1221,478,476,0.37798,2.50000,1
1222,285,479,0.37798,2.50000,1
1223,479,477,0.37798,2.50000,1
1224,292,480,0.37798,2.50000,1
1225,293,481,0.37798,2.50000,2
1226,294,482,0.37798,2.50000,2
1227,295,483,0.37798,2.50000,4
1228,480,484,0.37798,2.50000,1
1229,481,485,0.37798,2.50000,2
1230,482,486,0.37798,2.50000,2
1231,483,487,0.37798,2.50000,4
1232,484,488,0.37798,2.50000,2
1233,485,489,0.37798,2.50000,4
1234,488,486,0.37798,2.50000,2
1235,489,487,0.37798,2.50000,4
1236,484,490,0.37798,2.50000,2
1237,490,485,0.37798,2.50000,2
1238,486,491,0.37798,2.50000,4
1239,491,487,0.37798,2.50000,4
1240,296,480,0.37798,3.53553,1
1241,297,481,0.37798,3.53553,2
1242,296,482,0.37798,3.53553,1
1243,297,483,0.37798,3.53553,2
1244,480,488,0.37798,3.53553,1
1245,481,489,0.37798,3.53553,2
1246,482,488,0.37798,3.53553,1
1247,483,489,0.37798,3.53553,2
1248,298,480,0.37798,3.53553,1
1249,298,481,0.37798,3.53553,1
1250,299,482,0.37798,3.53553,2
1251,299,483,0.37798,3.53553,2
1252,480,490,0.37798,3.53553,1
1253,481,490,0.37798,3.53553,1
1254,482,491,0.37798,3.53553,2
1255,483,491,0.37798,3.53553,2
1256,296,492,0.37798,2.50000,1
1257,297,493,0.37798,2.50000,2
1258,492,488,0.37798,2.50000,1
1259,493,489,0.37798,2.50000,2
1260,298,494,0.37798,2.50000,1
1261,299,495,0.37798,2.50000,2
1262,494,490,0.37798,2.50000,1
1263,495,491,0.37798,2.50000,2
1264,306,496,0.37798,2.50000,2
1265,307,497,0.37798,2.50000,4
1266,496,498,0.37798,2.50000,2
1267,497,499,0.37798,2.50000,4
1268,486,500,0.37798,2.50000,2
1269,487,501,0.37798,2.50000,4
1270,500,498,0.37798,2.50000,2
1271,501,499,0.37798,2.50000,4
1272,498,502,0.37798,2.50000,4
1273,502,499,0.37798,2.50000,4
1274,308,482,0.37798,3.53553,1
1275,309,483,0.37798,3.53553,2
1276,308,496,0.37798,3.53553,1
1277,309,497,0.37798,3.53553,2
1278,482,500,0.37798,3.53553,1
1279,483,501,0.37798,3.53553,2
1280,496,500,0.37798,3.53553,1
1281,497,501,0.37798,3.53553,2
1282,310,496,0.37798,3.53553,2
1283,310,497,0.37798,3.53553,2
1284,496,502,0.37798,3.53553,2
1285,497,502,0.37798,3.53553,2
1286,308,503,0.37798,2.50000,1
1287,309,504,0.37798,2.50000,2
1288,503,500,0.37798,2.50000,1
1289,504,501,0.37798,2.50000,2
1290,310,505,0.37798,2.50000,2
1291,505,502,0.37798,2.50000,2
1292,316,506,0.37798,2.50000,2
1293,317,507,0.37798,2.50000,4
1294,506,508,0.37798,2.50000,2
1295,507,509,0.37798,2.50000,4
1296,498,510,0.37798,2.50000,2
1297,499,511,0.37798,2.50000,4
1298,510,508,0.37798,2.50000,2
1299,511,509,0.37798,2.50000,4
1300,508,512,0.37798,2.50000,4
1301,512,509,0.37798,2.50000,4
1302,318,496,0.37798,3.53553,1
1303,319,497,0.37798,3.53553,2
1304,318,506,0.37798,3.53553,1
1305,319,507,0.37798,3.53553,2
1306,496,510,0.37798,3.53553,1
1307,497,511,0.37798,3.53553,2
1308,506,510,0.37798,3.53553,1
1309,507,511,0.37798,3.53553,2
1310,320,506,0.37798,3.53553,2
1311,320,507,0.37798,3.53553,2
1312,506,512,0.37798,3.53553,2
1313,507,512,0.37798,3.53553,2
1314,318,513,0.37798,2.50000,1
1315,319,514,0.37798,2.50000,2
1316,513,510,0.37798,2.50000,1
1317,514,511,0.37798,2.50000,2
1318,320,515,0.37798,2.50000,2
1319,515,512,0.37798,2.50000,2
1320,326,516,0.37798,2.50000,2
1321,327,517,0.37798,2.50000,4
1322,516,518,0.37798,2.50000,2
1323,517,519,0.37798,2.50000,4
1324,508,520,0.37798,2.50000,2
1325,509,521,0.37798,2.50000,4
1326,520,518,0.37798,2.50000,2
1327,521,519,0.37798,2.50000,4
1328,518,522,0.37798,2.50000,4
1329,522,519,0.37798,2.50000,4
1330,328,506,0.37798,3.53553,1
1331,329,507,0.37798,3.53553,2
1332,328,516,0.37798,3.53553,1
1333,329,517,0.37798,3.53553,2
1334,506,520,0.37798,3.53553,1
1335,507,521,0.37798,3.53553,2
1336,516,520,0.37798,3.53553,1
1337,517,521,0.37798,3.53553,2
1338,330,516,0.37798,3.53553,2
1339,330,517,0.37798,3.53553,2
1340,516,522,0.37798,3.53553,2
1341,517,522,0.37798,3.53553,2
1342,328,523,0.37798,2.50000,1
1343,329,524,0.37798,2.50000,2
1344,523,520,0.37798,2.50000,1
1345,524,521,0.37798,2.50000,2
1346,330,525,0.37798,2.50000,2
1347,525,522,0.37798,2.50000,2
1348,336,526,0.37798,2.50000,1
1349,337,527,0.37798,2.50000,2
1350,526,528,0.37798,2.50000,1
1351,527,529,0.37798,2.50000,2
1352,518,530,0.37798,2.50000,2
1353,519,531,0.37798,2.50000,4
1354,530,528,0.37798,2.50000,2
1355,531,529,0.37798,2.50000,4
1356,528,532,0.37798,2.50000,2
1357,532,529,0.37798,2.50000,2
1358,338,516,0.37798,3.53553,1
1359,339,517,0.37798,3.53553,2
1360,338,526,0.37798,3.53553,1
1361,339,527,0.37798,3.53553,2
1362,516,530,0.37798,3.53553,1
1363,517,531,0.37798,3.53553,2
1364,526,530,0.37798,3.53553,1
1365,527,531,0.37798,3.53553,2
1366,340,526,0.37798,3.53553,1
1367,340,527,0.37798,3.53553,1
1368,526,532,0.37798,3.53553,1
1369,527,532,0.37798,3.53553,1
1370,338,533,0.37798,2.50000,1
1371,339,534,0.37798,2.50000,2
1372,533,530,0.37798,2.50000,1
1373,534,531,0.37798,2.50000,2
1374,340,535,0.37798,2.50000,1
1375,535,532,0.37798,2.50000,1
1376,346,536,0.37798,2.50000,2
1377,347,537,0.37798,2.50000,4
1378,536,538,0.37798,2.50000,2
1379,537,539,0.37798,2.50000,4
1380,538,540,0.37798,2.50000,4
1381,540,539,0.37798,2.50000,4
1382,485,541,0.37798,2.50000,2
1383,541,538,0.37798,2.50000,2
1384,487,542,0.37798,2.50000,4
1385,542,539,0.37798,2.50000,4
1386,348,536,0.37798,3.53553,2
1387,348,537,0.37798,3.53553,2
1388,536,540,0.37798,3.53553,2
1389,537,540,0.37798,3.53553,2
1390,349,481,0.37798,3.53553,1
1391,349,536,0.37798,3.53553,1
1392,350,483,0.37798,3.53553,2
1393,350,537,0.37798,3.53553,2
1394,481,541,0.37798,3.53553,1
1395,536,541,0.37798,3.53553,1
1396,483,542,0.37798,3.53553,2
1397,537,542,0.37798,3.53553,2
1398,348,543,0.37798,2.50000,2
1399,543,540,0.37798,2.50000,2
1400,349,544,0.37798,2.50000,1
1401,350,545,0.37798,2.50000,2
1402,544,541,0.37798,2.50000,1
1403,545,542,0.37798,2.50000,2
1404,355,546,0.37798,2.50000,4
1405,546,547,0.37798,2.50000,4
1406,539,548,0.37798,2.50000,4
1407,548,547,0.37798,2.50000,4
1408,499,549,0.37798,2.50000,4
1409,549,547,0.37798,2.50000,4
1410,356,537,0.37798,3.53553,2
1411,356,546,0.37798,3.53553,2
1412,537,548,0.37798,3.53553,2
1413,546,548,0.37798,3.53553,2
1414,357,497,0.37798,3.53553,2
1415,357,546,0.37798,3.53553,2
1416,497,549,0.37798,3.53553,2
1417,546,549,0.37798,3.53553,2
1418,356,550,0.37798,2.50000,2
1419,550,548,0.37798,2.50000,2
1420,357,551,0.37798,2.50000,2
1421,551,549,0.37798,2.50000,2
1422,361,552,0.37798,2.50000,4
1423,552,553,0.37798,2.50000,4
1424,547,554,0.37798,2.50000,4
1425,554,553,0.37798,2.50000,4
1426,509,555,0.37798,2.50000,4
1427,555,553,0.37798,2.50000,4
1428,362,546,0.37798,3.53553,2
1429,362,552,0.37798,3.53553,2
1430,546,554,0.37798,3.53553,2
1431,552,554,0.37798,3.53553,2
1432,363,507,0.37798,3.53553,2
1433,363,552,0.37798,3.53553,2
1434,507,555,0.37798,3.53553,2
1435,552,555,0.37798,3.53553,2
1436,362,556,0.37798,2.50000,2
1437,556,554,0.37798,2.50000,2
1438,363,557,0.37798,2.50000,2
1439,557,555,0.37798,2.50000,2
1440,367,558,0.37798,2.50000,4
1441,558,559,0.37798,2.50000,4
1442,553,560,0.37798,2.50000,4
1443,560,559,0.37798,2.50000,4
1444,519,561,0.37798,2.50000,4
1445,561,559,0.37798,2.50000,4
1446,368,552,0.37798,3.53553,2
1447,368,558,0.37798,3.53553,2
1448,552,560,0.37798,3.53553,2
1449,558,560,0.37798,3.53553,2
1450,369,517,0.37798,3.53553,2
1451,369,558,0.37798,3.53553,2
1452,517,561,0.37798,3.53553,2
1453,558,561,0.37798,3.53553,2
1454,368,562,0.37798,2.50000,2
1455,562,560,0.37798,2.50000,2
1456,369,563,0.37798,2.50000,2
1457,563,561,0.37798,2.50000,2
1458,373,564,0.37798,2.50000,2
1459,564,565,0.37798,2.50000,2
1460,559,566,0.37798,2.50000,4
1461,566,565,0.37798,2.50000,4
1462,529,567,0.37798,2.50000,2
1463,567,565,0.37798,2.50000,2
1464,374,558,0.37798,3.53553,2
1465,374,564,0.37798,3.53553,2
1466,558,566,0.37798,3.53553,2
1467,564,566,0.37798,3.53553,2
1468,375,527,0.37798,3.53553,1
1469,375,564,0.37798,3.53553,1
1470,527,567,0.37798,3.53553,1
1471,564,567,0.37798,3.53553,1
1472,374,568,0.37798,2.50000,2
1473,568,566,0.37798,2.50000,2
1474,375,569,0.37798,2.50000,1
1475,569,567,0.37798,2.50000,1
1476,380,570,0.37798,2.50000,2
1477,381,571,0.37798,2.50000,4
1478,570,572,0.37798,2.50000,2
1479,571,573,0.37798,2.50000,4
1480,572,574,0.37798,2.50000,4
1481,574,573,0.37798,2.50000,4
1482,538,575,0.37798,2.50000,2
1483,575,572,0.37798,2.50000,2
1484,539,576,0.37798,2.50000,4
1485,576,573,0.37798,2.50000,4
1486,382,570,0.37798,3.53553,2
1487,382,571,0.37798,3.53553,2
1488,570,574,0.37798,3.53553,2
1489,571,574,0.37798,3.53553,2
1490,383,536,0.37798,3.53553,1
1491,383,570,0.37798,3.53553,1
1492,384,537,0.37798,3.53553,2
1493,384,571,0.37798,3.53553,2
1494,536,575,0.37798,3.53553,1
1495,570,575,0.37798,3.53553,1
1496,537,576,0.37798,3.53553,2
1497,571,576,0.37798,3.53553,2
1498,382,577,0.37798,2.50000,2
1499,577,574,0.37798,2.50000,2
1500,383,578,0.37798,2.50000,1
1501,384,579,0.37798,2.50000,2
1502,578,575,0.37798,2.50000,1
1503,579,576,0.37798,2.50000,2
1504,389,580,0.37798,2.50000,4
1505,580,581,0.37798,2.50000,4
1506,573,582,0.37798,2.50000,4
1507,582,581,0.37798,2.50000,4
1508,547,583,0.37798,2.50000,4
1509,583,581,0.37798,2.50000,4
1510,390,571,0.37798,3.53553,2
1511,390,580,0.37798,3.53553,2
1512,571,582,0.37798,3.53553,2
1513,580,582,0.37798,3.53553,2
1514,391,546,0.37798,3.53553,2
1515,391,580,0.37798,3.53553,2
1516,546,583,0.37798,3.53553,2
1517,580,583,0.37798,3.53553,2
1518,390,584,0.37798,2.50000,2
1519,584,582,0.37798,2.50000,2
1520,391,585,0.37798,2.50000,2
1521,585,583,0.37798,2.50000,2
1522,395,586,0.37798,2.50000,4
1523,586,587,0.37798,2.50000,4
1524,581,588,0.37798,2.50000,4
1525,588,587,0.37798,2.50000,4
1526,553,589,0.37798,2.50000,4
1527,589,587,0.37798,2.50000,4
1528,396,580,0.37798,3.53553,2
1529,396,586,0.37798,3.53553,2
1530,580,588,0.37798,3.53553,2
1531,586,588,0.37798,3.53553,2
1532,397,552,0.37798,3.53553,2
1533,397,586,0.37798,3.53553,2
1534,552,589,0.37798,3.53553,2
1535,586,589,0.37798,3.53553,2
1536,396,590,0.37798,2.50000,2
1537,590,588,0.37798,2.50000,2
1538,397,591,0.37798,2.50000,2
1539,591,589,0.37798,2.50000,2
1540,401,592,0.37798,2.50000,4
1541,592,593,0.37798,2.50000,4
1542,587,594,0.37798,2.50000,4
1543,594,593,0.37798,2.50000,4
1544,559,595,0.37798,2.50000,4
1545,595,593,0.37798,2.50000,4
1546,402,586,0.37798,3.53553,2
1547,402,592,0.37798,3.53553,2
1548,586,594,0.37798,3.53553,2
1549,592,594,0.37798,3.53553,2
1550,403,558,0.37798,3.53553,2
1551,403,592,0.37798,3.53553,2
1552,558,595,0.37798,3.53553,2
1553,592,595,0.37798,3.53553,2
1554,402,596,0.37798,2.50000,2
1555,596,594,0.37798,2.50000,2
1556,403,597,0.37798,2.50000,2
1557,597,595,0.37798,2.50000,2
1558,407,598,0.37798,2.50000,2
1559,598,599,0.37798,2.50000,2
1560,593,600,0.37798,2.50000,4
1561,600,599,0.37798,2.50000,4
1562,565,601,0.37798,2.50000,2
1563,601,599,0.37798,2.50000,2
1564,408,592,0.37798,3.53553,2
1565,408,598,0.37798,3.53553,2
1566,592,600,0.37798,3.53553,2
1567,598,600,0.37798,3.53553,2
1568,409,564,0.37798,3.53553,1
1569,409,598,0.37798,3.53553,1
1570,564,601,0.37798,3.53553,1
1571,598,601,0.37798,3.53553,1
1572,408,602,0.37798,2.50000,2
1573,602,600,0.37798,2.50000,2
1574,409,603,0.37798,2.50000,1
1575,603,601,0.37798,2.50000,1
1576,414,604,0.37798,2.50000,2
1577,415,605,0.37798,2.50000,4
1578,604,606,0.37798,2.50000,2
1579,605,607,0.37798,2.50000,4
1580,606,608,0.37798,2.50000,4
1581,608,607,0.37798,2.50000,4
1582,572,609,0.37798,2.50000,2
1583,609,606,0.37798,2.50000,2
1584,573,610,0.37798,2.50000,4
1585,610,607,0.37798,2.50000,4
1586,416,604,0.37798,3.53553,2
1587,416,605,0.37798,3.53553,2
1588,604,608,0.37798,3.53553,2
1589,605,608,0.37798,3.53553,2
1590,417,570,0.37798,3.53553,1
1591,417,604,0.37798,3.53553,1
1592,418,571,0.37798,3.53553,2
1593,418,605,0.37798,3.53553,2
1594,570,609,0.37798,3.53553,1
1595,604,609,0.37798,3.53553,1
1596,571,610,0.37798,3.53553,2
1597,605,610,0.37798,3.53553,2
1598,416,611,0.37798,2.50000,2
1599,611,608,0.37798,2.50000,2
1600,417,612,0.37798,2.50000,1
1601,418,613,0.37798,2.50000,2
1602,612,609,0.37798,2.50000,1
1603,613,610,0.37798,2.50000,2
1604,423,614,0.37798,2.50000,4
1605,614,615,0.37798,2.50000,4
1606,607,616,0.37798,2.50000,4
1607,616,615,0.37798,2.50000,4
1608,581,617,0.37798,2.50000,4
1609,617,615,0.37798,2.50000,4
1610,424,605,0.37798,3.53553,2
1611,424,614,0.37798,3.53553,2
1612,605,616,0.37798,3.53553,2
1613,614,616,0.37798,3.53553,2
1614,425,580,0.37798,3.53553,2
1615,425,614,0.37798,3.53553,2
1616,580,617,0.37798,3.53553,2
1617,614,617,0.37798,3.53553,2
1618,424,618,0.37798,2.50000,2
1619,618,616,0.37798,2.50000,2
1620,425,619,0.37798,2.50000,2
1621,619,617,0.37798,2.50000,2
1622,429,620,0.37798,2.50000,4
1623,620,621,0.37798,2.50000,4
1624,615,622,0.37798,2.50000,4
1625,622,621,0.37798,2.50000,4
1626,587,623,0.37798,2.50000,4
1627,623,621,0.37798,2.50000,4
1628,430,614,0.37798,3.53553,2
1629,430,620,0.37798,3.53553,2
1630,614,622,0.37798,3.53553,2
1631,620,622,0.37798,3.53553,2
1632,431,586,0.37798,3.53553,2
1633,431,620,0.37798,3.53553,2
1634,586,623,0.37798,3.53553,2
1635,620,623,0.37798,3.53553,2
1636,430,624,0.37798,2.50000,2
1637,624,622,0.37798,2.50000,2
1638,431,625,0.37798,2.50000,2
1639,625,623,0.37798,2.50000,2
1640,435,626,0.37798,2.50000,4
1641,626,627,0.37798,2.50000,4
1642,621,628,0.37798,2.50000,4
1643,628,627,0.37798,2.50000,4
1644,593,629,0.37798,2.50000,4
1645,629,627,0.37798,2.50000,4
1646,436,620,0.37798,3.53553,2
1647,436,626,0.37798,3.53553,2
1648,620,628,0.37798,3.53553,2
1649,626,628,0.37798,3.53553,2
1650,437,592,0.37798,3.53553,2
1651,437,626,0.37798,3.53553,2
1652,592,629,0.37798,3.53553,2
1653,626,629,0.37798,3.53553,2
1654,436,630,0.37798,2.50000,2
1655,630,628,0.37798,2.50000,2
1656,437,631,0.37798,2.50000,2
1657,631,629,0.37798,2.50000,2
1658,441,632,0.37798,2.50000,2
1659,632,633,0.37798,2.50000,2
1660,627,634,0.37798,2.50000,4
1661,634,633,0.37798,2.50000,4
1662,599,635,0.37798,2.50000,2
1663,635,633,0.37798,2.50000,2
1664,442,626,0.37798,3.53553,2
1665,442,632,0.37798,3.53553,2
1666,626,634,0.37798,3.53553,2
1667,632,634,0.37798,3.53553,2
1668,443,598,0.37798,3.53553,1
1669,443,632,0.37798,3.53553,1
1670,598,635,0.37798,3.53553,1
1671,632,635,0.37798,3.53553,1
1672,442,636,0.37798,2.50000,2
1673,636,634,0.37798,2.50000,2
1674,443,637,0.37798,2.50000,1
1675,637,635,0.37798,2.50000,1
1676,448,638,0.37798,2.50000,1
1677,449,639,0.37798,2.50000,2
1678,638,640,0.37798,2.50000,1
1679,639,641,0.37798,2.50000,2
1680,640,642,0.37798,2.50000,2
1681,642,641,0.37798,2.50000,2
1682,606,643,0.37798,2.50000,2
1683,643,640,0.37798,2.50000,2
1684,607,644,0.37798,2.50000,4
1685,644,641,0.37798,2.50000,4
1686,450,638,0.37798,3.53553,1
1687,450,639,0.37798,3.53553,1
1688,638,642,0.37798,3.53553,1
1689,639,642,0.37798,3.53553,1
1690,451,604,0.37798,3.53553,1
1691,451,638,0.37798,3.53553,1
1692,452,605,0.37798,3.53553,2
1693,452,639,0.37798,3.53553,2
1694,604,643,0.37798,3.53553,1
1695,638,643,0.37798,3.53553,1
1696,605,644,0.37798,3.53553,2
1697,639,644,0.37798,3.53553,2
1698,450,645,0.37798,2.50000,1
1699,645,642,0.37798,2.50000,1
1700,451,646,0.37798,2.50000,1
1701,452,647,0.37798,2.50000,2
1702,646,643,0.37798,2.50000,1
1703,647,644,0.37798,2.50000,2
1704,457,648,0.37798,2.50000,2
1705,648,649,0.37798,2.50000,2
1706,641,650,0.37798,2.50000,2
1707,650,649,0.37798,2.50000,2
1708,615,651,0.37798,2.50000,4
1709,651,649,0.37798,2.50000,4
1710,458,639,0.37798,3.53553,1
1711,458,648,0.37798,3.53553,1
1712,639,650,0.37798,3.53553,1
1713,648,650,0.37798,3.53553,1
1714,459,614,0.37798,3.53553,2
1715,459,648,0.37798,3.53553,2
1716,614,651,0.37798,3.53553,2
1717,648,651,0.37798,3.53553,2
1718,458,652,0.37798,2.50000,1
1719,652,650,0.37798,2.50000,1
1720,459,653,0.37798,2.50000,2
1721,653,651,0.37798,2.50000,2
1722,463,654,0.37798,2.50000,2
1723,654,655,0.37798,2.50000,2
1724,649,656,0.37798,2.50000,2
1725,656,655,0.37798,2.50000,2
1726,621,657,0.37798,2.50000,4
1727,657,655,0.37798,2.50000,4
1728,464,648,0.37798,3.53553,1
1729,464,654,0.37798,3.53553,1
1730,648,656,0.37798,3.53553,1
1731,654,656,0.37798,3.53553,1
1732,465,620,0.37798,3.53553,2
1733,465,654,0.37798,3.53553,2
1734,620,657,0.37798,3.53553,2
1735,654,657,0.37798,3.53553,2
1736,464,658,0.37798,2.50000,1
1737,658,656,0.37798,2.50000,1
1738,465,659,0.37798,2.50000,2
1739,659,657,0.37798,2.50000,2
1740,469,660,0.37798,2.50000,2
1741,660,661,0.37798,2.50000,2
1742,655,662,0.37798,2.50000,2
1743,662,661,0.37798,2.50000,2
1744,627,663,0.37798,2.50000,4
1745,663,661,0.37798,2.50000,4
1746,470,654,0.37798,3.53553,1
1747,470,660,0.37798,3.53553,1
1748,654,662,0.37798,3.53553,1
1749,660,662,0.37798,3.53553,1
1750,471,626,0.37798,3.53553,2
1751,471,660,0.37798,3.53553,2
1752,626,663,0.37798,3.53553,2
1753,660,663,0.37798,3.53553,2
1754,470,664,0.37798,2.50000,1
1755,664,662,0.37798,2.50000,1
1756,471,665,0.37798,2.50000,2
1757,665,663,0.37798,2.50000,2
1758,475,666,0.37798,2.50000,1
1759,666,667,0.37798,2.50000,1
1760,661,668,0.37798,2.50000,2
1761,668,667,0.37798,2.50000,2
1762,633,669,0.37798,2.50000,2
1763,669,667,0.37798,2.50000,2
1764,476,660,0.37798,3.53553,1
1765,476,666,0.37798,3.53553,1
1766,660,668,0.37798,3.53553,1
1767,666,668,0.37798,3.53553,1
1768,477,632,0.37798,3.53553,1
1769,477,666,0.37798,3.53553,1
1770,632,669,0.37798,3.53553,1
1771,666,669,0.37798,3.53553,1
1772,476,670,0.37798,2.50000,1
1773,670,668,0.37798,2.50000,1
1774,477,671,0.37798,2.50000,1
1775,671,669,0.37798,2.50000,1
1776,484,672,0.37798,2.50000,1
1777,485,673,0.37798,2.50000,2
1778,486,674,0.37798,2.50000,2
1779,487,675,0.37798,2.50000,4
1780,672,676,0.37798,2.50000,1
1781,673,677,0.37798,2.50000,2
1782,674,678,0.37798,2.50000,2
1783,675,679,0.37798,2.50000,4
1784,676,680,0.37798,2.50000,2
1785,677,681,0.37798,2.50000,4
1786,680,678,0.37798,2.50000,2
1787,681,679,0.37798,2.50000,4
1788,676,682,0.37798,2.50000,2
1789,682,677,0.37798,2.50000,2
1790,678,683,0.37798,2.50000,4
1791,683,679,0.37798,2.50000,4
1792,488,672,0.37798,3.53553,1
1793,489,673,0.37798,3.53553,2
1794,488,674,0.37798,3.53553,1
1795,489,675,0.37798,3.53553,2
1796,672,680,0.37798,3.53553,1
1797,673,681,0.37798,3.53553,2
1798,674,680,0.37798,3.53553,1
1799,675,681,0.37798,3.53553,2
1800,490,672,0.37798,3.53553,1
1801,490,673,0.37798,3.53553,1
1802,491,674,0.37798,3.53553,2
1803,491,675,0.37798,3.53553,2
1804,672,682,0.37798,3.53553,1
1805,673,682,0.37798,3.53553,1
1806,674,683,0.37798,3.53553,2
1807,675,683,0.37798,3.53553,2
1808,488,684,0.37798,2.50000,1
1809,489,685,0.37798,2.50000,2
1810,684,680,0.37798,2.50000,1
1811,685,681,0.37798,2.50000,2
1812,490,686,0.37798,2.50000,1
1813,491,687,0.37798,2.50000,2
1814,686,682,0.37798,2.50000,1
1815,687,683,0.37798,2.50000,2
1816,498,688,0.37798,2.50000,2
1817,499,689,0.37798,2.50000,4
1818,688,690,0.37798,2.50000,2
1819,689,691,0.37798,2.50000,4
1820,678,692,0.37798,2.50000,2
1821,679,693,0.37798,2.50000,4
1822,692,690,0.37798,2.50000,2
1823,693,691,0.37798,2.50000,4
1824,690,694,0.37798,2.50000,4
1825,694,691,0.37798,2.50000,4
1826,500,674,0.37798,3.53553,1
1827,501,675,0.37798,3.53553,2
1828,500,688,0.37798,3.53553,1
1829,501,689,0.37798,3.53553,2
1830,674,692,0.37798,3.53553,1
1831,675,693,0.37798,3.53553,2
1832,688,692,0.37798,3.53553,1
1833,689,693,0.37798,3.53553,2
1834,502,688,0.37798,3.53553,2
1835,502,689,0.37798,3.53553,2
1836,688,694,0.37798,3.53553,2
1837,689,694,0.37798,3.53553,2
1838,500,695,0.37798,2.50000,1
1839,501,696,0.37798,2.50000,2
1840,695,692,0.37798,2.50000,1
1841,696,693,0.37798,2.50000,2
1842,502,697,0.37798,2.50000,2
1843,697,694,0.37798,2.50000,2
1844,508,698,0.37798,2.50000,2
1845,509,699,0.37798,2.50000,4
1846,698,700,0.37798,2.50000,2
1847,699,701,0.37798,2.50000,4
1848,690,702,0.37798,2.50000,2
1849,691,703,0.37798,2.50000,4
1850,702,700,0.37798,2.50000,2
1851,703,701,0.37798,2.50000,4
1852,700,704,0.37798,2.50000,4
1853,704,701,0.37798,2.50000,4
1854,510,688,0.37798,3.53553,1
1855,511,689,0.37798,3.53553,2
1856,510,698,0.37798,3.53553,1
1857,511,699,0.37798,3.53553,2
1858,688,702,0.37798,3.53553,1
1859,689,703,0.37798,3.53553,2
1860,698,702,0.37798,3.53553,1
1861,699,703,0.37798,3.53553,2
1862,512,698,0.37798,3.53553,2
1863,512,699,0.37798,3.53553,2
1864,698,704,0.37798,3.53553,2
1865,699,704,0.37798,3.53553,2
1866,510,705,0.37798,2.50000,1
1867,511,706,0.37798,2.50000,2
1868,705,702,0.37798,2.50000,1
1869,706,703,0.37798,2.50000,2
1870,512,707,0.37798,2.50000,2
1871,707,704,0.37798,2.50000,2
1872,518,708,0.37798,2.50000,2
1873,519,709,0.37798,2.50000,4
1874,708,710,0.37798,2.50000,2
1875,709,711,0.37798,2.50000,4
1876,700,712,0.37798,2.50000,2
1877,701,713,0.37798,2.50000,4
1878,712,710,0.37798,2.50000,2
1879,713,711,0.37798,2.50000,4
1880,710,714,0.37798,2.50000,4
1881,714,711,0.37798,2.50000,4
1882,520,698,0.37798,3.53553,1
1883,521,699,0.37798,3.53553,2
1884,520,708,0.37798,3.53553,1
1885,521,709,0.37798,3.53553,2
1886,698,712,0.37798,3.53553,1
1887,699,713,0.37798,3.53553,2
1888,708,712,0.37798,3.53553,1
1889,709,713,0.37798,3.53553,2
1890,522,708,0.37798,3.53553,2
1891,522,709,0.37798,3.53553,2
1892,708,714,0.37798,3.53553,2
1893,709,714,0.37798,3.53553,2
1894,520,715,0.37798,2.50000,1
1895,521,716,0.37798,2.50000,2
1896,715,712,0.37798,2.50000,1
1897,716,713,0.37798,2.50000,2
1898,522,717,0.37798,2.50000,2
1899,717,714,0.37798,2.50000,2
1900,528,718,0.37798,2.50000,1
1901,529,719,0.37798,2.50000,2
1902,718,720,0.37798,2.50000,1
1903,719,721,0.37798,2.50000,2
1904,710,722,0.37798,2.50000,2
1905,711,723,0.37798,2.50000,4
1906,722,720,0.37798,2.50000,2
1907,723,721,0.37798,2.50000,4
1908,720,724,0.37798,2.50000,2
1909,724,721,0.37798,2.50000,2
1910,530,708,0.37798,3.53553,1
1911,531,709,0.37798,3.53553,2
1912,530,718,0.37798,3.53553,1
1913,531,719,0.37798,3.53553,2
1914,708,722,0.37798,3.53553,1
1915,709,723,0.37798,3.53553,2
1916,718,722,0.37798,3.53553,1
1917,719,723,0.37798,3.53553,2
1918,532,718,0.37798,3.53553,1
1919,532,719,0.37798,3.53553,1
1920,718,724,0.37798,3.53553,1
1921,719,724,0.37798,3.53553,1
1922,530,725,0.37798,2.50000,1
1923,531,726,0.37798,2.50000,2
1924,725,722,0.37798,2.50000,1
1925,726,723,0.37798,2.50000,2
1926,532,727,0.37798,2.50000,1
1927,727,724,0.37798,2.50000,1
1928,538,728,0.37798,2.50000,2
1929,539,729,0.37798,2.50000,4
1930,728,730,0.37798,2.50000,2
1931,729,731,0.37798,2.50000,4
1932,730,732,0.37798,2.50000,4
1933,732,731,0.37798,2.50000,4
1934,677,733,0.37798,2.50000,2
1935,733,730,0.37798,2.50000,2
1936,679,734,0.37798,2.50000,4
1937,734,731,0.37798,2.50000,4
1938,540,728,0.37798,3.53553,2
1939,540,729,0.37798,3.53553,2
1940,728,732,0.37798,3.53553,2
1941,729,732,0.37798,3.53553,2
1942,541,673,0.37798,3.53553,1
1943,541,728,0.37798,3.53553,1
1944,542,675,0.37798,3.53553,2
1945,542,729,0.37798,3.53553,2
1946,673,733,0.37798,3.53553,1
1947,728,733,0.37798,3.53553,1
1948,675,734,0.37798,3.53553,2
1949,729,734,0.37798,3.53553,2
1950,540,735,0.37798,2.50000,2
1951,735,732,0.37798,2.50000,2
1952,541,736,0.37798,2.50000,1
1953,542,737,0.37798,2.50000,2
1954,736,733,0.37798,2.50000,1
1955,737,734,0.37798,2.50000,2
1956,547,738,0.37798,2.50000,4
1957,738,739,0.37798,2.50000,4
1958,731,740,0.37798,2.50000,4
1959,740,739,0.37798,2.50000,4
1960,691,741,0.37798,2.50000,4
1961,741,739,0.37798,2.50000,4
1962,548,729,0.37798,3.53553,2
1963,548,738,0.37798,3.53553,2
1964,729,740,0.37798,3.53553,2
1965,738,740,0.37798,3.53553,2
1966,549,689,0.37798,3.53553,2
1967,549,738,0.37798,3.53553,2
1968,689,741,0.37798,3.53553,2
1969,738,741,0.37798,3.53553,2
1970,548,742,0.37798,2.50000,2
1971,742,740,0.37798,2.50000,2
1972,549,743,0.37798,2.50000,2
1973,743,741,0.37798,2.50000,2
1974,553,744,0.37798,2.50000,4
1975,744,745,0.37798,2.50000,4
1976,739,746,0.37798,2.50000,4
1977,746,745,0.37798,2.50000,4
1978,701,747,0.37798,2.50000,4
1979,747,745,0.37798,2.50000,4
1980,554,738,0.37798,3.53553,2
1981,554,744,0.37798,3.53553,2
1982,738,746,0.37798,3.53553,2
1983,744,746,0.37798,3.53553,2
1984,555,699,0.37798,3.53553,2
1985,555,744,0.37798,3.53553,2
1986,699,747,0.37798,3.53553,2
1987,744,747,0.37798,3.53553,2
1988,554,748,0.37798,2.50000,2
1989,748,746,0.37798,2.50000,2
1990,555,749,0.37798,2.50000,2
1991,749,747,0.37798,2.50000,2
1992,559,750,0.37798,2.50000,4
1993,750,751,0.37798,2.50000,4
1994,745,752,0.37798,2.50000,4
1995,752,751,0.37798,2.50000,4
1996,711,753,0.37798,2.50000,4
1997,753,751,0.37798,2.50000,4
1998,560,744,0.37798,3.53553,2
1999,560,750,0.37798,3.53553,2
2000,744,752,0.37798,3.53553,2
2001,750,752,0.37798,3.53553,2
2002,561,709,0.37798,3.53553,2
2003,561,750,0.37798,3.53553,2
2004,709,753,0.37798,3.53553,2
2005,750,753,0.37798,3.53553,2
2006,560,754,0.37798,2.50000,2
2007,754,752,0.37798,2.50000,2
2008,561,755,0.37798,2.50000,2
2009,755,753,0.37798,2.50000,2
2010,565,756,0.37798,2.50000,2
2011,756,757,0.37798,2.50000,2
2012,751,758,0.37798,2.50000,4
2013,758,757,0.37798,2.50000,4
2014,721,759,0.37798,2.50000,2
2015,759,757,0.37798,2.50000,2
2016,566,750,0.37798,3.53553,2
2017,566,756,0.37798,3.53553,2
2018,750,758,0.37798,3.53553,2
2019,756,758,0.37798,3.53553,2
2020,567,719,0.37798,3.53553,1
2021,567,756,0.37798,3.53553,1
2022,719,759,0.37798,3.53553,1
2023,756,759,0.37798,3.53553,1
2024,566,760,0.37798,2.50000,2
2025,760,758,0.37798,2.50000,2
2026,567,761,0.37798,2.50000,1
2027,761,759,0.37798,2.50000,1
2028,572,762,0.37798,2.50000,2
2029,573,763,0.37798,2.50000,4
2030,762,764,0.37798,2.50000,2
2031,763,765,0.37798,2.50000,4
2032,764,766,0.37798,2.50000,4
2033,766,765,0.37798,2.50000,4
2034,730,767,0.37798,2.50000,2
2035,767,764,0.37798,2.50000,2
2036,731,768,0.37798,2.50000,4
2037,768,765,0.37798,2.50000,4
2038,574,762,0.37798,3.53553,2
2039,574,763,0.37798,3.53553,2
2040,762,766,0.37798,3.53553,2
2041,763,766,0.37798,3.53553,2
2042,575,728,0.37798,3.53553,1
2043,575,762,0.37798,3.53553,1
2044,576,729,0.37798,3.53553,2
2045,576,763,0.37798,3.53553,2
2046,728,767,0.37798,3.53553,1
2047,762,767,0.37798,3.53553,1
2048,729,768,0.37798,3.53553,2
2049,763,768,0.37798,3.53553,2
2050,574,769,0.37798,2.50000,2
2051,769,766,0.37798,2.50000,2
2052,575,770,0.37798,2.50000,1
2053,576,771,0.37798,2.50000,2
2054,770,767,0.37798,2.50000,1
2055,771,768,0.37798,2.50000,2
2056,581,772,0.37798,2.50000,4
2057,772,773,0.37798,2.50000,4
2058,765,774,0.37798,2.50000,4
2059,774,773,0.37798,2.50000,4
2060,739,775,0.37798,2.50000,4
2061,775,773,0.37798,2.50000,4
2062,582,763,0.37798,3.53553,2
2063,582,772,0.37798,3.53553,2
2064,763,774,0.37798,3.53553,2
2065,772,774,0.37798,3.53553,2
2066,583,738,0.37798,3.53553,2
2067,583,772,0.37798,3.53553,2
2068,738,775,0.37798,3.53553,2
2069,772,775,0.37798,3.53553,2
2070,582,776,0.37798,2.50000,2
2071,776,774,0.37798,2.50000,2
2072,583,777,0.37798,2.50000,2
2073,777,775,0.37798,2.50000,2
2074,587,778,0.37798,2.50000,4
2075,778,779,0.37798,2.50000,4
2076,773,780,0.37798,2.50000,4
2077,780,779,0.37798,2.50000,4
2078,745,781,0.37798,2.50000,4
2079,781,779,0.37798,2.50000,4
2080,588,772,0.37798,3.53553,2
2081,588,778,0.37798,3.53553,2
2082,772,780,0.37798,3.53553,2
2083,778,780,0.37798,3.53553,2
2084,589,744,0.37798,3.53553,2
2085,589,778,0.37798,3.53553,2
2086,744,781,0.37798,3.53553,2
2087,778,781,0.37798,3.53553,2
2088,588,782,0.37798,2.50000,2
2089,782,780,0.37798,2.50000,2
2090,589,783,0.37798,2.50000,2
2091,783,781,0.37798,2.50000,2
2092,593,784,0.37798,2.50000,4
2093,784,785,0.37798,2.50000,4
2094,779,786,0.37798,2.50000,4
2095,786,785,0.37798,2.50000,4
2096,751,787,0.37798,2.50000,4
2097,787,785,0.37798,2.50000,4
2098,594,778,0.37798,3.53553,2
2099,594,784,0.37798,3.53553,2
2100,778,786,0.37798,3.53553,2
2101,784,786,0.37798,3.53553,2
2102,595,750,0.37798,3.53553,2
2103,595,784,0.37798,3.53553,2
2104,750,787,0.37798,3.53553,2
2105,784,787,0.37798,3.53553,2
2106,594,788,0.37798,2.50000,2
2107,788,786,0.37798,2.50000,2
2108,595,789,0.37798,2.50000,2
2109,789,787,0.37798,2.50000,2
2110,599,790,0.37798,2.50000,2
2111,790,791,0.37798,2.50000,2
2112,785,792,0.37798,2.50000,4
2113,792,791,0.37798,2.50000,4
2114,757,793,0.37798,2.50000,2
2115,793,791,0.37798,2.50000,2
2116,600,784,0.37798,3.53553,2
2117,600,790,0.37798,3.53553,2
2118,784,792,0.37798,3.53553,2
2119,790,792,0.37798,3.53553,2
2120,601,756,0.37798,3.53553,1
2121,601,790,0.37798,3.53553,1
2122,756,793,0.37798,3.53553,1
2123,790,793,0.37798,3.53553,1
2124,600,794,0.37798,2.50000,2
2125,794,792,0.37798,2.50000,2
2126,601,795,0.37798,2.50000,1
2127,795,793,0.37798,2.50000,1
2128,606,796,0.37798,2.50000,2
2129,607,797,0.37798,2.50000,4
2130,796,798,0.37798,2.50000,2
2131,797,799,0.37798,2.50000,4
2132,798,800,0.37798,2.50000,4
2133,800,799,0.37798,2.50000,4
2134,764,801,0.37798,2.50000,2
2135,801,798,0.37798,2.50000,2
2136,765,802,0.37798,2.50000,4
2137,802,799,0.37798,2.50000,4
2138,608,796,0.37798,3.53553,2
2139,608,797,0.37798,3.53553,2
2140,796,800,0.37798,3.53553,2
2141,797,800,0.37798,3.53553,2
2142,609,762,0.37798,3.53553,1
2143,609,796,0.37798,3.53553,1
2144,610,763,0.37798,3.53553,2
2145,610,797,0.37798,3.53553,2
2146,762,801,0.37798,3.53553,1
2147,796,801,0.37798,3.53553,1
2148,763,802,0.37798,3.53553,2
2149,797,802,0.37798,3.53553,2
2150,608,803,0.37798,2.50000,2
2151,803,800,0.37798,2.50000,2
2152,609,804,0.37798,2.50000,1
2153,610,805,0.37798,2.50000,2
2154,804,801,0.37798,2.50000,1
2155,805,802,0.37798,2.50000,2
2156,615,806,0.37798,2.50000,4
2157,806,807,0.37798,2.50000,4
2158,799,808,0.37798,2.50000,4
2159,808,807,0.37798,2.50000,4
2160,773,809,0.37798,2.50000,4
2161,809,807,0.37798,2.50000,4
2162,616,797,0.37798,3.53553,2
2163,616,806,0.37798,3.53553,2
2164,797,808,0.37798,3.53553,2
2165,806,808,0.37798,3.53553,2
2166,617,772,0.37798,3.53553,2
2167,617,806,0.37798,3.53553,2
2168,772,809,0.37798,3.53553,2
2169,806,809,0.37798,3.53553,2
2170,616,810,0.37798,2.50000,2
2171,810,808,0.37798,2.50000,2
2172,617,811,0.37798,2.50000,2
2173,811,809,0.37798,2.50000,2
2174,621,812,0.37798,2.50000,4
2175,812,813,0.37798,2.50000,4
2176,807,814,0.37798,2.50000,4
2177,814,813,0.37798,2.50000,4
2178,779,815,0.37798,2.50000,4
2179,815,813,0.37798,2.50000,4
2180,622,806,0.37798,3.53553,2
2181,622,812,0.37798,3.53553,2
2182,806,814,0.37798,3.53553,2
2183,812,814,0.37798,3.53553,2
2184,623,778,0.37798,3.53553,2
2185,623,812,0.37798,3.53553,2
2186,778,815,0.37798,3.53553,2
2187,812,815,0.37798,3.53553,2
2188,622,816,0.37798,2.50000,2
2189,816,814,0.37798,2.50000,2
2190,623,817,0.37798,2.50000,2
2191,817,815,0.37798,2.50000,2
2192,627,818,0.37798,2.50000,4
2193,818,819,0.37798,2.50000,4
2194,813,820,0.37798,2.50000,4
2195,820,819,0.37798,2.50000,4
2196,785,821,0.37798,2.50000,4
2197,821,819,0.37798,2.50000,4
2198,628,812,0.37798,3.53553,2
2199,628,818,0.37798,3.53553,2
2200,812,820,0.37798,3.53553,2
2201,818,820,0.37798,3.53553,2
2202,629,784,0.37798,3.53553,2
2203,629,818,0.37798,3.53553,2
2204,784,821,0.37798,3.53553,2
2205,818,821,0.37798,3.53553,2
2206,628,822,0.37798,2.50000,2
2207,822,820,0.37798,2.50000,2
2208,629,823,0.37798,2.50000,2
2209,823,821,0.37798,2.50000,2
2210,633,824,0.37798,2.50000,2
2211,824,825,0.37798,2.50000,2
2212,819,826,0.37798,2.50000,4
2213,826,825,0.37798,2.50000,4
2214,791,827,0.37798,2.50000,2
2215,827,825,0.37798,2.50000,2
2216,634,818,0.37798,3.53553,2
2217,634,824,0.37798,3.53553,2
2218,818,826,0.37798,3.53553,2
2219,824,826,0.37798,3.53553,2
2220,635,790,0.37798,3.53553,1
2221,635,824,0.37798,3.53553,1
2222,790,827,0.37798,3.53553,1
2223,824,827,0.37798,3.53553,1
2224,634,828,0.37798,2.50000,2
2225,828,826,0.37798,2.50000,2
2226,635,829,0.37798,2.50000,1
2227,829,827,0.37798,2.50000,1
2228,640,830,0.37798,2.50000,1
2229,641,831,0.37798,2.50000,2
2230,830,832,0.37798,2.50000,1
2231,831,833,0.37798,2.50000,2
2232,832,834,0.37798,2.50000,2
2233,834,833,0.37798,2.50000,2
2234,798,835,0.37798,2.50000,2
2235,835,832,0.37798,2.50000,2
2236,799,836,0.37798,2.50000,4
2237,836,833,0.37798,2.50000,4
2238,642,830,0.37798,3.53553,1
2239,642,831,0.37798,3.53553,1
2240,830,834,0.37798,3.53553,1
2241,831,834,0.37798,3.53553,1
2242,643,796,0.37798,3.53553,1
2243,643,830,0.37798,3.53553,1
2244,644,797,0.37798,3.53553,2
2245,644,831,0.37798,3.53553,2
2246,796,835,0.37798,3.53553,1
2247,830,835,0.37798,3.53553,1
2248,797,836,0.37798,3.53553,2
2249,831,836,0.37798,3.53553,2
2250,642,837,0.37798,2.50000,1
2251,837,834,0.37798,2.50000,1
2252,643,838,0.37798,2.50000,1
2253,644,839,0.37798,2.50000,2
2254,838,835,0.37798,2.50000,1
2255,839,836,0.37798,2.50000,2
2256,649,840,0.37798,2.50000,2
2257,840,841,0.37798,2.50000,2
2258,833,842,0.37798,2.50000,2
2259,842,841,0.37798,2.50000,2
2260,807,843,0.37798,2.50000,4
2261,843,841,0.37798,2.50000,4
2262,650,831,0.37798,3.53553,1
2263,650,840,0.37798,3.53553,1
2264,831,842,0.37798,3.53553,1
2265,840,842,0.37798,3.53553,1
2266,651,806,0.37798,3.53553,2
2267,651,840,0.37798,3.53553,2
2268,806,843,0.37798,3.53553,2
2269,840,843,0.37798,3.53553,2
2270,650,844,0.37798,2.50000,1
2271,844,842,0.37798,2.50000,1
2272,651,845,0.37798,2.50000,2
2273,845,843,0.37798,2.50000,2
2274,655,846,0.37798,2.50000,2
2275,846,847,0.37798,2.50000,2
2276,841,848,0.37798,2.50000,2
2277,848,847,0.37798,2.50000,2
2278,813,849,0.37798,2.50000,4
2279,849,847,0.37798,2.50000,4
2280,656,840,0.37798,3.53553,1
2281,656,846,0.37798,3.53553,1
2282,840,848,0.37798,3.53553,1
2283,846,848,0.37798,3.53553,1
2284,657,812,0.37798,3.53553,2
2285,657,846,0.37798,3.53553,2
2286,812,849,0.37798,3.53553,2
2287,846,849,0.37798,3.53553,2
2288,656,850,0.37798,2.50000,1
2289,850,848,0.37798,2.50000,1
2290,657,851,0.37798,2.50000,2
2291,851,849,0.37798,2.50000,2
2292,661,852,0.37798,2.50000,2
2293,852,853,0.37798,2.50000,2
2294,847,854,0.37798,2.50000,2
2295,854,853,0.37798,2.50000,2
2296,819,855,0.37798,2.50000,4
2297,855,853,0.37798,2.50000,4
2298,662,846,0.37798,3.53553,1
2299,662,852,0.37798,3.53553,1
2300,846,854,0.37798,3.53553,1
2301,852,854,0.37798,3.53553,1
2302,663,818,0.37798,3.53553,2
2303,663,852,0.37798,3.53553,2
2304,818,855,0.37798,3.53553,2
2305,852,855,0.37798,3.53553,2
2306,662,856,0.37798,2.50000,1
2307,856,854,0.37798,2.50000,1
2308,663,857,0.37798,2.50000,2
2309,857,855,0.37798,2.50000,2
2310,667,858,0.37798,2.50000,1
2311,858,859,0.37798,2.50000,1
2312,853,860,0.37798,2.50000,2
2313,860,859,0.37798,2.50000,2
2314,825,861,0.37798,2.50000,2
2315,861,859,0.37798,2.50000,2
2316,668,852,0.37798,3.53553,1
2317,668,858,0.37798,3.53553,1
2318,852,860,0.37798,3.53553,1
2319,858,860,0.37798,3.53553,1
2320,669,824,0.37798,3.53553,1
2321,669,858,0.37798,3.53553,1
2322,824,861,0.37798,3.53553,1
2323,858,861,0.37798,3.53553,1
2324,668,862,0.37798,2.50000,1
2325,862,860,0.37798,2.50000,1
2326,669,863,0.37798,2.50000,1
2327,863,861,0.37798,2.50000,1
2328,676,864,0.37798,2.50000,1
2329,677,865,0.37798,2.50000,2
2330,678,866,0.37798,2.50000,2
2331,679,867,0.37798,2.50000,4
2332,864,868,0.37798,2.50000,1
2333,865,869,0.37798,2.50000,2
2334,866,870,0.37798,2.50000,2
2335,867,871,0.37798,2.50000,4
2336,868,872,0.37798,2.50000,2
2337,869,873,0.37798,2.50000,4
2338,872,870,0.37798,2.50000,2
2339,873,871,0.37798,2.50000,4
2340,868,874,0.37798,2.50000,2
2341,874,869,0.37798,2.50000,2
2342,870,875,0.37798,2.50000,4
2343,875,871,0.37798,2.50000,4
2344,680,864,0.37798,3.53553,1
2345,681,865,0.37798,3.53553,2
2346,680,866,0.37798,3.53553,1
2347,681,867,0.37798,3.53553,2
2348,864,872,0.37798,3.53553,1
2349,865,873,0.37798,3.53553,2
2350,866,872,0.37798,3.53553,1
2351,867,873,0.37798,3.53553,2
2352,682,864,0.37798,3.53553,1
2353,682,865,0.37798,3.53553,1
2354,683,866,0.37798,3.53553,2
2355,683,867,0.37798,3.53553,2
2356,864,874,0.37798,3.53553,1
2357,865,874,0.37798,3.53553,1
2358,866,875,0.37798,3.53553,2
2359,867,875,0.37798,3.53553,2
2360,680,876,0.37798,2.50000,1
2361,681,877,0.37798,2.50000,2
2362,876,872,0.37798,2.50000,1
2363,877,873,0.37798,2.50000,2
2364,682,878,0.37798,2.50000,1
2365,683,879,0.37798,2.50000,2
2366,878,874,0.37798,2.50000,1
2367,879,875,0.37798,2.50000,2
2368,690,880,0.37798,2.50000,2
2369,691,881,0.37798,2.50000,4
2370,880,882,0.37798,2.50000,2
2371,881,883,0.37798,2.50000,4
2372,870,884,0.37798,2.50000,2
2373,871,885,0.37798,2.50000,4
2374,884,882,0.37798,2.50000,2
2375,885,883,0.37798,2.50000,4
2376,882,886,0.37798,2.50000,4
2377,886,883,0.37798,2.50000,4
2378,692,866,0.37798,3.53553,1
2379,693,867,0.37798,3.53553,2
2380,692,880,0.37798,3.53553,1
2381,693,881,0.37798,3.53553,2
2382,866,884,0.37798,3.53553,1
2383,867,885,0.37798,3.53553,2
2384,880,884,0.37798,3.53553,1
2385,881,885,0.37798,3.53553,2
2386,694,880,0.37798,3.53553,2
2387,694,881,0.37798,3.53553,2
2388,880,886,0.37798,3.53553,2
2389,881,886,0.37798,3.53553,2
2390,692,887,0.37798,2.50000,1
2391,693,888,0.37798,2.50000,2
2392,887,884,0.37798,2.50000,1
2393,888,885,0.37798,2.50000,2
2394,694,889,0.37798,2.50000,2
2395,889,886,0.37798,2.50000,2
2396,700,890,0.37798,2.50000,2
2397,701,891,0.37798,2.50000,4
2398,890,892,0.37798,2.50000,2
2399,891,893,0.37798,2.50000,4
2400,882,894,0.37798,2.50000,2
2401,883,895,0.37798,2.50000,4
2402,894,892,0.37798,2.50000,2
2403,895,893,0.37798,2.50000,4
2404,892,896,0.37798,2.50000,4
2405,896,893,0.37798,2.50000,4
2406,702,880,0.37798,3.53553,1
2407,703,881,0.37798,3.53553,2
2408,702,890,0.37798,3.53553,1
2409,703,891,0.37798,3.53553,2
2410,880,894,0.37798,3.53553,1
2411,881,895,0.37798,3.53553,2
2412,890,894,0.37798,3.53553,1
2413,891,895,0.37798,3.53553,2
2414,704,890,0.37798,3.53553,2
2415,704,891,0.37798,3.53553,2
2416,890,896,0.37798,3.53553,2
2417,891,896,0.37798,3.53553,2
2418,702,897,0.37798,2.50000,1
2419,703,898,0.37798,2.50000,2
2420,897,894,0.37798,2.50000,1
2421,898,895,0.37798,2.50000,2
2422,704,899,0.37798,2.50000,2
2423,899,896,0.37798,2.50000,2
2424,710,900,0.37798,2.50000,2
2425,711,901,0.37798,2.50000,4
2426,900,902,0.37798,2.50000,2
2427,901,903,0.37798,2.50000,4
2428,892,904,0.37798,2.50000,2
2429,893,905,0.37798,2.50000,4
2430,904,902,0.37798,2.50000,2
2431,905,903,0.37798,2.50000,4
2432,902,906,0.37798,2.50000,4
2433,906,903,0.37798,2.50000,4
2434,712,890,0.37798,3.53553,1
2435,713,891,0.37798,3.53553,2
2436,712,900,0.37798,3.53553,1
2437,713,901,0.37798,3.53553,2
2438,890,904,0.37798,3.53553,1
2439,891,905,0.37798,3.53553,2
2440,900,904,0.37798,3.53553,1
2441,901,905,0.37798,3.53553,2
2442,714,900,0.37798,3.53553,2
2443,714,901,0.37798,3.53553,2
2444,900,906,0.37798,3.53553,2
2445,901,906,0.37798,3.53553,2
2446,712,907,0.37798,2.50000,1
2447,713,908,0.37798,2.50000,2
2448,907,904,0.37798,2.50000,1
2449,908,905,0.37798,2.50000,2
2450,714,909,0.37798,2.50000,2
2451,909,906,0.37798,2.50000,2
2452,720,910,0.37798,2.50000,1
2453,721,911,0.37798,2.50000,2
2454,910,912,0.37798,2.50000,1
2455,911,913,0.37798,2.50000,2
2456,902,914,0.37798,2.50000,2
2457,903,915,0.37798,2.50000,4
2458,914,912,0.37798,2.50000,2
2459,915,913,0.37798,2.50000,4
2460,912,916,0.37798,2.50000,2
2461,916,913,0.37798,2.50000,2
2462,722,900,0.37798,3.53553,1
2463,723,901,0.37798,3.53553,2
2464,722,910,0.37798,3.53553,1
2465,723,911,0.37798,3.53553,2
2466,900,914,0.37798,3.53553,1
2467,901,915,0.37798,3.53553,2
2468,910,914,0.37798,3.53553,1
2469,911,915,0.37798,3.53553,2
2470,724,910,0.37798,3.53553,1
2471,724,911,0.37798,3.53553,1
2472,910,916,0.37798,3.53553,1
2473,911,916,0.37798,3.53553,1
2474,722,917,0.37798,2.50000,1
2475,723,918,0.37798,2.50000,2
2476,917,914,0.37798,2.50000,1
2477,918,915,0.37798,2.50000,2
2478,724,919,0.37798,2.50000,1
2479,919,916,0.37798,2.50000,1
2480,730,920,0.37798,2.50000,2
2481,731,921,0.37798,2.50000,4
2482,920,922,0.37798,2.50000,2
2483,921,923,0.37798,2.50000,4
2484,922,924,0.37798,2.50000,4
2485,924,923,0.37798,2.50000,4
2486,869,925,0.37798,2.50000,2
2487,925,922,0.37798,2.50000,2
2488,871,926,0.37798,2.50000,4
2489,926,923,0.37798,2.50000,4
2490,732,920,0.37798,3.53553,2
2491,732,921,0.37798,3.53553,2
2492,920,924,0.37798,3.53553,2
2493,921,924,0.37798,3.53553,2
2494,733,865,0.37798,3.53553,1
2495,733,920,0.37798,3.53553,1
2496,734,867,0.37798,3.53553,2
2497,734,921,0.37798,3.53553,2
2498,865,925,0.37798,3.53553,1
2499,920,925,0.37798,3.53553,1
2500,867,926,0.37798,3.53553,2
2501,921,926,0.37798,3.53553,2
2502,732,927,0.37798,2.50000,2
2503,927,924,0.37798,2.50000,2
2504,733,928,0.37798,2.50000,1
2505,734,929,0.37798,2.50000,2
2506,928,925,0.37798,2.50000,1
2507,929,926,0.37798,2.50000,2
2508,739,930,0.37798,2.50000,4
2509,930,931,0.37798,2.50000,4
2510,923,932,0.37798,2.50000,4
2511,932,931,0.37798,2.50000,4
2512,883,933,0.37798,2.50000,4
2513,933,931,0.37798,2.50000,4
2514,740,921,0.37798,3.53553,2
2515,740,930,0.37798,3.53553,2
2516,921,932,0.37798,3.53553,2
2517,930,932,0.37798,3.53553,2
2518,741,881,0.37798,3.53553,2
2519,741,930,0.37798,3.53553,2
2520,881,933,0.37798,3.53553,2
2521,930,933,0.37798,3.53553,2
2522,740,934,0.37798,2.50000,2
2523,934,932,0.37798,2.50000,2
2524,741,935,0.37798,2.50000,2
2525,935,933,0.37798,2.50000,2
2526,745,936,0.37798,2.50000,4
2527,936,937,0.37798,2.50000,4
2528,931,938,0.37798,2.50000,4
2529,938,937,0.37798,2.50000,4
2530,893,939,0.37798,2.50000,4
2531,939,937,0.37798,2.50000,4
2532,746,930,0.37798,3.53553,2
2533,746,936,0.37798,3.53553,2
2534,930,938,0.37798,3.53553,2
2535,936,938,0.37798,3.53553,2
2536,747,891,0.37798,3.53553,2
2537,747,936,0.37798,3.53553,2
2538,891,939,0.37798,3.53553,2
2539,936,939,0.37798,3.53553,2
2540,746,940,0.37798,2.50000,2
2541,940,938,0.37798,2.50000,2
2542,747,941,0.37798,2.50000,2
2543,941,939,0.37798,2.50000,2
2544,751,942,0.37798,2.50000,4
2545,942,943,0.37798,2.50000,4
2546,937,944,0.37798,2.50000,4
2547,944,943,0.37798,2.50000,4
2548,903,945,0.37798,2.50000,4
2549,945,943,0.37798,2.50000,4
2550,752,936,0.37798,3.53553,2
2551,752,942,0.37798,3.53553,2
2552,936,944,0.37798,3.53553,2
2553,942,944,0.37798,3.53553,2
2554,753,901,0.37798,3.53553,2
2555,753,942,0.37798,3.53553,2
2556,901,945,0.37798,3.53553,2
2557,942,945,0.37798,3.53553,2
2558,752,946,0.37798,2.50000,2
2559,946,944,0.37798,2.50000,2
2560,753,947,0.37798,2.50000,2
2561,947,945,0.37798,2.50000,2
2562,757,948,0.37798,2.50000,2
2563,948,949,0.37798,2.50000,2
2564,943,950,0.37798,2.50000,4
2565,950,949,0.37798,2.50000,4
2566,913,951,0.37798,2.50000,2
2567,951,949,0.37798,2.50000,2
2568,758,942,0.37798,3.53553,2
2569,758,948,0.37798,3.53553,2
2570,942,950,0.37798,3.53553,2
2571,948,950,0.37798,3.53553,2
2572,759,911,0.37798,3.53553,1
2573,759,948,0.37798,3.53553,1
2574,911,951,0.37798,3.53553,1
2575,948,951,0.37798,3.53553,1
2576,758,952,0.37798,2.50000,2
2577,952,950,0.37798,2.50000,2
2578,759,953,0.37798,2.50000,1
2579,953,951,0.37798,2.50000,1
2580,764,954,0.37798,2.50000,2
2581,765,955,0.37798,2.50000,4
2582,954,956,0.37798,2.50000,2
2583,955,957,0.37798,2.50000,4
2584,956,958,0.37798,2.50000,4
2585,958,957,0.37798,2.50000,4
2586,922,959,0.37798,2.50000,2
2587,959,956,0.37798,2.50000,2
2588,923,960,0.37798,2.50000,4
2589,960,957,0.37798,2.50000,4
2590,766,954,0.37798,3.53553,2
2591,766,955,0.37798,3.53553,2
2592,954,958,0.37798,3.53553,2
2593,955,958,0.37798,3.53553,2
2594,767,920,0.37798,3.53553,1
2595,767,954,0.37798,3.53553,1
2596,768,921,0.37798,3.53553,2
2597,768,955,0.37798,3.53553,2
2598,920,959,0.37798,3.53553,1
2599,954,959,0.37798,3.53553,1
2600,921,960,0.37798,3.53553,2
2601,955,960,0.37798,3.53553,2
2602,766,961,0.37798,2.50000,2
2603,961,958,0.37798,2.50000,2
2604,767,962,0.37798,2.50000,1
2605,768,963,0.37798,2.50000,2
2606,962,959,0.37798,2.50000,1
2607,963,960,0.37798,2.50000,2
2608,773,964,0.37798,2.50000,4
2609,964,965,0.37798,2.50000,4
2610,957,966,0.37798,2.50000,4
2611,966,965,0.37798,2.50000,4
2612,931,967,0.37798,2.50000,4
2613,967,965,0.37798,2.50000,4
2614,774,955,0.37798,3.53553,2
2615,774,964,0.37798,3.53553,2
2616,955,966,0.37798,3.53553,2
2617,964,966,0.37798,3.53553,2
2618,775,930,0.37798,3.53553,2
2619,775,964,0.37798,3.53553,2
2620,930,967,0.37798,3.53553,2
2621,964,967,0.37798,3.53553,2
2622,774,968,0.37798,2.50000,2
2623,968,966,0.37798,2.50000,2
2624,775,969,0.37798,2.50000,2
2625,969,967,0.37798,2.50000,2
2626,779,970,0.37798,2.50000,4
2627,970,971,0.37798,2.50000,4
2628,965,972,0.37798,2.50000,4
2629,972,971,0.37798,2.50000,4
2630,937,973,0.37798,2.50000,4
2631,973,971,0.37798,2.50000,4
2632,780,964,0.37798,3.53553,2
2633,780,970,0.37798,3.53553,2
2634,964,972,0.37798,3.53553,2
2635,970,972,0.37798,3.53553,2
2636,781,936,0.37798,3.53553,2
2637,781,970,0.37798,3.53553,2
2638,936,973,0.37798,3.53553,2
2639,970,973,0.37798,3.53553,2
2640,780,974,0.37798,2.50000,2
2641,974,972,0.37798,2.50000,2
2642,781,975,0.37798,2.50000,2
2643,975,973,0.37798,2.50000,2
2644,785,976,0.37798,2.50000,4
2645,976,977,0.37798,2.50000,4
2646,971,978,0.37798,2.50000,4
2647,978,977,0.37798,2.50000,4
2648,943,979,0.37798,2.50000,4
2649,979,977,0.37798,2.50000,4
2650,786,970,0.37798,3.53553,2
2651,786,976,0.37798,3.53553,2
2652,970,978,0.37798,3.53553,2
2653,976,978,0.37798,3.53553,2
2654,787,942,0.37798,3.53553,2
2655,787,976,0.37798,3.53553,2
2656,942,979,0.37798,3.53553,2
2657,976,979,0.37798,3.53553,2
2658,786,980,0.37798,2.50000,2
2659,980,978,0.37798,2.50000,2
2660,787,981,0.37798,2.50000,2
2661,981,979,0.37798,2.50000,2
2662,791,982,0.37798,2.50000,2
2663,982,983,0.37798,2.50000,2
2664,977,984,0.37798,2.50000,4
2665,984,983,0.37798,2.50000,4
2666,949,985,0.37798,2.50000,2
2667,985,983,0.37798,2.50000,2
2668,792,976,0.37798,3.53553,2
2669,792,982,0.37798,3.53553,2
2670,976,984,0.37798,3.53553,2
2671,982,984,0.37798,3.53553,2
2672,793,948,0.37798,3.53553,1
2673,793,982,0.37798,3.53553,1
2674,948,985,0.37798,3.53553,1
2675,982,985,0.37798,3.53553,1
2676,792,986,0.37798,2.50000,2
2677,986,984,0.37798,2.50000,2
2678,793,987,0.37798,2.50000,1
2679,987,985,0.37798,2.50000,1
2680,798,988,0.37798,2.50000,2
2681,799,989,0.37798,2.50000,4
2682,988,990,0.37798,2.50000,2
2683,989,991,0.37798,2.50000,4
2684,990,992,0.37798,2.50000,4
2685,992,991,0.37798,2.50000,4
2686,956,993,0.37798,2.50000,2
2687,993,990,0.37798,2.50000,2
2688,957,994,0.37798,2.50000,4
2689,994,991,0.37798,2.50000,4
2690,800,988,0.37798,3.53553,2
2691,800,989,0.37798,3.53553,2
2692,988,992,0.37798,3.53553,2
2693,989,992,0.37798,3.53553,2
2694,801,954,0.37798,3.53553,1
2695,801,988,0.37798,3.53553,1
2696,802,955,0.37798,3.53553,2
2697,802,989,0.37798,3.53553,2
2698,954,993,0.37798,3.53553,1
2699,988,993,0.37798,3.53553,1
2700,955,994,0.37798,3.53553,2
2701,989,994,0.37798,3.53553,2
2702,800,995,0.37798,2.50000,2
2703,995,992,0.37798,2.50000,2
2704,801,996,0.37798,2.50000,1
2705,802,997,0.37798,2.50000,2
2706,996,993,0.37798,2.50000,1
2707,997,994,0.37798,2.50000,2
2708,807,998,0.37798,2.50000,4
2709,998,999,0.37798,2.50000,4
2710,991,1000,0.37798,2.50000,4
2711,1000,999,0.37798,2.50000,4
2712,965,1001,0.37798,2.50000,4
2713,1001,999,0.37798,2.50000,4
2714,808,989,0.37798,3.53553,2
2715,808,998,0.37798,3.53553,2
2716,989,1000,0.37798,3.53553,2
2717,998,1000,0.37798,3.53553,2
2718,809,964,0.37798,3.53553,2
2719,809,998,0.37798,3.53553,2
2720,964,1001,0.37798,3.53553,2
2721,998,1001,0.37798,3.53553,2
2722,808,1002,0.37798,2.50000,2
2723,1002,1000,0.37798,2.50000,2
2724,809,1003,0.37798,2.50000,2
2725,1003,1001,0.37798,2.50000,2
2726,813,1004,0.37798,2.50000,4
2727,1004,1005,0.37798,2.50000,4
2728,999,1006,0.37798,2.50000,4
2729,1006,1005,0.37798,2.50000,4
2730,971,1007,0.37798,2.50000,4
2731,1007,1005,0.37798,2.50000,4
2732,814,998,0.37798,3.53553,2
2733,814,1004,0.37798,3.53553,2
2734,998,1006,0.37798,3.53553,2
2735,1004,1006,0.37798,3.53553,2
2736,815,970,0.37798,3.53553,2
2737,815,1004,0.37798,3.53553,2
2738,970,1007,0.37798,3.53553,2
2739,1004,1007,0.37798,3.53553,2
2740,814,1008,0.37798,2.50000,2
2741,1008,1006,0.37798,2.50000,2
2742,815,1009,0.37798,2.50000,2
2743,1009,1007,0.37798,2.50000,2
2744,819,1010,0.37798,2.50000,4
2745,1010,1011,0.37798,2.50000,4
2746,1005,1012,0.37798,2.50000,4
2747,1012,1011,0.37798,2.50000,4
2748,977,1013,0.37798,2.50000,4
2749,1013,1011,0.37798,2.50000,4
2750,820,1004,0.37798,3.53553,2
2751,820,1010,0.37798,3.53553,2
2752,1004,1012,0.37798,3.53553,2
2753,1010,1012,0.37798,3.53553,2
2754,821,976,0.37798,3.53553,2
2755,821,1010,0.37798,3.53553,2
2756,976,1013,0.37798,3.53553,2
2757,1010,1013,0.37798,3.53553,2
2758,820,1014,0.37798,2.50000,2
2759,1014,1012,0.37798,2.50000,2
2760,821,1015,0.37798,2.50000,2
2761,1015,1013,0.37798,2.50000,2
2762,825,1016,0.37798,2.50000,2
2763,1016,1017,0.37798,2.50000,2
2764,1011,1018,0.37798,2.50000,4
2765,1018,1017,0.37798,2.50000,4
2766,983,1019,0.37798,2.50000,2
2767,1019,1017,0.37798,2.50000,2
2768,826,1010,0.37798,3.53553,2
2769,826,1016,0.37798,3.53553,2
2770,1010,1018,0.37798,3.53553,2
2771,1016,1018,0.37798,3.53553,2
2772,827,982,0.37798,3.53553,1
2773,827,1016,0.37798,3.53553,1
2774,982,1019,0.37798,3.53553,1
2775,1016,1019,0.37798,3.53553,1
2776,826,1020,0.37798,2.50000,2
2777,1020,1018,0.37798,2.50000,2
2778,827,1021,0.37798,2.50000,1
2779,1021,1019,0.37798,2.50000,1
2780,832,1022,0.37798,2.50000,1
2781,833,1023,0.37798,2.50000,2
2782,1022,1024,0.37798,2.50000,1
2783,1023,1025,0.37798,2.50000,2
2784,1024,1026,0.37798,2.50000,2
2785,1026,1025,0.37798,2.50000,2
2786,990,1027,0.37798,2.50000,2
2787,1027,1024,0.37798,2.50000,2
2788,991,1028,0.37798,2.50000,4
2789,1028,1025,0.37798,2.50000,4
2790,834,1022,0.37798,3.53553,1
2791,834,1023,0.37798,3.53553,1
2792,1022,1026,0.37798,3.53553,1
2793,1023,1026,0.37798,3.53553,1
2794,835,988,0.37798,3.53553,1
2795,835,1022,0.37798,3.53553,1
2796,836,989,0.37798,3.53553,2
2797,836,1023,0.37798,3.53553,2
2798,988,1027,0.37798,3.53553,1
2799,1022,1027,0.37798,3.53553,1
2800,989,1028,0.37798,3.53553,2
2801,1023,1028,0.37798,3.53553,2
2802,834,1029,0.37798,2.50000,1
2803,1029,1026,0.37798,2.50000,1
2804,835,1030,0.37798,2.50000,1
2805,836,1031,0.37798,2.50000,2
2806,1030,1027,0.37798,2.50000,1
2807,1031,1028,0.37798,2.50000,2
2808,841,1032,0.37798,2.50000,2
2809,1032,1033,0.37798,2.50000,2
2810,1025,1034,0.37798,2.50000,2
2811,1034,1033,0.37798,2.50000,2
2812,999,1035,0.37798,2.50000,4
2813,1035,1033,0.37798,2.50000,4
2814,842,1023,0.37798,3.53553,1
2815,842,1032,0.37798,3.53553,1
2816,1023,1034,0.37798,3.53553,1
2817,1032,1034,0.37798,3.53553,1
2818,843,998,0.37798,3.53553,2
2819,843,1032,0.37798,3.53553,2
2820,998,1035,0.37798,3.53553,2
2821,1032,1035,0.37798,3.53553,2
2822,842,1036,0.37798,2.50000,1
2823,1036,1034,0.37798,2.50000,1
2824,843,1037,0.37798,2.50000,2
2825,1037,1035,0.37798,2.50000,2
2826,847,1038,0.37798,2.50000,2
2827,1038,1039,0.37798,2.50000,2
2828,1033,1040,0.37798,2.50000,2
2829,1040,1039,0.37798,2.50000,2
2830,1005,1041,0.37798,2.50000,4
2831,1041,1039,0.37798,2.50000,4
2832,848,1032,0.37798,3.53553,1
2833,848,1038,0.37798,3.53553,1
2834,1032,1040,0.37798,3.53553,1
2835,1038,1040,0.37798,3.53553,1
2836,849,1004,0.37798,3.53553,2
2837,849,1038,0.37798,3.53553,2
2838,1004,1041,0.37798,3.53553,2
2839,1038,1041,0.37798,3.53553,2
2840,848,1042,0.37798,2.50000,1
2841,1042,1040,0.37798,2.50000,1
2842,849,1043,0.37798,2.50000,2
2843,1043,1041,0.37798,2.50000,2
2844,853,1044,0.37798,2.50000,2
2845,1044,1045,0.37798,2.50000,2
2846,1039,1046,0.37798,2.50000,2
2847,1046,1045,0.37798,2.50000,2
2848,1011,1047,0.37798,2.50000,4
2849,1047,1045,0.37798,2.50000,4
2850,854,1038,0.37798,3.53553,1
2851,854,1044,0.37798,3.53553,1
2852,1038,1046,0.37798,3.53553,1
2853,1044,1046,0.37798,3.53553,1
2854,855,1010,0.37798,3.53553,2
2855,855,1044,0.37798,3.53553,2
2856,1010,1047,0.37798,3.53553,2
2857,1044,1047,0.37798,3.53553,2
2858,854,1048,0.37798,2.50000,1
2859,1048,1046,0.37798,2.50000,1
2860,855,1049,0.37798,2.50000,2
2861,1049,1047,0.37798,2.50000,2
2862,859,1050,0.37798,2.50000,1
2863,1050,1051,0.37798,2.50000,1
2864,1045,1052,0.37798,2.50000,2
2865,1052,1051,0.37798,2.50000,2
2866,1017,1053,0.37798,2.50000,2
2867,1053,1051,0.37798,2.50000,2
2868,860,1044,0.37798,3.53553,1
2869,860,1050,0.37798,3.53553,1
2870,1044,1052,0.37798,3.53553,1
2871,1050,1052,0.37798,3.53553,1
2872,861,1016,0.37798,3.53553,1
2873,861,1050,0.37798,3.53553,1
2874,1016,1053,0.37798,3.53553,1
2875,1050,1053,0.37798,3.53553,1
2876,860,1054,0.37798,2.50000,1
2877,1054,1052,0.37798,2.50000,1
2878,861,1055,0.37798,2.50000,1
2879,1055,1053,0.37798,2.50000,1
2880,868,1056,0.37798,2.50000,1
2881,869,1057,0.37798,2.50000,2
2882,870,1058,0.37798,2.50000,2
2883,871,1059,0.37798,2.50000,4
2884,1056,1060,0.37798,2.50000,1
2885,1057,1061,0.37798,2.50000,2
2886,1058,1062,0.37798,2.50000,2
2887,1059,1063,0.37798,2.50000,4
2888,1060,1064,0.37798,2.50000,2
2889,1061,1065,0.37798,2.50000,4
2890,1064,1062,0.37798,2.50000,2
2891,1065,1063,0.37798,2.50000,4
2892,1060,1066,0.37798,2.50000,2
2893,1066,1061,0.37798,2.50000,2
2894,1062,1067,0.37798,2.50000,4
2895,1067,1063,0.37798,2.50000,4
2896,872,1056,0.37798,3.53553,1
2897,873,1057,0.37798,3.53553,2
2898,872,1058,0.37798,3.53553,1
2899,873,1059,0.37798,3.53553,2
2900,1056,1064,0.37798,3.53553,1
2901,1057,1065,0.37798,3.53553,2
2902,1058,1064,0.37798,3.53553,1
2903,1059,1065,0.37798,3.53553,2
2904,874,1056,0.37798,3.53553,1
2905,874,1057,0.37798,3.53553,1
2906,875,1058,0.37798,3.53553,2
2907,875,1059,0.37798,3.53553,2
2908,1056,1066,0.37798,3.53553,1
2909,1057,1066,0.37798,3.53553,1
2910,1058,1067,0.37798,3.53553,2
2911,1059,1067,0.37798,3.53553,2
2912,872,1068,0.37798,2.50000,1
2913,873,1069,0.37798,2.50000,2
2914,1068,1064,0.37798,2.50000,1
2915,1069,1065,0.37798,2.50000,2
2916,874,1070,0.37798,2.50000,1
2917,875,1071,0.37798,2.50000,2
2918,1070,1066,0.37798,2.50000,1
2919,1071,1067,0.37798,2.50000,2
2920,882,1072,0.37798,2.50000,2
2921,883,1073,0.37798,2.50000,4
2922,1072,1074,0.37798,2.50000,2
2923,1073,1075,0.37798,2.50000,4
2924,1062,1076,0.37798,2.50000,2
2925,1063,1077,0.37798,2.50000,4
2926,1076,1074,0.37798,2.50000,2
2927,1077,1075,0.37798,2.50000,4
2928,1074,1078,0.37798,2.50000,4
2929,1078,1075,0.37798,2.50000,4
2930,884,1058,0.37798,3.53553,1
2931,885,1059,0.37798,3.53553,2
2932,884,1072,0.37798,3.53553,1
2933,885,1073,0.37798,3.53553,2
2934,1058,1076,0.37798,3.53553,1
2935,1059,1077,0.37798,3.53553,2
2936,1072,1076,0.37798,3.53553,1
2937,1073,1077,0.37798,3.53553,2
2938,886,1072,0.37798,3.53553,2
2939,886,1073,0.37798,3.53553,2
2940,1072,1078,0.37798,3.53553,2
2941,1073,1078,0.37798,3.53553,2
2942,884,1079,0.37798,2.50000,1
2943,885,1080,0.37798,2.50000,2
2944,1079,1076,0.37798,2.50000,1
2945,1080,1077,0.37798,2.50000,2
2946,886,1081,0.37798,2.50000,2
2947,1081,1078,0.37798,2.50000,2
2948,892,1082,0.37798,2.50000,2
2949,893,1083,0.37798,2.50000,4
2950,1082,1084,0.37798,2.50000,2
2951,1083,1085,0.37798,2.50000,4
2952,1074,1086,0.37798,2.50000,2
2953,1075,1087,0.37798,2.50000,4
2954,1086,1084,0.37798,2.50000,2
2955,1087,1085,0.37798,2.50000,4
2956,1084,1088,0.37798,2.50000,4
2957,1088,1085,0.37798,2.50000,4
2958,894,1072,0.37798,3.53553,1
2959,895,1073,0.37798,3.53553,2
2960,894,1082,0.37798,3.53553,1
2961,895,1083,0.37798,3.53553,2
2962,1072,1086,0.37798,3.53553,1
2963,1073,1087,0.37798,3.53553,2
2964,1082,1086,0.37798,3.53553,1
2965,1083,1087,0.37798,3.53553,2
2966,896,1082,0.37798,3.53553,2
2967,896,1083,0.37798,3.53553,2
2968,1082,1088,0.37798,3.53553,2
2969,1083,1088,0.37798,3.53553,2
2970,894,1089,0.37798,2.50000,1
2971,895,1090,0.37798,2.50000,2
2972,1089,1086,0.37798,2.50000,1
2973,1090,1087,0.37798,2.50000,2
2974,896,1091,0.37798,2.50000,2
2975,1091,1088,0.37798,2.50000,2
2976,902,1092,0.37798,2.50000,2
2977,903,1093,0.37798,2.50000,4
2978,1092,1094,0.37798,2.50000,2
2979,1093,1095,0.37798,2.50000,4
2980,1084,1096,0.37798,2.50000,2
2981,1085,1097,0.37798,2.50000,4
2982,1096,1094,0.37798,2.50000,2
2983,1097,1095,0.37798,2.50000,4
2984,1094,1098,0.37798,2.50000,4
2985,1098,1095,0.37798,2.50000,4
2986,904,1082,0.37798,3.53553,1
2987,905,1083,0.37798,3.53553,2
2988,904,1092,0.37798,3.53553,1
2989,905,1093,0.37798,3.53553,2
2990,1082,1096,0.37798,3.53553,1
2991,1083,1097,0.37798,3.53553,2
2992,1092,1096,0.37798,3.53553,1
2993,1093,1097,0.37798,3.53553,2
2994,906,1092,0.37798,3.53553,2
2995,906,1093,0.37798,3.53553,2
2996,1092,1098,0.37798,3.53553,2
2997,1093,1098,0.37798,3.53553,2
2998,904,1099,0.37798,2.50000,1
2999,905,1100,0.37798,2.50000,2
3000,1099,1096,0.37798,2.50000,1
3001,1100,1097,0.37798,2.50000,2
3002,906,1101,0.37798,2.50000,2
3003,1101,1098,0.37798,2.50000,2
3004,912,1102,0.37798,2.50000,1
3005,913,1103,0.37798,2.50000,2
3006,1102,1104,0.37798,2.50000,1
3007,1103,1105,0.37798,2.50000,2
3008,1094,1106,0.37798,2.50000,2
3009,1095,1107,0.37798,2.50000,4
3010,1106,1104,0.37798,2.50000,2
3011,1107,1105,0.37798,2.50000,4
3012,1104,1108,0.37798,2.50000,2
3013,1108,1105,0.37798,2.50000,2
3014,914,1092,0.37798,3.53553,1
3015,915,1093,0.37798,3.53553,2
3016,914,1102,0.37798,3.53553,1
3017,915,1103,0.37798,3.53553,2
3018,1092,1106,0.37798,3.53553,1
3019,1093,1107,0.37798,3.53553,2
3020,1102,1106,0.37798,3.53553,1
3021,1103,1107,0.37798,3.53553,2
3022,916,1102,0.37798,3.53553,1
3023,916,1103,0.37798,3.53553,1
3024,1102,1108,0.37798,3.53553,1
3025,1103,1108,0.37798,3.53553,1
3026,914,1109,0.37798,2.50000,1
3027,915,1110,0.37798,2.50000,2
3028,1109,1106,0.37798,2.50000,1
3029,1110,1107,0.37798,2.50000,2
3030,916,1111,0.37798,2.50000,1
3031,1111,1108,0.37798,2.50000,1
3032,922,1112,0.37798,2.50000,2
3033,923,1113,0.37798,2.50000,4
3034,1112,1114,0.37798,2.50000,2
3035,1113,1115,0.37798,2.50000,4
3036,1114,1116,0.37798,2.50000,4
3037,1116,1115,0.37798,2.50000,4
3038,1061,1117,0.37798,2.50000,2
3039,1117,1114,0.37798,2.50000,2
3040,1063,1118,0.37798,2.50000,4
3041,1118,1115,0.37798,2.50000,4
3042,924,1112,0.37798,3.53553,2
3043,924,1113,0.37798,3.53553,2
3044,1112,1116,0.37798,3.53553,2
3045,1113,1116,0.37798,3.53553,2
3046,925,1057,0.37798,3.53553,1
3047,925,1112,0.37798,3.53553,1
3048,926,1059,0.37798,3.53553,2
3049,926,1113,0.37798,3.53553,2
3050,1057,1117,0.37798,3.53553,1
3051,1112,1117,0.37798,3.53553,1
3052,1059,1118,0.37798,3.53553,2
3053,1113,1118,0.37798,3.53553,2
3054,924,1119,0.37798,2.50000,2
3055,1119,1116,0.37798,2.50000,2
3056,925,1120,0.37798,2.50000,1
3057,926,1121,0.37798,2.50000,2
3058,1120,1117,0.37798,2.50000,1
3059,1121,1118,0.37798,2.50000,2
3060,931,1122,0.37798,2.50000,4
3061,1122,1123,0.37798,2.50000,4
3062,1115,1124,0.37798,2.50000,4
3063,1124,1123,0.37798,2.50000,4
3064,1075,1125,0.37798,2.50000,4
3065,1125,1123,0.37798,2.50000,4
3066,932,1113,0.37798,3.53553,2
3067,932,1122,0.37798,3.53553,2
3068,1113,1124,0.37798,3.53553,2
3069,1122,1124,0.37798,3.53553,2
3070,933,1073,0.37798,3.53553,2
3071,933,1122,0.37798,3.53553,2
3072,1073,1125,0.37798,3.53553,2
3073,1122,1125,0.37798,3.53553,2
3074,932,1126,0.37798,2.50000,2
3075,1126,1124,0.37798,2.50000,2
3076,933,1127,0.37798,2.50000,2
3077,1127,1125,0.37798,2.50000,2
3078,937,1128,0.37798,2.50000,4
3079,1128,1129,0.37798,2.50000,4
3080,1123,1130,0.37798,2.50000,4
3081,1130,1129,0.37798,2.50000,4
3082,1085,1131,0.37798,2.50000,4
3083,1131,1129,0.37798,2.50000,4
3084,938,1122,0.37798,3.53553,2
3085,938,1128,0.37798,3.53553,2
3086,1122,1130,0.37798,3.53553,2
3087,1128,1130,0.37798,3.53553,2
3088,939,1083,0.37798,3.53553,2
3089,939,1128,0.37798,3.53553,2
3090,1083,1131,0.37798,3.53553,2
3091,1128,1131,0.37798,3.53553,2
3092,938,1132,0.37798,2.50000,2
3093,1132,1130,0.37798,2.50000,2
3094,939,1133,0.37798,2.50000,2
3095,1133,1131,0.37798,2.50000,2
3096,943,1134,0.37798,2.50000,4
3097,1134,1135,0.37798,2.50000,4
3098,1129,1136,0.37798,2.50000,4
3099,1136,1135,0.37798,2.50000,4
3100,1095,1137,0.37798,2.50000,4
3101,1137,1135,0.37798,2.50000,4
3102,944,1128,0.37798,3.53553,2
3103,944,1134,0.37798,3.53553,2
3104,1128,1136,0.37798,3.53553,2
3105,1134,1136,0.37798,3.53553,2
3106,945,1093,0.37798,3.53553,2
3107,945,1134,0.37798,3.53553,2
3108,1093,1137,0.37798,3.53553,2
3109,1134,1137,0.37798,3.53553,2
3110,944,1138,0.37798,2.50000,2
3111,1138,1136,0.37798,2.50000,2
3112,945,1139,0.37798,2.50000,2
3113,1139,1137,0.37798,2.50000,2
3114,949,1140,0.37798,2.50000,2
3115,1140,1141,0.37798,2.50000,2
3116,1135,1142,0.37798,2.50000,4
3117,1142,1141,0.37798,2.50000,4
3118,1105,1143,0.37798,2.50000,2
3119,1143,1141,0.37798,2.50000,2
3120,950,1134,0.37798,3.53553,2
3121,950,1140,0.37798,3.53553,2
3122,1134,1142,0.37798,3.53553,2
3123,1140,1142,0.37798,3.53553,2
3124,951,1103,0.37798,3.53553,1
3125,951,1140,0.37798,3.53553,1
3126,1103,1143,0.37798,3.53553,1
3127,1140,1143,0.37798,3.53553,1
3128,950,1144,0.37798,2.50000,2
3129,1144,1142,0.37798,2.50000,2
3130,951,1145,0.37798,2.50000,1
3131,1145,1143,0.37798,2.50000,1
3132,956,1146,0.37798,2.50000,2
3133,957,1147,0.37798,2.50000,4
3134,1146,1148,0.37798,2.50000,2
3135,1147,1149,0.37798,2.50000,4
3136,1148,1150,0.37798,2.50000,4
3137,1150,1149,0.37798,2.50000,4
3138,1114,1151,0.37798,2.50000,2
3139,1151,1148,0.37798,2.50000,2
3140,1115,1152,0.37798,2.50000,4
3141,1152,1149,0.37798,2.50000,4
3142,958,1146,0.37798,3.53553,2
3143,958,1147,0.37798,3.53553,2
3144,1146,1150,0.37798,3.53553,2
3145,1147,1150,0.37798,3.53553,2
3146,959,1112,0.37798,3.53553,1
3147,959,1146,0.37798,3.53553,1
3148,960,1113,0.37798,3.53553,2
3149,960,1147,0.37798,3.53553,2
3150,1112,1151,0.37798,3.53553,1
3151,1146,1151,0.37798,3.53553,1
3152,1113,1152,0.37798,3.53553,2
3153,1147,1152,0.37798,3.53553,2
3154,958,1153,0.37798,2.50000,2
3155,1153,1150,0.37798,2.50000,2
3156,959,1154,0.37798,2.50000,1
3157,960,1155,0.37798,2.50000,2
3158,1154,1151,0.37798,2.50000,1
3159,1155,1152,0.37798,2.50000,2
3160,965,1156,0.37798,2.50000,4
3161,1156,1157,0.37798,2.50000,4
3162,1149,1158,0.37798,2.50000,4
3163,1158,1157,0.37798,2.50000,4
3164,1123,1159,0.37798,2.50000,4
3165,1159,1157,0.37798,2.50000,4
3166,966,1147,0.37798,3.53553,2
3167,966,1156,0.37798,3.53553,2
3168,1147,1158,0.37798,3.53553,2
3169,1156,1158,0.37798,3.53553,2
3170,967,1122,0.37798,3.53553,2
3171,967,1156,0.37798,3.53553,2
3172,1122,1159,0.37798,3.53553,2
3173,1156,1159,0.37798,3.53553,2
3174,966,1160,0.37798,2.50000,2
3175,1160,1158,0.37798,2.50000,2
3176,967,1161,0.37798,2.50000,2
3177,1161,1159,0.37798,2.50000,2
3178,971,1162,0.37798,2.50000,4
3179,1162,1163,0.37798,2.50000,4
3180,1157,1164,0.37798,2.50000,4
3181,1164,1163,0.37798,2.50000,4
3182,1129,1165,0.37798,2.50000,4
3183,1165,1163,0.37798,2.50000,4
3184,972,1156,0.37798,3.53553,2
3185,972,1162,0.37798,3.53553,2
3186,1156,1164,0.37798,3.53553,2
3187,1162,1164,0.37798,3.53553,2
3188,973,1128,0.37798,3.53553,2
3189,973,1162,0.37798,3.53553,2
3190,1128,1165,0.37798,3.53553,2
3191,1162,1165,0.37798,3.53553,2
3192,972,1166,0.37798,2.50000,2
3193,1166,1164,0.37798,2.50000,2
3194,973,1167,0.37798,2.50000,2
3195,1167,1165,0.37798,2.50000,2
3196,977,1168,0.37798,2.50000,4
3197,1168,1169,0.37798,2.50000,4
3198,1163,1170,0.37798,2.50000,4
3199,1170,1169,0.37798,2.50000,4
3200,1135,1171,0.37798,2.50000,4
3201,1171,1169,0.37798,2.50000,4
3202,978,1162,0.37798,3.53553,2
3203,978,1168,0.37798,3.53553,2
3204,1162,1170,0.37798,3.53553,2
3205,1168,1170,0.37798,3.53553,2
3206,979,1134,0.37798,3.53553,2
3207,979,1168,0.37798,3.53553,2
3208,1134,1171,0.37798,3.53553,2
3209,1168,1171,0.37798,3.53553,2
3210,978,1172,0.37798,2.50000,2
3211,1172,1170,0.37798,2.50000,2
3212,979,1173,0.37798,2.50000,2
3213,1173,1171,0.37798,2.50000,2
3214,983,1174,0.37798,2.50000,2
3215,1174,1175,0.37798,2.50000,2
3216,1169,1176,0.37798,2.50000,4
3217,1176,1175,0.37798,2.50000,4
3218,1141,1177,0.37798,2.50000,2
3219,1177,1175,0.37798,2.50000,2
3220,984,1168,0.37798,3.53553,2
3221,984,1174,0.37798,3.53553,2
3222,1168,1176,0.37798,3.53553,2
3223,1174,1176,0.37798,3.53553,2
3224,985,1140,0.37798,3.53553,1
3225,985,1174,0.37798,3.53553,1
3226,1140,1177,0.37798,3.53553,1
3227,1174,1177,0.37798,3.53553,1
3228,984,1178,0.37798,2.50000,2
3229,1178,1176,0.37798,2.50000,2
3230,985,1179,0.37798,2.50000,1
3231,1179,1177,0.37798,2.50000,1
3232,990,1180,0.37798,2.50000,2
3233,991,1181,0.37798,2.50000,4
3234,1180,1182,0.37798,2.50000,2
3235,1181,1183,0.37798,2.50000,4
3236,1182,1184,0.37798,2.50000,4
3237,1184,1183,0.37798,2.50000,4
3238,1148,1185,0.37798,2.50000,2
3239,1185,1182,0.37798,2.50000,2
3240,1149,1186,0.37798,2.50000,4
3241,1186,1183,0.37798,2.50000,4
3242,992,1180,0.37798,3.53553,2
3243,992,1181,0.37798,3.53553,2
3244,1180,1184,0.37798,3.53553,2
3245,1181,1184,0.37798,3.53553,2
3246,993,1146,0.37798,3.53553,1
3247,993,1180,0.37798,3.53553,1
3248,994,1147,0.37798,3.53553,2
3249,994,1181,0.37798,3.53553,2
3250,1146,1185,0.37798,3.53553,1
3251,1180,1185,0.37798,3.53553,1
3252,1147,1186,0.37798,3.53553,2
3253,1181,1186,0.37798,3.53553,2
3254,992,1187,0.37798,2.50000,2
3255,1187,1184,0.37798,2.50000,2
3256,993,1188,0.37798,2.50000,1
3257,994,1189,0.37798,2.50000,2
3258,1188,1185,0.37798,2.50000,1
3259,1189,1186,0.37798,2.50000,2
3260,999,1190,0.37798,2.50000,4
3261,1190,1191,0.37798,2.50000,4
3262,1183,1192,0.37798,2.50000,4
3263,1192,1191,0.37798,2.50000,4
3264,1157,1193,0.37798,2.50000,4
3265,1193,1191,0.37798,2.50000,4
3266,1000,1181,0.37798,3.53553,2
3267,1000,1190,0.37798,3.53553,2
3268,1181,1192,0.37798,3.53553,2
3269,1190,1192,0.37798,3.53553,2
3270,1001,1156,0.37798,3.53553,2
3271,1001,1190,0.37798,3.53553,2
3272,1156,1193,0.37798,3.53553,2
3273,1190,1193,0.37798,3.53553,2
3274,1000,1194,0.37798,2.50000,2
3275,1194,1192,0.37798,2.50000,2
3276,1001,1195,0.37798,2.50000,2
3277,1195,1193,0.37798,2.50000,2
3278,1005,1196,0.37798,2.50000,4
3279,1196,1197,0.37798,2.50000,4
3280,1191,1198,0.37798,2.50000,4
3281,1198,1197,0.37798,2.50000,4
3282,1163,1199,0.37798,2.50000,4
3283,1199,1197,0.37798,2.50000,4
3284,1006,1190,0.37798,3.53553,2
3285,1006,1196,0.37798,3.53553,2
3286,1190,1198,0.37798,3.53553,2
3287,1196,1198,0.37798,3.53553,2
3288,1007,1162,0.37798,3.53553,2
3289,1007,1196,0.37798,3.53553,2
3290,1162,1199,0.37798,3.53553,2
3291,1196,1199,0.37798,3.53553,2
3292,1006,1200,0.37798,2.50000,2
3293,1200,1198,0.37798,2.50000,2
3294,1007,1201,0.37798,2.50000,2
3295,1201,1199,0.37798,2.50000,2
3296,1011,1202,0.37798,2.50000,4
3297,1202,1203,0.37798,2.50000,4
3298,1197,1204,0.37798,2.50000,4
3299,1204,1203,0.37798,2.50000,4
3300,1169,1205,0.37798,2.50000,4
3301,1205,1203,0.37798,2.50000,4
3302,1012,1196,0.37798,3.53553,2
3303,1012,1202,0.37798,3.53553,2
3304,1196,1204,0.37798,3.53553,2
3305,1202,1204,0.37798,3.53553,2
3306,1013,1168,0.37798,3.53553,2
3307,1013,1202,0.37798,3.53553,2
3308,1168,1205,0.37798,3.53553,2
3309,1202,1205,0.37798,3.53553,2
3310,1012,1206,0.37798,2.50000,2
3311,1206,1204,0.37798,2.50000,2
3312,1013,1207,0.37798,2.50000,2
3313,1207,1205,0.37798,2.50000,2
3314,1017,1208,0.37798,2.50000,2
3315,1208,1209,0.37798,2.50000,2
3316,1203,1210,0.37798,2.50000,4
3317,1210,1209,0.37798,2.50000,4
3318,1175,1211,0.37798,2.50000,2
3319,1211,1209,0.37798,2.50000,2
3320,1018,1202,0.37798,3.53553,2
3321,1018,1208,0.37798,3.53553,2
3322,1202,1210,0.37798,3.53553,2
3323,1208,1210,0.37798,3.53553,2
3324,1019,1174,0.37798,3.53553,1
3325,1019,1208,0.37798,3.53553,1
3326,1174,1211,0.37798,3.53553,1
3327,1208,1211,0.37798,3.53553,1
3328,1018,1212,0.37798,2.50000,2
3329,1212,1210,0.37798,2.50000,2
3330,1019,1213,0.37798,2.50000,1
3331,1213,1211,0.37798,2.50000,1
3332,1024,1214,0.37798,2.50000,1
3333,1025,1215,0.37798,2.50000,2
3334,1214,1216,0.37798,2.50000,1
3335,1215,1217,0.37798,2.50000,2
3336,1216,1218,0.37798,2.50000,2
3337,1218,1217,0.37798,2.50000,2
3338,1182,1219,0.37798,2.50000,2
3339,1219,1216,0.37798,2.50000,2
3340,1183,1220,0.37798,2.50000,4
3341,1220,1217,0.37798,2.50000,4
3342,1026,1214,0.37798,3.53553,1
3343,1026,1215,0.37798,3.53553,1
3344,1214,1218,0.37798,3.53553,1
3345,1215,1218,0.37798,3.53553,1
3346,1027,1180,0.37798,3.53553,1
3347,1027,1214,0.37798,3.53553,1
3348,1028,1181,0.37798,3.53553,2
3349,1028,1215,0.37798,3.53553,2
3350,1180,1219,0.37798,3.53553,1
3351,1214,1219,0.37798,3.53553,1
3352,1181,1220,0.37798,3.53553,2
3353,1215,1220,0.37798,3.53553,2
3354,1026,1221,0.37798,2.50000,1
3355,1221,1218,0.37798,2.50000,1
3356,1027,1222,0.37798,2.50000,1
3357,1028,1223,0.37798,2.50000,2
3358,1222,1219,0.37798,2.50000,1
3359,1223,1220,0.37798,2.50000,2
3360,1033,1224,0.37798,2.50000,2
3361,1224,1225,0.37798,2.50000,2
3362,1217,1226,0.37798,2.50000,2
3363,1226,1225,0.37798,2.50000,2
3364,1191,1227,0.37798,2.50000,4
3365,1227,1225,0.37798,2.50000,4
3366,1034,1215,0.37798,3.53553,1
3367,1034,1224,0.37798,3.53553,1
3368,1215,1226,0.37798,3.53553,1
3369,1224,1226,0.37798,3.53553,1
3370,1035,1190,0.37798,3.53553,2
3371,1035,1224,0.37798,3.53553,2
3372,1190,1227,0.37798,3.53553,2
3373,1224,1227,0.37798,3.53553,2
3374,1034,1228,0.37798,2.50000,1
3375,1228,1226,0.37798,2.50000,1
3376,1035,1229,0.37798,2.50000,2
3377,1229,1227,0.37798,2.50000,2
3378,1039,1230,0.37798,2.50000,2
3379,1230,1231,0.37798,2.50000,2
3380,1225,1232,0.37798,2.50000,2
3381,1232,1231,0.37798,2.50000,2
3382,1197,1233,0.37798,2.50000,4
3383,1233,1231,0.37798,2.50000,4
3384,1040,1224,0.37798,3.53553,1
3385,1040,1230,0.37798,3.53553,1
3386,1224,1232,0.37798,3.53553,1
3387,1230,1232,0.37798,3.53553,1
3388,1041,1196,0.37798,3.53553,2
3389,1041,1230,0.37798,3.53553,2
3390,1196,1233,0.37798,3.53553,2
3391,1230,1233,0.37798,3.53553,2
3392,1040,1234,0.37798,2.50000,1
3393,1234,1232,0.37798,2.50000,1
3394,1041,1235,0.37798,2.50000,2
3395,1235,1233,0.37798,2.50000,2
3396,1045,1236,0.37798,2.50000,2
3397,1236,1237,0.37798,2.50000,2
3398,1231,1238,0.37798,2.50000,2
3399,1238,1237,0.37798,2.50000,2
3400,1203,1239,0.37798,2.50000,4
3401,1239,1237,0.37798,2.50000,4
3402,1046,1230,0.37798,3.53553,1
3403,1046,1236,0.37798,3.53553,1
3404,1230,1238,0.37798,3.53553,1
3405,1236,1238,0.37798,3.53553,1
3406,1047,1202,0.37798,3.53553,2
3407,1047,1236,0.37798,3.53553,2
3408,1202,1239,0.37798,3.53553,2
3409,1236,1239,0.37798,3.53553,2
3410,1046,1240,0.37798,2.50000,1
3411,1240,1238,0.37798,2.50000,1
3412,1047,1241,0.37798,2.50000,2
3413,1241,1239,0.37798,2.50000,2
3414,1051,1242,0.37798,2.50000,1
3415,1242,1243,0.37798,2.50000,1
3416,1237,1244,0.37798,2.50000,2
3417,1244,1243,0.37798,2.50000,2
3418,1209,1245,0.37798,2.50000,2
3419,1245,1243,0.37798,2.50000,2
3420,1052,1236,0.37798,3.53553,1
3421,1052,1242,0.37798,3.53553,1
3422,1236,1244,0.37798,3.53553,1
3423,1242,1244,0.37798,3.53553,1
3424,1053,1208,0.37798,3.53553,1
3425,1053,1242,0.37798,3.53553,1
3426,1208,1245,0.37798,3.53553,1
3427,1242,1245,0.37798,3.53553,1
3428,1052,1246,0.37798,2.50000,1
3429,1246,1244,0.37798,2.50000,1
3430,1053,1247,0.37798,2.50000,1
3431,1247,1245,0.37798,2.50000,1
3432,1060,1248,0.37798,2.50000,1
3433,1061,1249,0.37798,2.50000,2
3434,1062,1250,0.37798,2.50000,2
3435,1063,1251,0.37798,2.50000,4
3436,1248,1252,0.37798,2.50000,1
3437,1249,1253,0.37798,2.50000,2
3438,1250,1254,0.37798,2.50000,2
3439,1251,1255,0.37798,2.50000,4
3440,1252,1256,0.37798,2.50000,2
3441,1253,1257,0.37798,2.50000,4
3442,1256,1254,0.37798,2.50000,2
3443,1257,1255,0.37798,2.50000,4
3444,1252,1258,0.37798,2.50000,2
3445,1258,1253,0.37798,2.50000,2
3446,1254,1259,0.37798,2.50000,4
3447,1259,1255,0.37798,2.50000,4
3448,1064,1248,0.37798,3.53553,1
3449,1065,1249,0.37798,3.53553,2
3450,1064,1250,0.37798,3.53553,1
3451,1065,1251,0.37798,3.53553,2
3452,1248,1256,0.37798,3.53553,1
3453,1249,1257,0.37798,3.53553,2
3454,1250,1256,0.37798,3.53553,1
3455,1251,1257,0.37798,3.53553,2
3456,1066,1248,0.37798,3.53553,1
3457,1066,1249,0.37798,3.53553,1
3458,1067,1250,0.37798,3.53553,2
3459,1067,1251,0.37798,3.53553,2
3460,1248,1258,0.37798,3.53553,1
3461,1249,1258,0.37798,3.53553,1
3462,1250,1259,0.37798,3.53553,2
3463,1251,1259,0.37798,3.53553,2
3464,1064,1260,0.37798,2.50000,1
3465,1065,1261,0.37798,2.50000,2
3466,1260,1256,0.37798,2.50000,1
3467,1261,1257,0.37798,2.50000,2
3468,1066,1262,0.37798,2.50000,1
3469,1067,1263,0.37798,2.50000,2
3470,1262,1258,0.37798,2.50000,1
3471,1263,1259,0.37798,2.50000,2
3472,1074,1264,0.37798,2.50000,2
3473,1075,1265,0.37798,2.50000,4
3474,1264,1266,0.37798,2.50000,2
3475,1265,1267,0.37798,2.50000,4
3476,1254,1268,0.37798,2.50000,2
3477,1255,1269,0.37798,2.50000,4
3478,1268,1266,0.37798,2.50000,2
3479,1269,1267,0.37798,2.50000,4
3480,1266,1270,0.37798,2.50000,4
3481,1270,1267,0.37798,2.50000,4
3482,1076,1250,0.37798,3.53553,1
3483,1077,1251,0.37798,3.53553,2
3484,1076,1264,0.37798,3.53553,1
3485,1077,1265,0.37798,3.53553,2
3486,1250,1268,0.37798,3.53553,1
3487,1251,1269,0.37798,3.53553,2
3488,1264,1268,0.37798,3.53553,1
3489,1265,1269,0.37798,3.53553,2
3490,1078,1264,0.37798,3.53553,2
3491,1078,1265,0.37798,3.53553,2
3492,1264,1270,0.37798,3.53553,2
3493,1265,1270,0.37798,3.53553,2
3494,1076,1271,0.37798,2.50000,1
3495,1077,1272,0.37798,2.50000,2
3496,1271,1268,0.37798,2.50000,1
3497,1272,1269,0.37798,2.50000,2
3498,1078,1273,0.37798,2.50000,2
3499,1273,1270,0.37798,2.50000,2
3500,1084,1274,0.37798,2.50000,2
3501,1085,1275,0.37798,2.50000,4
3502,1274,1276,0.37798,2.50000,2
3503,1275,1277,0.37798,2.50000,4
3504,1266,1278,0.37798,2.50000,2
3505,1267,1279,0.37798,2.50000,4
3506,1278,1276,0.37798,2.50000,2
3507,1279,1277,0.37798,2.50000,4
3508,1276,1280,0.37798,2.50000,4
3509,1280,1277,0.37798,2.50000,4
3510,1086,1264,0.37798,3.53553,1
3511,1087,1265,0.37798,3.53553,2
3512,1086,1274,0.37798,3.53553,1
3513,1087,1275,0.37798,3.53553,2
3514,1264,1278,0.37798,3.53553,1
3515,1265,1279,0.37798,3.53553,2
3516,1274,1278,0.37798,3.53553,1
3517,1275,1279,0.37798,3.53553,2
3518,1088,1274,0.37798,3.53553,2
3519,1088,1275,0.37798,3.53553,2
3520,1274,1280,0.37798,3.53553,2
3521,1275,1280,0.37798,3.53553,2
3522,1086,1281,0.37798,2.50000,1
3523,1087,1282,0.37798,2.50000,2
3524,1281,1278,0.37798,2.50000,1
3525,1282,1279,0.37798,2.50000,2
3526,1088,1283,0.37798,2.50000,2
3527,1283,1280,0.37798,2.50000,2
3528,1094,1284,0.37798,2.50000,2
3529,1095,1285,0.37798,2.50000,4
3530,1284,1286,0.37798,2.50000,2
3531,1285,1287,0.37798,2.50000,4
3532,1276,1288,0.37798,2.50000,2
3533,1277,1289,0.37798,2.50000,4
3534,1288,1286,0.37798,2.50000,2
3535,1289,1287,0.37798,2.50000,4
3536,1286,1290,0.37798,2.50000,4
3537,1290,1287,0.37798,2.50000,4
3538,1096,1274,0.37798,3.53553,1
3539,1097,1275,0.37798,3.53553,2
3540,1096,1284,0.37798,3.53553,1
3541,1097,1285,0.37798,3.53553,2
3542,1274,1288,0.37798,3.53553,1
3543,1275,1289,0.37798,3.53553,2
3544,1284,1288,0.37798,3.53553,1
3545,1285,1289,0.37798,3.53553,2
3546,1098,1284,0.37798,3.53553,2
3547,1098,1285,0.37798,3.53553,2
3548,1284,1290,0.37798,3.53553,2
3549,1285,1290,0.37798,3.53553,2
3550,1096,1291,0.37798,2.50000,1
3551,1097,1292,0.37798,2.50000,2
3552,1291,1288,0.37798,2.50000,1
3553,1292,1289,0.37798,2.50000,2
3554,1098,1293,0.37798,2.50000,2
3555,1293,1290,0.37798,2.50000,2
3556,1104,1294,0.37798,2.50000,1
3557,1105,1295,0.37798,2.50000,2
3558,1294,1296,0.37798,2.50000,1
3559,1295,1297,0.37798,2.50000,2
3560,1286,1298,0.37798,2.50000,2
3561,1287,1299,0.37798,2.50000,4
3562,1298,1296,0.37798,2.50000,2
3563,1299,1297,0.37798,2.50000,4
3564,1296,1300,0.37798,2.50000,2
3565,1300,1297,0.37798,2.50000,2
3566,1106,1284,0.37798,3.53553,1
3567,1107,1285,0.37798,3.53553,2
3568,1106,1294,0.37798,3.53553,1
3569,1107,1295,0.37798,3.53553,2
3570,1284,1298,0.37798,3.53553,1
3571,1285,1299,0.37798,3.53553,2
3572,1294,1298,0.37798,3.53553,1
3573,1295,1299,0.37798,3.53553,2
3574,1108,1294,0.37798,3.53553,1
3575,1108,1295,0.37798,3.53553,1
3576,1294,1300,0.37798,3.53553,1
3577,1295,1300,0.37798,3.53553,1
3578,1106,1301,0.37798,2.50000,1
3579,1107,1302,0.37798,2.50000,2
3580,1301,1298,0.37798,2.50000,1
3581,1302,1299,0.37798,2.50000,2
3582,1108,1303,0.37798,2.50000,1
3583,1303,1300,0.37798,2.50000,1
3584,1114,1304,0.37798,2.50000,2
3585,1115,1305,0.37798,2.50000,4
3586,1304,1306,0.37798,2.50000,2
3587,1305,1307,0.37798,2.50000,4
3588,1306,1308,0.37798,2.50000,4
3589,1308,1307,0.37798,2.50000,4
3590,1253,1309,0.37798,2.50000,2
3591,1309,1306,0.37798,2.50000,2
3592,1255,1310,0.37798,2.50000,4
3593,1310,1307,0.37798,2.50000,4
3594,1116,1304,0.37798,3.53553,2
3595,1116,1305,0.37798,3.53553,2
3596,1304,1308,0.37798,3.53553,2
3597,1305,1308,0.37798,3.53553,2
3598,1117,1249,0.37798,3.53553,1
3599,1117,1304,0.37798,3.53553,1
3600,1118,1251,0.37798,3.53553,2
3601,1118,1305,0.37798,3.53553,2
3602,1249,1309,0.37798,3.53553,1
3603,1304,1309,0.37798,3.53553,1
3604,1251,1310,0.37798,3.53553,2
3605,1305,1310,0.37798,3.53553,2
3606,1116,1311,0.37798,2.50000,2
3607,1311,1308,0.37798,2.50000,2
3608,1117,1312,0.37798,2.50000,1
3609,1118,1313,0.37798,2.50000,2
3610,1312,1309,0.37798,2.50000,1
3611,1313,1310,0.37798,2.50000,2
3612,1123,1314,0.37798,2.50000,4
3613,1314,1315,0.37798,2.50000,4
3614,1307,1316,0.37798,2.50000,4
3615,1316,1315,0.37798,2.50000,4
3616,1267,1317,0.37798,2.50000,4
3617,1317,1315,0.37798,2.50000,4
3618,1124,1305,0.37798,3.53553,2
3619,1124,1314,0.37798,3.53553,2
3620,1305,1316,0.37798,3.53553,2
3621,1314,1316,0.37798,3.53553,2
3622,1125,1265,0.37798,3.53553,2
3623,1125,1314,0.37798,3.53553,2
3624,1265,1317,0.37798,3.53553,2
3625,1314,1317,0.37798,3.53553,2
3626,1124,1318,0.37798,2.50000,2
3627,1318,1316,0.37798,2.50000,2
3628,1125,1319,0.37798,2.50000,2
3629,1319,1317,0.37798,2.50000,2
3630,1129,1320,0.37798,2.50000,4
3631,1320,1321,0.37798,2.50000,4
3632,1315,1322,0.37798,2.50000,4
3633,1322,1321,0.37798,2.50000,4
3634,1277,1323,0.37798,2.50000,4
3635,1323,1321,0.37798,2.50000,4
3636,1130,1314,0.37798,3.53553,2
3637,1130,1320,0.37798,3.53553,2
3638,1314,1322,0.37798,3.53553,2
3639,1320,1322,0.37798,3.53553,2
3640,1131,1275,0.37798,3.53553,2
3641,1131,1320,0.37798,3.53553,2
3642,1275,1323,0.37798,3.53553,2
3643,1320,1323,0.37798,3.53553,2
3644,1130,1324,0.37798,2.50000,2
3645,1324,1322,0.37798,2.50000,2
3646,1131,1325,0.37798,2.50000,2
3647,1325,1323,0.37798,2.50000,2
3648,1135,1326,0.37798,2.50000,4
3649,1326,1327,0.37798,2.50000,4
3650,1321,1328,0.37798,2.50000,4
3651,1328,1327,0.37798,2.50000,4
3652,1287,1329,0.37798,2.50000,4
3653,1329,1327,0.37798,2.50000,4
3654,1136,1320,0.37798,3.53553,2
3655,1136,1326,0.37798,3.53553,2
3656,1320,1328,0.37798,3.53553,2
3657,1326,1328,0.37798,3.53553,2
3658,1137,1285,0.37798,3.53553,2
3659,1137,1326,0.37798,3.53553,2
3660,1285,1329,0.37798,3.53553,2
3661,1326,1329,0.37798,3.53553,2
3662,1136,1330,0.37798,2.50000,2
3663,1330,1328,0.37798,2.50000,2
3664,1137,1331,0.37798,2.50000,2
3665,1331,1329,0.37798,2.50000,2
3666,1141,1332,0.37798,2.50000,2
3667,1332,1333,0.37798,2.50000,2
3668,1327,1334,0.37798,2.50000,4
3669,1334,1333,0.37798,2.50000,4
3670,1297,1335,0.37798,2.50000,2
3671,1335,1333,0.37798,2.50000,2
3672,1142,1326,0.37798,3.53553,2
3673,1142,1332,0.37798,3.53553,2
3674,1326,1334,0.37798,3.53553,2
3675,1332,1334,0.37798,3.53553,2
3676,1143,1295,0.37798,3.53553,1
3677,1143,1332,0.37798,3.53553,1
3678,1295,1335,0.37798,3.53553,1
3679,1332,1335,0.37798,3.53553,1
3680,1142,1336,0.37798,2.50000,2
3681,1336,1334,0.37798,2.50000,2
3682,1143,1337,0.37798,2.50000,1
3683,1337,1335,0.37798,2.50000,1
3684,1148,1338,0.37798,2.50000,2
3685,1149,1339,0.37798,2.50000,4
3686,1338,1340,0.37798,2.50000,2
3687,1339,1341,0.37798,2.50000,4
3688,1340,1342,0.37798,2.50000,4
3689,1342,1341,0.37798,2.50000,4
3690,1306,1343,0.37798,2.50000,2
3691,1343,1340,0.37798,2.50000,2
3692,1307,1344,0.37798,2.50000,4
3693,1344,1341,0.37798,2.50000,4
3694,1150,1338,0.37798,3.53553,2
3695,1150,1339,0.37798,3.53553,2
3696,1338,1342,0.37798,3.53553,2
3697,1339,1342,0.37798,3.53553,2
3698,1151,1304,0.37798,3.53553,1
3699,1151,1338,0.37798,3.53553,1
3700,1152,1305,0.37798,3.53553,2
3701,1152,1339,0.37798,3.53553,2
3702,1304,1343,0.37798,3.53553,1
3703,1338,1343,0.37798,3.53553,1
3704,1305,1344,0.37798,3.53553,2
3705,1339,1344,0.37798,3.53553,2
3706,1150,1345,0.37798,2.50000,2
3707,1345,1342,0.37798,2.50000,2
3708,1151,1346,0.37798,2.50000,1
3709,1152,1347,0.37798,2.50000,2
3710,1346,1343,0.37798,2.50000,1
3711,1347,1344,0.37798,2.50000,2
3712,1157,1348,0.37798,2.50000,4
3713,1348,1349,0.37798,2.50000,4
3714,1341,1350,0.37798,2.50000,4
3715,1350,1349,0.37798,2.50000,4
3716,1315,1351,0.37798,2.50000,4
3717,1351,1349,0.37798,2.50000,4
3718,1158,1339,0.37798,3.53553,2
3719,1158,1348,0.37798,3.53553,2
3720,1339,1350,0.37798,3.53553,2
3721,1348,1350,0.37798,3.53553,2
3722,1159,1314,0.37798,3.53553,2
3723,1159,1348,0.37798,3.53553,2
3724,1314,1351,0.37798,3.53553,2
3725,1348,1351,0.37798,3.53553,2
3726,1158,1352,0.37798,2.50000,2
3727,1352,1350,0.37798,2.50000,2
3728,1159,1353,0.37798,2.50000,2
3729,1353,1351,0.37798,2.50000,2
3730,1163,1354,0.37798,2.50000,4
3731,1354,1355,0.37798,2.50000,4
3732,1349,1356,0.37798,2.50000,4
3733,1356,1355,0.37798,2.50000,4
3734,1321,1357,0.37798,2.50000,4
3735,1357,1355,0.37798,2.50000,4
3736,1164,1348,0.37798,3.53553,2
3737,1164,1354,0.37798,3.53553,2
3738,1348,1356,0.37798,3.53553,2
3739,1354,1356,0.37798,3.53553,2
3740,1165,1320,0.37798,3.53553,2
3741,1165,1354,0.37798,3.53553,2
3742,1320,1357,0.37798,3.53553,2
3743,1354,1357,0.37798,3.53553,2
3744,1164,1358,0.37798,2.50000,2
3745,1358,1356,0.37798,2.50000,2
3746,1165,1359,0.37798,2.50000,2
3747,1359,1357,0.37798,2.50000,2
3748,1169,1360,0.37798,2.50000,4
3749,1360,1361,0.37798,2.50000,4
3750,1355,1362,0.37798,2.50000,4
3751,1362,1361,0.37798,2.50000,4
3752,1327,1363,0.37798,2.50000,4
3753,1363,1361,0.37798,2.50000,4
3754,1170,1354,0.37798,3.53553,2
3755,1170,1360,0.37798,3.53553,2
3756,1354,1362,0.37798,3.53553,2
3757,1360,1362,0.37798,3.53553,2
3758,1171,1326,0.37798,3.53553,2
3759,1171,1360,0.37798,3.53553,2
3760,1326,1363,0.37798,3.53553,2
3761,1360,1363,0.37798,3.53553,2
3762,1170,1364,0.37798,2.50000,2
3763,1364,1362,0.37798,2.50000,2
3764,1171,1365,0.37798,2.50000,2
3765,1365,1363,0.37798,2.50000,2
3766,1175,1366,0.37798,2.50000,2
3767,1366,1367,0.37798,2.50000,2
3768,1361,1368,0.37798,2.50000,4
3769,1368,1367,0.37798,2.50000,4
3770,1333,1369,0.37798,2.50000,2
3771,1369,1367,0.37798,2.50000,2
3772,1176,1360,0.37798,3.53553,2
3773,1176,1366,0.37798,3.53553,2
3774,1360,1368,0.37798,3.53553,2
3775,1366,1368,0.37798,3.53553,2
3776,1177,1332,0.37798,3.53553,1
3777,1177,1366,0.37798,3.53553,1
3778,1332,1369,0.37798,3.53553,1
3779,1366,1369,0.37798,3.53553,1
3780,1176,1370,0.37798,2.50000,2
3781,1370,1368,0.37798,2.50000,2
3782,1177,1371,0.37798,2.50000,1
3783,1371,1369,0.37798,2.50000,1
3784,1182,1372,0.37798,2.50000,2
3785,1183,1373,0.37798,2.50000,4
3786,1372,1374,0.37798,2.50000,2
3787,1373,1375,0.37798,2.50000,4
3788,1374,1376,0.37798,2.50000,4
3789,1376,1375,0.37798,2.50000,4
3790,1340,1377,0.37798,2.50000,2
3791,1377,1374,0.37798,2.50000,2
3792,1341,1378,0.37798,2.50000,4
3793,1378,1375,0.37798,2.50000,4
3794,1184,1372,0.37798,3.53553,2
3795,1184,1373,0.37798,3.53553,2
3796,1372,1376,0.37798,3.53553,2
3797,1373,1376,0.37798,3.53553,2
3798,1185,1338,0.37798,3.53553,1
3799,1185,1372,0.37798,3.53553,1
3800,1186,1339,0.37798,3.53553,2
3801,1186,1373,0.37798,3.53553,2
3802,1338,1377,0.37798,3.53553,1
3803,1372,1377,0.37798,3.53553,1
3804,1339,1378,0.37798,3.53553,2
3805,1373,1378,0.37798,3.53553,2
3806,1184,1379,0.37798,2.50000,2
3807,1379,1376,0.37798,2.50000,2
3808,1185,1380,0.37798,2.50000,1
3809,1186,1381,0.37798,2.50000,2
3810,1380,1377,0.37798,2.50000,1
3811,1381,1378,0.37798,2.50000,2
3812,1191,1382,0.37798,2.50000,4
3813,1382,1383,0.37798,2.50000,4
3814,1375,1384,0.37798,2.50000,4
3815,1384,1383,0.37798,2.50000,4
3816,1349,1385,0.37798,2.50000,4
3817,1385,1383,0.37798,2.50000,4
3818,1192,1373,0.37798,3.53553,2
3819,1192,1382,0.37798,3.53553,2
3820,1373,1384,0.37798,3.53553,2
3821,1382,1384,0.37798,3.53553,2
3822,1193,1348,0.37798,3.53553,2
3823,1193,1382,0.37798,3.53553,2
3824,1348,1385,0.37798,3.53553,2
3825,1382,1385,0.37798,3.53553,2
3826,1192,1386,0.37798,2.50000,2
3827,1386,1384,0.37798,2.50000,2
3828,1193,1387,0.37798,2.50000,2
3829,1387,1385,0.37798,2.50000,2
3830,1197,1388,0.37798,2.50000,4
3831,1388,1389,0.37798,2.50000,4
3832,1383,1390,0.37798,2.50000,4
3833,1390,1389,0.37798,2.50000,4
3834,1355,1391,0.37798,2.50000,4
3835,1391,1389,0.37798,2.50000,4
3836,1198,1382,0.37798,3.53553,2
3837,1198,1388,0.37798,3.53553,2
3838,1382,1390,0.37798,3.53553,2
3839,1388,1390,0.37798,3.53553,2
3840,1199,1354,0.37798,3.53553,2
3841,1199,1388,0.37798,3.53553,2
3842,1354,1391,0.37798,3.53553,2
3843,1388,1391,0.37798,3.53553,2
3844,1198,1392,0.37798,2.50000,2
3845,1392,1390,0.37798,2.50000,2
3846,1199,1393,0.37798,2.50000,2
3847,1393,1391,0.37798,2.50000,2
3848,1203,1394,0.37798,2.50000,4
3849,1394,1395,0.37798,2.50000,4
3850,1389,1396,0.37798,2.50000,4
3851,1396,1395,0.37798,2.50000,4
3852,1361,1397,0.37798,2.50000,4
3853,1397,1395,0.37798,2.50000,4
3854,1204,1388,0.37798,3.53553,2
3855,1204,1394,0.37798,3.53553,2
3856,1388,1396,0.37798,3.53553,2
3857,1394,1396,0.37798,3.53553,2
3858,1205,1360,0.37798,3.53553,2
3859,1205,1394,0.37798,3.53553,2
3860,1360,1397,0.37798,3.53553,2
3861,1394,1397,0.37798,3.53553,2
3862,1204,1398,0.37798,2.50000,2
3863,1398,1396,0.37798,2.50000,2
3864,1205,1399,0.37798,2.50000,2
3865,1399,1397,0.37798,2.50000,2
3866,1209,1400,0.37798,2.50000,2
3867,1400,1401,0.37798,2.50000,2
3868,1395,1402,0.37798,2.50000,4
3869,1402,1401,0.37798,2.50000,4
3870,1367,1403,0.37798,2.50000,2
3871,1403,1401,0.37798,2.50000,2
3872,1210,1394,0.37798,3.53553,2
3873,1210,1400,0.37798,3.53553,2
3874,1394,1402,0.37798,3.53553,2
3875,1400,1402,0.37798,3.53553,2
3876,1211,1366,0.37798,3.53553,1
3877,1211,1400,0.37798,3.53553,1
3878,1366,1403,0.37798,3.53553,1
3879,1400,1403,0.37798,3.53553,1
3880,1210,1404,0.37798,2.50000,2
3881,1404,1402,0.37798,2.50000,2
3882,1211,1405,0.37798,2.50000,1
3883,1405,1403,0.37798,2.50000,1
3884,1216,1406,0.37798,2.50000,1
3885,1217,1407,0.37798,2.50000,2
3886,1406,1408,0.37798,2.50000,1
3887,1407,1409,0.37798,2.50000,2
3888,1408,1410,0.37798,2.50000,2
3889,1410,1409,0.37798,2.50000,2
3890,1374,1411,0.37798,2.50000,2
3891,1411,1408,0.37798,2.50000,2
3892,1375,1412,0.37798,2.50000,4
3893,1412,1409,0.37798,2.50000,4
3894,1218,1406,0.37798,3.53553,1
3895,1218,1407,0.37798,3.53553,1
3896,1406,1410,0.37798,3.53553,1
3897,1407,1410,0.37798,3.53553,1
3898,1219,1372,0.37798,3.53553,1
3899,1219,1406,0.37798,3.53553,1
3900,1220,1373,0.37798,3.53553,2
3901,1220,1407,0.37798,3.53553,2
3902,1372,1411,0.37798,3.53553,1
3903,1406,1411,0.37798,3.53553,1
3904,1373,1412,0.37798,3.53553,2
3905,1407,1412,0.37798,3.53553,2
3906,1218,1413,0.37798,2.50000,1
3907,1413,1410,0.37798,2.50000,1
3908,1219,1414,0.37798,2.50000,1
3909,1220,1415,0.37798,2.50000,2
3910,1414,1411,0.37798,2.50000,1
3911,1415,1412,0.37798,2.50000,2
3912,1225,1416,0.37798,2.50000,2
3913,1416,1417,0.37798,2.50000,2
3914,1409,1418,0.37798,2.50000,2
3915,1418,1417,0.37798,2.50000,2
3916,1383,1419,0.37798,2.50000,4
3917,1419,1417,0.37798,2.50000,4
3918,1226,1407,0.37798,3.53553,1
3919,1226,1416,0.37798,3.53553,1
3920,1407,1418,0.37798,3.53553,1
3921,1416,1418,0.37798,3.53553,1
3922,1227,1382,0.37798,3.53553,2
3923,1227,1416,0.37798,3.53553,2
3924,1382,1419,0.37798,3.53553,2
3925,1416,1419,0.37798,3.53553,2
3926,1226,1420,0.37798,2.50000,1
3927,1420,1418,0.37798,2.50000,1
3928,1227,1421,0.37798,2.50000,2
3929,1421,1419,0.37798,2.50000,2
3930,1231,1422,0.37798,2.50000,2
3931,1422,1423,0.37798,2.50000,2
3932,1417,1424,0.37798,2.50000,2
3933,1424,1423,0.37798,2.50000,2
3934,1389,1425,0.37798,2.50000,4
3935,1425,1423,0.37798,2.50000,4
3936,1232,1416,0.37798,3.53553,1
3937,1232,1422,0.37798,3.53553,1
3938,1416,1424,0.37798,3.53553,1
3939,1422,1424,0.37798,3.53553,1
3940,1233,1388,0.37798,3.53553,2
3941,1233,1422,0.37798,3.53553,2
3942,1388,1425,0.37798,3.53553,2
3943,1422,1425,0.37798,3.53553,2
3944,1232,1426,0.37798,2.50000,1
3945,1426,1424,0.37798,2.50000,1
3946,1233,1427,0.37798,2.50000,2
3947,1427,1425,0.37798,2.50000,2
3948,1237,1428,0.37798,2.50000,2
3949,1428,1429,0.37798,2.50000,2
3950,1423,1430,0.37798,2.50000,2
3951,1430,1429,0.37798,2.50000,2
3952,1395,1431,0.37798,2.50000,4
3953,1431,1429,0.37798,2.50000,4
3954,1238,1422,0.37798,3.53553,1
3955,1238,1428,0.37798,3.53553,1
3956,1422,1430,0.37798,3.53553,1
3957,1428,1430,0.37798,3.53553,1
3958,1239,1394,0.37798,3.53553,2
3959,1239,1428,0.37798,3.53553,2
3960,1394,1431,0.37798,3.53553,2
3961,1428,1431,0.37798,3.53553,2
3962,1238,1432,0.37798,2.50000,1
3963,1432,1430,0.37798,2.50000,1
3964,1239,1433,0.37798,2.50000,2
3965,1433,1431,0.37798,2.50000,2
3966,1243,1434,0.37798,2.50000,1
3967,1434,1435,0.37798,2.50000,1
3968,1429,1436,0.37798,2.50000,2
3969,1436,1435,0.37798,2.50000,2
3970,1401,1437,0.37798,2.50000,2
3971,1437,1435,0.37798,2.50000,2
3972,1244,1428,0.37798,3.53553,1
3973,1244,1434,0.37798,3.53553,1
3974,1428,1436,0.37798,3.53553,1
3975,1434,1436,0.37798,3.53553,1
3976,1245,1400,0.37798,3.53553,1
3977,1245,1434,0.37798,3.53553,1
3978,1400,1437,0.37798,3.53553,1
3979,1434,1437,0.37798,3.53553,1
3980,1244,1438,0.37798,2.50000,1
3981,1438,1436,0.37798,2.50000,1
3982,1245,1439,0.37798,2.50000,1
3983,1439,1437,0.37798,2.50000,1
3984,1252,1440,0.37798,2.50000,1
3985,1253,1441,0.37798,2.50000,2
3986,1254,1442,0.37798,2.50000,2
3987,1255,1443,0.37798,2.50000,4
3988,1440,1444,0.37798,2.50000,1
3989,1441,1445,0.37798,2.50000,2
3990,1442,1446,0.37798,2.50000,2
3991,1443,1447,0.37798,2.50000,4
3992,1444,1448,0.37798,2.50000,2
3993,1445,1449,0.37798,2.50000,4
3994,1448,1446,0.37798,2.50000,2
3995,1449,1447,0.37798,2.50000,4
3996,1444,1450,0.37798,2.50000,2
3997,1450,1445,0.37798,2.50000,2
3998,1446,1451,0.37798,2.50000,4
3999,1451,1447,0.37798,2.50000,4
4000,1256,1440,0.37798,3.53553,1
4001,1257,1441,0.37798,3.53553,2
4002,1256,1442,0.37798,3.53553,1
4003,1257,1443,0.37798,3.53553,2
4004,1440,1448,0.37798,3.53553,1
4005,1441,1449,0.37798,3.53553,2
4006,1442,1448,0.37798,3.53553,1
4007,1443,1449,0.37798,3.53553,2
4008,1258,1440,0.37798,3.53553,1
4009,1258,1441,0.37798,3.53553,1
4010,1259,1442,0.37798,3.53553,2
4011,1259,1443,0.37798,3.53553,2
4012,1440,1450,0.37798,3.53553,1
4013,1441,1450,0.37798,3.53553,1
4014,1442,1451,0.37798,3.53553,2
4015,1443,1451,0.37798,3.53553,2
4016,1256,1452,0.37798,2.50000,1
4017,1257,1453,0.37798,2.50000,2
4018,1452,1448,0.37798,2.50000,1
4019,1453,1449,0.37798,2.50000,2
4020,1258,1454,0.37798,2.50000,1
4021,1259,1455,0.37798,2.50000,2
4022,1454,1450,0.37798,2.50000,1
4023,1455,1451,0.37798,2.50000,2
4024,1266,1456,0.37798,2.50000,2
4025,1267,1457,0.37798,2.50000,4
4026,1456,1458,0.37798,2.50000,2
4027,1457,1459,0.37798,2.50000,4
4028,1446,1460,0.37798,2.50000,2
4029,1447,1461,0.37798,2.50000,4
4030,1460,1458,0.37798,2.50000,2
4031,1461,1459,0.37798,2.50000,4
4032,1458,1462,0.37798,2.50000,4
4033,1462,1459,0.37798,2.50000,4
4034,1268,1442,0.37798,3.53553,1
4035,1269,1443,0.37798,3.53553,2
4036,1268,1456,0.37798,3.53553,1
4037,1269,1457,0.37798,3.53553,2
4038,1442,1460,0.37798,3.53553,1
4039,1443,1461,0.37798,3.53553,2
4040,1456,1460,0.37798,3.53553,1
4041,1457,1461,0.37798,3.53553,2
4042,1270,1456,0.37798,3.53553,2
4043,1270,1457,0.37798,3.53553,2
4044,1456,1462,0.37798,3.53553,2
4045,1457,1462,0.37798,3.53553,2
4046,1268,1463,0.37798,2.50000,1
4047,1269,1464,0.37798,2.50000,2
4048,1463,1460,0.37798,2.50000,1
4049,1464,1461,0.37798,2.50000,2
4050,1270,1465,0.37798,2.50000,2
4051,1465,1462,0.37798,2.50000,2
4052,1276,1466,0.37798,2.50000,2
4053,1277,1467,0.37798,2.50000,4
4054,1466,1468,0.37798,2.50000,2
4055,1467,1469,0.37798,2.50000,4
4056,1458,1470,0.37798,2.50000,2
4057,1459,1471,0.37798,2.50000,4
4058,1470,1468,0.37798,2.50000,2
4059,1471,1469,0.37798,2.50000,4
4060,1468,1472,0.37798,2.50000,4
4061,1472,1469,0.37798,2.50000,4
4062,1278,1456,0.37798,3.53553,1
4063,1279,1457,0.37798,3.53553,2
4064,1278,1466,0.37798,3.53553,1
4065,1279,1467,0.37798,3.53553,2
4066,1456,1470,0.37798,3.53553,1
4067,1457,1471,0.37798,3.53553,2
4068,1466,1470,0.37798,3.53553,1
4069,1467,1471,0.37798,3.53553,2
4070,1280,1466,0.37798,3.53553,2
4071,1280,1467,0.37798,3.53553,2
4072,1466,1472,0.37798,3.53553,2
4073,1467,1472,0.37798,3.53553,2
4074,1278,1473,0.37798,2.50000,1
4075,1279,1474,0.37798,2.50000,2
4076,1473,1470,0.37798,2.50000,1
4077,1474,1471,0.37798,2.50000,2
4078,1280,1475,0.37798,2.50000,2
4079,1475,1472,0.37798,2.50000,2
4080,1286,1476,0.37798,2.50000,2
4081,1287,1477,0.37798,2.50000,4
4082,1476,1478,0.37798,2.50000,2
4083,1477,1479,0.37798,2.50000,4
4084,1468,1480,0.37798,2.50000,2
4085,1469,1481,0.37798,2.50000,4
4086,1480,1478,0.37798,2.50000,2
4087,1481,1479,0.37798,2.50000,4
4088,1478,1482,0.37798,2.50000,4
4089,1482,1479,0.37798,2.50000,4
4090,1288,1466,0.37798,3.53553,1
4091,1289,1467,0.37798,3.53553,2
4092,1288,1476,0.37798,3.53553,1
4093,1289,1477,0.37798,3.53553,2
4094,1466,1480,0.37798,3.53553,1
4095,1467,1481,0.37798,3.53553,2
4096,1476,1480,0.37798,3.53553,1
4097,1477,1481,0.37798,3.53553,2
4098,1290,1476,0.37798,3.53553,2
4099,1290,1477,0.37798,3.53553,2
4100,1476,1482,0.37798,3.53553,2
4101,1477,1482,0.37798,3.53553,2
4102,1288,1483,0.37798,2.50000,1
4103,1289,1484,0.37798,2.50000,2
4104,1483,1480,0.37798,2.50000,1
4105,1484,1481,0.37798,2.50000,2
4106,1290,1485,0.37798,2.50000,2
4107,1485,1482,0.37798,2.50000,2
4108,1296,1486,0.37798,2.50000,1
4109,1297,1487,0.37798,2.50000,2
4110,1486,1488,0.37798,2.50000,1
4111,1487,1489,0.37798,2.50000,2
4112,1478,1490,0.37798,2.50000,2
4113,1479,1491,0.37798,2.50000,4
4114,1490,1488,0.37798,2.50000,2
4115,1491,1489,0.37798,2.50000,4
4116,1488,1492,0.37798,2.50000,2
4117,1492,1489,0.37798,2.50000,2
4118,1298,1476,0.37798,3.53553,1
4119,1299,1477,0.37798,3.53553,2
4120,1298,1486,0.37798,3.53553,1
4121,1299,1487,0.37798,3.53553,2
4122,1476,1490,0.37798,3.53553,1
4123,1477,1491,0.37798,3.53553,2
4124,1486,1490,0.37798,3.53553,1
4125,1487,1491,0.37798,3.53553,2
4126,1300,1486,0.37798,3.53553,1
4127,1300,1487,0.37798,3.53553,1
4128,1486,1492,0.37798,3.53553,1
4129,1487,1492,0.37798,3.53553,1
4130,1298,1493,0.37798,2.50000,1
4131,1299,1494,0.37798,2.50000,2
4132,1493,1490,0.37798,2.50000,1
4133,1494,1491,0.37798,2.50000,2
4134,1300,1495,0.37798,2.50000,1
4135,1495,1492,0.37798,2.50000,1
4136,1306,1496,0.37798,2.50000,2
4137,1307,1497,0.37798,2.50000,4
4138,1496,1498,0.37798,2.50000,2
4139,1497,1499,0.37798,2.50000,4
4140,1498,1500,0.37798,2.50000,4
4141,1500,1499,0.37798,2.50000,4
4142,1445,1501,0.37798,2.50000,2
4143,1501,1498,0.37798,2.50000,2
4144,1447,1502,0.37798,2.50000,4
4145,1502,1499,0.37798,2.50000,4
4146,1308,1496,0.37798,3.53553,2
4147,1308,1497,0.37798,3.53553,2
4148,1496,1500,0.37798,3.53553,2
4149,1497,1500,0.37798,3.53553,2
4150,1309,1441,0.37798,3.53553,1
4151,1309,1496,0.37798,3.53553,1
4152,1310,1443,0.37798,3.53553,2
4153,1310,1497,0.37798,3.53553,2
4154,1441,1501,0.37798,3.53553,1
4155,1496,1501,0.37798,3.53553,1
4156,1443,1502,0.37798,3.53553,2
4157,1497,1502,0.37798,3.53553,2
4158,1308,1503,0.37798,2.50000,2
4159,1503,1500,0.37798,2.50000,2
4160,1309,1504,0.37798,2.50000,1
4161,1310,1505,0.37798,2.50000,2
4162,1504,1501,0.37798,2.50000,1
4163,1505,1502,0.37798,2.50000,2
4164,1315,1506,0.37798,2.50000,4
4165,1506,1507,0.37798,2.50000,4
4166,1499,1508,0.37798,2.50000,4
4167,1508,1507,0.37798,2.50000,4
4168,1459,1509,0.37798,2.50000,4
4169,1509,1507,0.37798,2.50000,4
4170,1316,1497,0.37798,3.53553,2
4171,1316,1506,0.37798,3.53553,2
4172,1497,1508,0.37798,3.53553,2
4173,1506,1508,0.37798,3.53553,2
4174,1317,1457,0.37798,3.53553,2
4175,1317,1506,0.37798,3.53553,2
4176,1457,1509,0.37798,3.53553,2
4177,1506,1509,0.37798,3.53553,2
4178,1316,1510,0.37798,2.50000,2
4179,1510,1508,0.37798,2.50000,2
4180,1317,1511,0.37798,2.50000,2
4181,1511,1509,0.37798,2.50000,2
4182,1321,1512,0.37798,2.50000,4
4183,1512,1513,0.37798,2.50000,4
4184,1507,1514,0.37798,2.50000,4
4185,1514,1513,0.37798,2.50000,4
4186,1469,1515,0.37798,2.50000,4
4187,1515,1513,0.37798,2.50000,4
4188,1322,1506,0.37798,3.53553,2
4189,1322,1512,0.37798,3.53553,2
4190,1506,1514,0.37798,3.53553,2
4191,1512,1514,0.37798,3.53553,2
4192,1323,1467,0.37798,3.53553,2
4193,1323,1512,0.37798,3.53553,2
4194,1467,1515,0.37798,3.53553,2
4195,1512,1515,0.37798,3.53553,2
4196,1322,1516,0.37798,2.50000,2
4197,1516,1514,0.37798,2.50000,2
4198,1323,1517,0.37798,2.50000,2
4199,1517,1515,0.37798,2.50000,2
4200,1327,1518,0.37798,2.50000,4
4201,1518,1519,0.37798,2.50000,4
4202,1513,1520,0.37798,2.50000,4
4203,1520,1519,0.37798,2.50000,4
4204,1479,1521,0.37798,2.50000,4
4205,1521,1519,0.37798,2.50000,4
4206,1328,1512,0.37798,3.53553,2
4207,1328,1518,0.37798,3.53553,2
4208,1512,1520,0.37798,3.53553,2
4209,1518,1520,0.37798,3.53553,2
4210,1329,1477,0.37798,3.53553,2
4211,1329,1518,0.37798,3.53553,2
4212,1477,1521,0.37798,3.53553,2
4213,1518,1521,0.37798,3.53553,2
4214,1328,1522,0.37798,2.50000,2
4215,1522,1520,0.37798,2.50000,2
4216,1329,1523,0.37798,2.50000,2
4217,1523,1521,0.37798,2.50000,2
4218,1333,1524,0.37798,2.50000,2
4219,1524,1525,0.37798,2.50000,2
4220,1519,1526,0.37798,2.50000,4
4221,1526,1525,0.37798,2.50000,4
4222,1489,1527,0.37798,2.50000,2
4223,1527,1525,0.37798,2.50000,2
4224,1334,1518,0.37798,3.53553,2
4225,1334,1524,0.37798,3.53553,2
4226,1518,1526,0.37798,3.53553,2
4227,1524,1526,0.37798,3.53553,2
4228,1335,1487,0.37798,3.53553,1
4229,1335,1524,0.37798,3.53553,1
4230,1487,1527,0.37798,3.53553,1
4231,1524,1527,0.37798,3.53553,1
4232,1334,1528,0.37798,2.50000,2
4233,1528,1526,0.37798,2.50000,2
4234,1335,1529,0.37798,2.50000,1
4235,1529,1527,0.37798,2.50000,1
4236,1340,1530,0.37798,2.50000,2
4237,1341,1531,0.37798,2.50000,4
4238,1530,1532,0.37798,2.50000,2
4239,1531,1533,0.37798,2.50000,4
4240,1532,1534,0.37798,2.50000,4
4241,1534,1533,0.37798,2.50000,4
4242,1498,1535,0.37798,2.50000,2
4243,1535,1532,0.37798,2.50000,2
4244,1499,1536,0.37798,2.50000,4
4245,1536,1533,0.37798,2.50000,4
4246,1342,1530,0.37798,3.53553,2
4247,1342,1531,0.37798,3.53553,2
4248,1530,1534,0.37798,3.53553,2
4249,1531,1534,0.37798,3.53553,2
4250,1343,1496,0.37798,3.53553,1
4251,1343,1530,0.37798,3.53553,1
4252,1344,1497,0.37798,3.53553,2
4253,1344,1531,0.37798,3.53553,2
4254,1496,1535,0.37798,3.53553,1
4255,1530,1535,0.37798,3.53553,1
4256,1497,1536,0.37798,3.53553,2
4257,1531,1536,0.37798,3.53553,2
4258,1342,1537,0.37798,2.50000,2
4259,1537,1534,0.37798,2.50000,2
4260,1343,1538,0.37798,2.50000,1
4261,1344,1539,0.37798,2.50000,2
4262,1538,1535,0.37798,2.50000,1
4263,1539,1536,0.37798,2.50000,2
4264,1349,1540,0.37798,2.50000,4
4265,1540,1541,0.37798,2.50000,4
4266,1533,1542,0.37798,2.50000,4
4267,1542,1541,0.37798,2.50000,4
4268,1507,1543,0.37798,2.50000,4
4269,1543,1541,0.37798,2.50000,4
4270,1350,1531,0.37798,3.53553,2
4271,1350,1540,0.37798,3.53553,2
4272,1531,1542,0.37798,3.53553,2
4273,1540,1542,0.37798,3.53553,2
4274,1351,1506,0.37798,3.53553,2
4275,1351,1540,0.37798,3.53553,2
4276,1506,1543,0.37798,3.53553,2
4277,1540,1543,0.37798,3.53553,2
4278,1350,1544,0.37798,2.50000,2
4279,1544,1542,0.37798,2.50000,2
4280,1351,1545,0.37798,2.50000,2
4281,1545,1543,0.37798,2.50000,2
4282,1355,1546,0.37798,2.50000,4
4283,1546,1547,0.37798,2.50000,4
4284,1541,1548,0.37798,2.50000,4
4285,1548,1547,0.37798,2.50000,4
4286,1513,1549,0.37798,2.50000,4
4287,1549,1547,0.37798,2.50000,4
4288,1356,1540,0.37798,3.53553,2
4289,1356,1546,0.37798,3.53553,2
4290,1540,1548,0.37798,3.53553,2
4291,1546,1548,0.37798,3.53553,2
4292,1357,1512,0.37798,3.53553,2
4293,1357,1546,0.37798,3.53553,2
4294,1512,1549,0.37798,3.53553,2
4295,1546,1549,0.37798,3.53553,2
4296,1356,1550,0.37798,2.50000,2
4297,1550,1548,0.37798,2.50000,2
4298,1357,1551,0.37798,2.50000,2
4299,1551,1549,0.37798,2.50000,2
4300,1361,1552,0.37798,2.50000,4
4301,1552,1553,0.37798,2.50000,4
4302,1547,1554,0.37798,2.50000,4
4303,1554,1553,0.37798,2.50000,4
4304,1519,1555,0.37798,2.50000,4
4305,1555,1553,0.37798,2.50000,4
4306,1362,1546,0.37798,3.53553,2
4307,1362,1552,0.37798,3.53553,2
4308,1546,1554,0.37798,3.53553,2
4309,1552,1554,0.37798,3.53553,2
4310,1363,1518,0.37798,3.53553,2
4311,1363,1552,0.37798,3.53553,2
4312,1518,1555,0.37798,3.53553,2
4313,1552,1555,0.37798,3.53553,2
4314,1362,1556,0.37798,2.50000,2
4315,1556,1554,0.37798,2.50000,2
4316,1363,1557,0.37798,2.50000,2
4317,1557,1555,0.37798,2.50000,2
4318,1367,1558,0.37798,2.50000,2
4319,1558,1559,0.37798,2.50000,2
4320,1553,1560,0.37798,2.50000,4
4321,1560,1559,0.37798,2.50000,4
4322,1525,1561,0.37798,2.50000,2
4323,1561,1559,0.37798,2.50000,2
4324,1368,1552,0.37798,3.53553,2
4325,1368,1558,0.37798,3.53553,2
4326,1552,1560,0.37798,3.53553,2
4327,1558,1560,0.37798,3.53553,2
4328,1369,1524,0.37798,3.53553,1
4329,1369,1558,0.37798,3.53553,1
4330,1524,1561,0.37798,3.53553,1
4331,1558,1561,0.37798,3.53553,1
4332,1368,1562,0.37798,2.50000,2
4333,1562,1560,0.37798,2.50000,2
4334,1369,1563,0.37798,2.50000,1
4335,1563,1561,0.37798,2.50000,1
4336,1374,1564,0.37798,2.50000,2
4337,1375,1565,0.37798,2.50000,4
4338,1564,1566,0.37798,2.50000,2
4339,1565,1567,0.37798,2.50000,4
4340,1566,1568,0.37798,2.50000,4
4341,1568,1567,0.37798,2.50000,4
4342,1532,1569,0.37798,2.50000,2
4343,1569,1566,0.37798,2.50000,2
4344,1533,1570,0.37798,2.50000,4
4345,1570,1567,0.37798,2.50000,4
4346,1376,1564,0.37798,3.53553,2
4347,1376,1565,0.37798,3.53553,2
4348,1564,1568,0.37798,3.53553,2
4349,1565,1568,0.37798,3.53553,2
4350,1377,1530,0.37798,3.53553,1
4351,1377,1564,0.37798,3.53553,1
4352,1378,1531,0.37798,3.53553,2
4353,1378,1565,0.37798,3.53553,2
4354,1530,1569,0.37798,3.53553,1
4355,1564,1569,0.37798,3.53553,1
4356,1531,1570,0.37798,3.53553,2
4357,1565,1570,0.37798,3.53553,2
4358,1376,1571,0.37798,2.50000,2
4359,1571,1568,0.37798,2.50000,2
4360,1377,1572,0.37798,2.50000,1
4361,1378,1573,0.37798,2.50000,2
4362,1572,1569,0.37798,2.50000,1
4363,1573,1570,0.37798,2.50000,2
4364,1383,1574,0.37798,2.50000,4
4365,1574,1575,0.37798,2.50000,4
4366,1567,1576,0.37798,2.50000,4
4367,1576,1575,0.37798,2.50000,4
4368,1541,1577,0.37798,2.50000,4
4369,1577,1575,0.37798,2.50000,4
4370,1384,1565,0.37798,3.53553,2
4371,1384,1574,0.37798,3.53553,2
4372,1565,1576,0.37798,3.53553,2
4373,1574,1576,0.37798,3.53553,2
4374,1385,1540,0.37798,3.53553,2
4375,1385,1574,0.37798,3.53553,2
4376,1540,1577,0.37798,3.53553,2
4377,1574,1577,0.37798,3.53553,2
4378,1384,1578,0.37798,2.50000,2
4379,1578,1576,0.37798,2.50000,2
4380,1385,1579,0.37798,2.50000,2
4381,1579,1577,0.37798,2.50000,2
4382,1389,1580,0.37798,2.50000,4
4383,1580,1581,0.37798,2.50000,4
4384,1575,1582,0.37798,2.50000,4
4385,1582,1581,0.37798,2.50000,4
4386,1547,1583,0.37798,2.50000,4
4387,1583,1581,0.37798,2.50000,4
4388,1390,1574,0.37798,3.53553,2
4389,1390,1580,0.37798,3.53553,2
4390,1574,1582,0.37798,3.53553,2
4391,1580,1582,0.37798,3.53553,2
4392,1391,1546,0.37798,3.53553,2
4393,1391,1580,0.37798,3.53553,2
4394,1546,1583,0.37798,3.53553,2
4395,1580,1583,0.37798,3.53553,2
4396,1390,1584,0.37798,2.50000,2
4397,1584,1582,0.37798,2.50000,2
4398,1391,1585,0.37798,2.50000,2
4399,1585,1583,0.37798,2.50000,2
4400,1395,1586,0.37798,2.50000,4
4401,1586,1587,0.37798,2.50000,4
4402,1581,1588,0.37798,2.50000,4
4403,1588,1587,0.37798,2.50000,4
4404,1553,1589,0.37798,2.50000,4
4405,1589,1587,0.37798,2.50000,4
4406,1396,1580,0.37798,3.53553,2
4407,1396,1586,0.37798,3.53553,2
4408,1580,1588,0.37798,3.53553,2
4409,1586,1588,0.37798,3.53553,2
4410,1397,1552,0.37798,3.53553,2
4411,1397,1586,0.37798,3.53553,2
4412,1552,1589,0.37798,3.53553,2
4413,1586,1589,0.37798,3.53553,2
4414,1396,1590,0.37798,2.50000,2
4415,1590,1588,0.37798,2.50000,2
4416,1397,1591,0.37798,2.50000,2
4417,1591,1589,0.37798,2.50000,2
4418,1401,1592,0.37798,2.50000,2
4419,1592,1593,0.37798,2.50000,2
4420,1587,1594,0.37798,2.50000,4
4421,1594,1593,0.37798,2.50000,4
4422,1559,1595,0.37798,2.50000,2
4423,1595,1593,0.37798,2.50000,2
4424,1402,1586,0.37798,3.53553,2
4425,1402,1592,0.37798,3.53553,2
4426,1586,1594,0.37798,3.53553,2
4427,1592,1594,0.37798,3.53553,2
4428,1403,1558,0.37798,3.53553,1
4429,1403,1592,0.37798,3.53553,1
4430,1558,1595,0.37798,3.53553,1
4431,1592,1595,0.37798,3.53553,1
4432,1402,1596,0.37798,2.50000,2
4433,1596,1594,0.37798,2.50000,2
4434,1403,1597,0.37798,2.50000,1
4435,1597,1595,0.37798,2.50000,1
4436,1408,1598,0.37798,2.50000,1
4437,1409,1599,0.37798,2.50000,2
4438,1598,1600,0.37798,2.50000,1
4439,1599,1601,0.37798,2.50000,2
4440,1600,1602,0.37798,2.50000,2
4441,1602,1601,0.37798,2.50000,2
4442,1566,1603,0.37798,2.50000,2
4443,1603,1600,0.37798,2.50000,2
4444,1567,1604,0.37798,2.50000,4
4445,1604,1601,0.37798,2.50000,4
4446,1410,1598,0.37798,3.53553,1
4447,1410,1599,0.37798,3.53553,1
4448,1598,1602,0.37798,3.53553,1
4449,1599,1602,0.37798,3.53553,1
4450,1411,1564,0.37798,3.53553,1
4451,1411,1598,0.37798,3.53553,1
4452,1412,1565,0.37798,3.53553,2
4453,1412,1599,0.37798,3.53553,2
4454,1564,1603,0.37798,3.53553,1
4455,1598,1603,0.37798,3.53553,1
4456,1565,1604,0.37798,3.53553,2
4457,1599,1604,0.37798,3.53553,2
4458,1410,1605,0.37798,2.50000,1
4459,1605,1602,0.37798,2.50000,1
4460,1411,1606,0.37798,2.50000,1
4461,1412,1607,0.37798,2.50000,2
4462,1606,1603,0.37798,2.50000,1
4463,1607,1604,0.37798,2.50000,2
4464,1417,1608,0.37798,2.50000,2
4465,1608,1609,0.37798,2.50000,2
4466,1601,1610,0.37798,2.50000,2
4467,1610,1609,0.37798,2.50000,2
4468,1575,1611,0.37798,2.50000,4
4469,1611,1609,0.37798,2.50000,4
4470,1418,1599,0.37798,3.53553,1
4471,1418,1608,0.37798,3.53553,1
4472,1599,1610,0.37798,3.53553,1
4473,1608,1610,0.37798,3.53553,1
4474,1419,1574,0.37798,3.53553,2
4475,1419,1608,0.37798,3.53553,2
4476,1574,1611,0.37798,3.53553,2
4477,1608,1611,0.37798,3.53553,2
4478,1418,1612,0.37798,2.50000,1
4479,1612,1610,0.37798,2.50000,1
4480,1419,1613,0.37798,2.50000,2
4481,1613,1611,0.37798,2.50000,2
4482,1423,1614,0.37798,2.50000,2
4483,1614,1615,0.37798,2.50000,2
4484,1609,1616,0.37798,2.50000,2
4485,1616,1615,0.37798,2.50000,2
4486,1581,1617,0.37798,2.50000,4
4487,1617,1615,0.37798,2.50000,4
4488,1424,1608,0.37798,3.53553,1
4489,1424,1614,0.37798,3.53553,1
4490,1608,1616,0.37798,3.53553,1
4491,1614,1616,0.37798,3.53553,1
4492,1425,1580,0.37798,3.53553,2
4493,1425,1614,0.37798,3.53553,2
4494,1580,1617,0.37798,3.53553,2
4495,1614,1617,0.37798,3.53553,2
4496,1424,1618,0.37798,2.50000,1
4497,1618,1616,0.37798,2.50000,1
4498,1425,1619,0.37798,2.50000,2
4499,1619,1617,0.37798,2.50000,2
4500,1429,1620,0.37798,2.50000,2
4501,1620,1621,0.37798,2.50000,2
4502,1615,1622,0.37798,2.50000,2
4503,1622,1621,0.37798,2.50000,2
4504,1587,1623,0.37798,2.50000,4
4505,1623,1621,0.37798,2.50000,4
4506,1430,1614,0.37798,3.53553,1
4507,1430,1620,0.37798,3.53553,1
4508,1614,1622,0.37798,3.53553,1
4509,1620,1622,0.37798,3.53553,1
4510,1431,1586,0.37798,3.53553,2
4511,1431,1620,0.37798,3.53553,2
4512,1586,1623,0.37798,3.53553,2
4513,1620,1623,0.37798,3.53553,2
4514,1430,1624,0.37798,2.50000,1
4515,1624,1622,0.37798,2.50000,1
4516,1431,1625,0.37798,2.50000,2
4517,1625,1623,0.37798,2.50000,2
4518,1435,1626,0.37798,2.50000,1
4519,1626,1627,0.37798,2.50000,1
4520,1621,1628,0.37798,2.50000,2
4521,1628,1627,0.37798,2.50000,2
4522,1593,1629,0.37798,2.50000,2
4523,1629,1627,0.37798,2.50000,2
4524,1436,1620,0.37798,3.53553,1
4525,1436,1626,0.37798,3.53553,1
4526,1620,1628,0.37798,3.53553,1
4527,1626,1628,0.37798,3.53553,1
4528,1437,1592,0.37798,3.53553,1
4529,1437,1626,0.37798,3.53553,1
4530,1592,1629,0.37798,3.53553,1
4531,1626,1629,0.37798,3.53553,1
4532,1436,1630,0.37798,2.50000,1
4533,1630,1628,0.37798,2.50000,1
4534,1437,1631,0.37798,2.50000,1
4535,1631,1629,0.37798,2.50000,1
4536,1444,1632,0.37798,2.50000,1
4537,1445,1633,0.37798,2.50000,2
4538,1446,1634,0.37798,2.50000,2
4539,1447,1635,0.37798,2.50000,4
4540,1632,1636,0.37798,2.50000,1
4541,1633,1637,0.37798,2.50000,2
4542,1634,1638,0.37798,2.50000,2
4543,1635,1639,0.37798,2.50000,4
4544,1636,1640,0.37798,2.50000,2
4545,1637,1641,0.37798,2.50000,4
4546,1640,1638,0.37798,2.50000,2
4547,1641,1639,0.37798,2.50000,4
4548,1636,1642,0.37798,2.50000,2
4549,1642,1637,0.37798,2.50000,2
4550,1638,1643,0.37798,2.50000,4
4551,1643,1639,0.37798,2.50000,4
4552,1448,1632,0.37798,3.53553,1
4553,1449,1633,0.37798,3.53553,2
4554,1448,1634,0.37798,3.53553,1
4555,1449,1635,0.37798,3.53553,2
4556,1632,1640,0.37798,3.53553,1
4557,1633,1641,0.37798,3.53553,2
4558,1634,1640,0.37798,3.53553,1
4559,1635,1641,0.37798,3.53553,2
4560,1450,1632,0.37798,3.53553,1
4561,1450,1633,0.37798,3.53553,1
4562,1451,1634,0.37798,3.53553,2
4563,1451,1635,0.37798,3.53553,2
4564,1632,1642,0.37798,3.53553,1
4565,1633,1642,0.37798,3.53553,1
4566,1634,1643,0.37798,3.53553,2
4567,1635,1643,0.37798,3.53553,2
4568,1448,1644,0.37798,2.50000,1
4569,1449,1645,0.37798,2.50000,2
4570,1644,1640,0.37798,2.50000,1
4571,1645,1641,0.37798,2.50000,2
4572,1450,1646,0.37798,2.50000,1
4573,1451,1647,0.37798,2.50000,2
4574,1646,1642,0.37798,2.50000,1
4575,1647,1643,0.37798,2.50000,2
4576,1458,1648,0.37798,2.50000,2
4577,1459,1649,0.37798,2.50000,4
4578,1648,1650,0.37798,2.50000,2
4579,1649,1651,0.37798,2.50000,4
4580,1638,1652,0.37798,2.50000,2
4581,1639,1653,0.37798,2.50000,4
4582,1652,1650,0.37798,2.50000,2
4583,1653,1651,0.37798,2.50000,4
4584,1650,1654,0.37798,2.50000,4
4585,1654,1651,0.37798,2.50000,4
4586,1460,1634,0.37798,3.53553,1
4587,1461,1635,0.37798,3.53553,2
4588,1460,1648,0.37798,3.53553,1
4589,1461,1649,0.37798,3.53553,2
4590,1634,1652,0.37798,3.53553,1
4591,1635,1653,0.37798,3.53553,2
4592,1648,1652,0.37798,3.53553,1
4593,1649,1653,0.37798,3.53553,2
4594,1462,1648,0.37798,3.53553,2
4595,1462,1649,0.37798,3.53553,2
4596,1648,1654,0.37798,3.53553,2
4597,1649,1654,0.37798,3.53553,2
4598,1460,1655,0.37798,2.50000,1
4599,1461,1656,0.37798,2.50000,2
4600,1655,1652,0.37798,2.50000,1
4601,1656,1653,0.37798,2.50000,2
4602,1462,1657,0.37798,2.50000,2
4603,1657,1654,0.37798,2.50000,2
4604,1468,1658,0.37798,2.50000,2
4605,1469,1659,0.37798,2.50000,4
4606,1658,1660,0.37798,2.50000,2
4607,1659,1661,0.37798,2.50000,4
4608,1650,1662,0.37798,2.50000,2
4609,1651,1663,0.37798,2.50000,4
4610,1662,1660,0.37798,2.50000,2
4611,1663,1661,0.37798,2.50000,4
4612,1660,1664,0.37798,2.50000,4
4613,1664,1661,0.37798,2.50000,4
4614,1470,1648,0.37798,3.53553,1
4615,1471,1649,0.37798,3.53553,2
4616,1470,1658,0.37798,3.53553,1
4617,1471,1659,0.37798,3.53553,2
4618,1648,1662,0.37798,3.53553,1
4619,1649,1663,0.37798,3.53553,2
4620,1658,1662,0.37798,3.53553,1
4621,1659,1663,0.37798,3.53553,2
4622,1472,1658,0.37798,3.53553,2
4623,1472,1659,0.37798,3.53553,2
4624,1658,1664,0.37798,3.53553,2
4625,1659,1664,0.37798,3.53553,2
4626,1470,1665,0.37798,2.50000,1
4627,1471,1666,0.37798,2.50000,2
4628,1665,1662,0.37798,2.50000,1
4629,1666,1663,0.37798,2.50000,2
4630,1472,1667,0.37798,2.50000,2
4631,1667,1664,0.37798,2.50000,2
4632,1478,1668,0.37798,2.50000,2
4633,1479,1669,0.37798,2.50000,4
4634,1668,1670,0.37798,2.50000,2
4635,1669,1671,0.37798,2.50000,4
4636,1660,1672,0.37798,2.50000,2
4637,1661,1673,0.37798,2.50000,4
4638,1672,1670,0.37798,2.50000,2
4639,1673,1671,0.37798,2.50000,4
4640,1670,1674,0.37798,2.50000,4
4641,1674,1671,0.37798,2.50000,4
4642,1480,1658,0.37798,3.53553,1
4643,1481,1659,0.37798,3.53553,2
4644,1480,1668,0.37798,3.53553,1
4645,1481,1669,0.37798,3.53553,2
4646,1658,1672,0.37798,3.53553,1
4647,1659,1673,0.37798,3.53553,2
4648,1668,1672,0.37798,3.53553,1
4649,1669,1673,0.37798,3.53553,2
4650,1482,1668,0.37798,3.53553,2
4651,1482,1669,0.37798,3.53553,2
4652,1668,1674,0.37798,3.53553,2
4653,1669,1674,0.37798,3.53553,2
4654,1480,1675,0.37798,2.50000,1
4655,1481,1676,0.37798,2.50000,2
4656,1675,1672,0.37798,2.50000,1
4657,1676,1673,0.37798,2.50000,2
4658,1482,1677,0.37798,2.50000,2
4659,1677,1674,0.37798,2.50000,2
4660,1488,1678,0.37798,2.50000,1
4661,1489,1679,0.37798,2.50000,2
4662,1678,1680,0.37798,2.50000,1
4663,1679,1681,0.37798,2.50000,2
4664,1670,1682,0.37798,2.50000,2
4665,1671,1683,0.37798,2.50000,4
4666,1682,1680,0.37798,2.50000,2
4667,1683,1681,0.37798,2.50000,4
4668,1680,1684,0.37798,2.50000,2
4669,1684,1681,0.37798,2.50000,2
4670,1490,1668,0.37798,3.53553,1
4671,1491,1669,0.37798,3.53553,2
4672,1490,1678,0.37798,3.53553,1
4673,1491,1679,0.37798,3.53553,2
4674,1668,1682,0.37798,3.53553,1
4675,1669,1683,0.37798,3.53553,2
4676,1678,1682,0.37798,3.53553,1
4677,1679,1683,0.37798,3.53553,2
4678,1492,1678,0.37798,3.53553,1
4679,1492,1679,0.37798,3.53553,1
4680,1678,1684,0.37798,3.53553,1
4681,1679,1684,0.37798,3.53553,1
4682,1490,1685,0.37798,2.50000,1
4683,1491,1686,0.37798,2.50000,2
4684,1685,1682,0.37798,2.50000,1
4685,1686,1683,0.37798,2.50000,2
4686,1492,1687,0.37798,2.50000,1
4687,1687,1684,0.37798,2.50000,1
4688,1498,1688,0.37798,2.50000,2
4689,1499,1689,0.37798,2.50000,4
4690,1688,1690,0.37798,2.50000,2
4691,1689,1691,0.37798,2.50000,4
4692,1690,1692,0.37798,2.50000,4
4693,1692,1691,0.37798,2.50000,4
4694,1637,1693,0.37798,2.50000,2
4695,1693,1690,0.37798,2.50000,2
4696,1639,1694,0.37798,2.50000,4
4697,1694,1691,0.37798,2.50000,4
4698,1500,1688,0.37798,3.53553,2
4699,1500,1689,0.37798,3.53553,2
4700,1688,1692,0.37798,3.53553,2
4701,1689,1692,0.37798,3.53553,2
4702,1501,1633,0.37798,3.53553,1
4703,1501,1688,0.37798,3.53553,1
4704,1502,1635,0.37798,3.53553,2
4705,1502,1689,0.37798,3.53553,2
4706,1633,1693,0.37798,3.53553,1
4707,1688,1693,0.37798,3.53553,1
4708,1635,1694,0.37798,3.53553,2
4709,1689,1694,0.37798,3.53553,2
4710,1500,1695,0.37798,2.50000,2
4711,1695,1692,0.37798,2.50000,2
4712,1501,1696,0.37798,2.50000,1
4713,1502,1697,0.37798,2.50000,2
4714,1696,1693,0.37798,2.50000,1
4715,1697,1694,0.37798,2.50000,2
4716,1507,1698,0.37798,2.50000,4
4717,1698,1699,0.37798,2.50000,4
4718,1691,1700,0.37798,2.50000,4
4719,1700,1699,0.37798,2.50000,4
4720,1651,1701,0.37798,2.50000,4
4721,1701,1699,0.37798,2.50000,4
4722,1508,1689,0.37798,3.53553,2
4723,1508,1698,0.37798,3.53553,2
4724,1689,1700,0.37798,3.53553,2
4725,1698,1700,0.37798,3.53553,2
4726,1509,1649,0.37798,3.53553,2
4727,1509,1698,0.37798,3.53553,2
4728,1649,1701,0.37798,3.53553,2
4729,1698,1701,0.37798,3.53553,2
4730,1508,1702,0.37798,2.50000,2
4731,1702,1700,0.37798,2.50000,2
4732,1509,1703,0.37798,2.50000,2
4733,1703,1701,0.37798,2.50000,2
4734,1513,1704,0.37798,2.50000,4
4735,1704,1705,0.37798,2.50000,4
4736,1699,1706,0.37798,2.50000,4
4737,1706,1705,0.37798,2.50000,4
4738,1661,1707,0.37798,2.50000,4
4739,1707,1705,0.37798,2.50000,4
4740,1514,1698,0.37798,3.53553,2
4741,1514,1704,0.37798,3.53553,2
4742,1698,1706,0.37798,3.53553,2
4743,1704,1706,0.37798,3.53553,2
4744,1515,1659,0.37798,3.53553,2
4745,1515,1704,0.37798,3.53553,2
4746,1659,1707,0.37798,3.53553,2
4747,1704,1707,0.37798,3.53553,2
4748,1514,1708,0.37798,2.50000,2
4749,1708,1706,0.37798,2.50000,2
4750,1515,1709,0.37798,2.50000,2
4751,1709,1707,0.37798,2.50000,2
4752,1519,1710,0.37798,2.50000,4
4753,1710,1711,0.37798,2.50000,4
4754,1705,1712,0.37798,2.50000,4
4755,1712,1711,0.37798,2.50000,4
4756,1671,1713,0.37798,2.50000,4
4757,1713,1711,0.37798,2.50000,4
4758,1520,1704,0.37798,3.53553,2
4759,1520,1710,0.37798,3.53553,2
4760,1704,1712,0.37798,3.53553,2
4761,1710,1712,0.37798,3.53553,2
4762,1521,1669,0.37798,3.53553,2
4763,1521,1710,0.37798,3.53553,2
4764,1669,1713,0.37798,3.53553,2
4765,1710,1713,0.37798,3.53553,2
4766,1520,1714,0.37798,2.50000,2
4767,1714,1712,0.37798,2.50000,2
4768,1521,1715,0.37798,2.50000,2
4769,1715,1713,0.37798,2.50000,2
4770,1525,1716,0.37798,2.50000,2
4771,1716,1717,0.37798,2.50000,2
4772,1711,1718,0.37798,2.50000,4
4773,1718,1717,0.37798,2.50000,4
4774,1681,1719,0.37798,2.50000,2
4775,1719,1717,0.37798,2.50000,2
4776,1526,1710,0.37798,3.53553,2
4777,1526,1716,0.37798,3.53553,2
4778,1710,1718,0.37798,3.53553,2
4779,1716,1718,0.37798,3.53553,2
4780,1527,1679,0.37798,3.53553,1
4781,1527,1716,0.37798,3.53553,1
4782,1679,1719,0.37798,3.53553,1
4783,1716,1719,0.37798,3.53553,1
4784,1526,1720,0.37798,2.50000,2
4785,1720,1718,0.37798,2.50000,2
4786,1527,1721,0.37798,2.50000,1
4787,1721,1719,0.37798,2.50000,1
4788,1532,1722,0.37798,2.50000,2
4789,1533,1723,0.37798,2.50000,4
4790,1722,1724,0.37798,2.50000,2
4791,1723,1725,0.37798,2.50000,4
4792,1724,1726,0.37798,2.50000,4
4793,1726,1725,0.37798,2.50000,4
4794,1690,1727,0.37798,2.50000,2
4795,1727,1724,0.37798,2.50000,2
4796,1691,1728,0.37798,2.50000,4
4797,1728,1725,0.37798,2.50000,4
4798,1534,1722,0.37798,3.53553,2
4799,1534,1723,0.37798,3.53553,2
4800,1722,1726,0.37798,3.53553,2
4801,1723,1726,0.37798,3.53553,2
4802,1535,1688,0.37798,3.53553,1
4803,1535,1722,0.37798,3.53553,1
4804,1536,1689,0.37798,3.53553,2
4805,1536,1723,0.37798,3.53553,2
4806,1688,1727,0.37798,3.53553,1
4807,1722,1727,0.37798,3.53553,1
4808,1689,1728,0.37798,3.53553,2
4809,1723,1728,0.37798,3.53553,2
4810,1534,1729,0.37798,2.50000,2
4811,1729,1726,0.37798,2.50000,2
4812,1535,1730,0.37798,2.50000,1
4813,1536,1731,0.37798,2.50000,2
4814,1730,1727,0.37798,2.50000,1
4815,1731,1728,0.37798,2.50000,2
4816,1541,1732,0.37798,2.50000,4
4817,1732,1733,0.37798,2.50000,4
4818,1725,1734,0.37798,2.50000,4
4819,1734,1733,0.37798,2.50000,4
4820,1699,1735,0.37798,2.50000,4
4821,1735,1733,0.37798,2.50000,4
4822,1542,1723,0.37798,3.53553,2
4823,1542,1732,0.37798,3.53553,2
4824,1723,1734,0.37798,3.53553,2
4825,1732,1734,0.37798,3.53553,2
4826,1543,1698,0.37798,3.53553,2
4827,1543,1732,0.37798,3.53553,2
4828,1698,1735,0.37798,3.53553,2
4829,1732,1735,0.37798,3.53553,2
4830,1542,1736,0.37798,2.50000,2
4831,1736,1734,0.37798,2.50000,2
4832,1543,1737,0.37798,2.50000,2
4833,1737,1735,0.37798,2.50000,2
4834,1547,1738,0.37798,2.50000,4
4835,1738,1739,0.37798,2.50000,4
4836,1733,1740,0.37798,2.50000,4
4837,1740,1739,0.37798,2.50000,4
4838,1705,1741,0.37798,2.50000,4
4839,1741,1739,0.37798,2.50000,4
4840,1548,1732,0.37798,3.53553,2
4841,1548,1738,0.37798,3.53553,2
4842,1732,1740,0.37798,3.53553,2
4843,1738,1740,0.37798,3.53553,2
4844,1549,1704,0.37798,3.53553,2
4845,1549,1738,0.37798,3.53553,2
4846,1704,1741,0.37798,3.53553,2
4847,1738,1741,0.37798,3.53553,2
4848,1548,1742,0.37798,2.50000,2
4849,1742,1740,0.37798,2.50000,2
4850,1549,1743,0.37798,2.50000,2
4851,1743,1741,0.37798,2.50000,2
4852,1553,1744,0.37798,2.50000,4
4853,1744,1745,0.37798,2.50000,4
4854,1739,1746,0.37798,2.50000,4
4855,1746,1745,0.37798,2.50000,4
4856,1711,1747,0.37798,2.50000,4
4857,1747,1745,0.37798,2.50000,4
4858,1554,1738,0.37798,3.53553,2
4859,1554,1744,0.37798,3.53553,2
4860,1738,1746,0.37798,3.53553,2
4861,1744,1746,0.37798,3.53553,2
4862,1555,1710,0.37798,3.53553,2
4863,1555,1744,0.37798,3.53553,2
4864,1710,1747,0.37798,3.53553,2
4865,1744,1747,0.37798,3.53553,2
4866,1554,1748,0.37798,2.50000,2
4867,1748,1746,0.37798,2.50000,2
4868,1555,1749,0.37798,2.50000,2
4869,1749,1747,0.37798,2.50000,2
4870,1559,1750,0.37798,2.50000,2
4871,1750,1751,0.37798,2.50000,2
4872,1745,1752,0.37798,2.50000,4
4873,1752,1751,0.37798,2.50000,4
4874,1717,1753,0.37798,2.50000,2
4875,1753,1751,0.37798,2.50000,2
4876,1560,1744,0.37798,3.53553,2
4877,1560,1750,0.37798,3.53553,2
4878,1744,1752,0.37798,3.53553,2
4879,1750,1752,0.37798,3.53553,2
4880,1561,1716,0.37798,3.53553,1
4881,1561,1750,0.37798,3.53553,1
4882,1716,1753,0.37798,3.53553,1
4883,1750,1753,0.37798,3.53553,1
4884,1560,1754,0.37798,2.50000,2
4885,1754,1752,0.37798,2.50000,2
4886,1561,1755,0.37798,2.50000,1
4887,1755,1753,0.37798,2.50000,1
4888,1566,1756,0.37798,2.50000,2
4889,1567,1757,0.37798,2.50000,4
4890,1756,1758,0.37798,2.50000,2
4891,1757,1759,0.37798,2.50000,4
4892,1758,1760,0.37798,2.50000,4
4893,1760,1759,0.37798,2.50000,4
4894,1724,1761,0.37798,2.50000,2
4895,1761,1758,0.37798,2.50000,2
4896,1725,1762,0.37798,2.50000,4
4897,1762,1759,0.37798,2.50000,4
4898,1568,1756,0.37798,3.53553,2
4899,1568,1757,0.37798,3.53553,2
4900,1756,1760,0.37798,3.53553,2
4901,1757,1760,0.37798,3.53553,2
4902,1569,1722,0.37798,3.53553,1
4903,1569,1756,0.37798,3.53553,1
4904,1570,1723,0.37798,3.53553,2
4905,1570,1757,0.37798,3.53553,2
4906,1722,1761,0.37798,3.53553,1
4907,1756,1761,0.37798,3.53553,1
4908,1723,1762,0.37798,3.53553,2
4909,1757,1762,0.37798,3.53553,2
4910,1568,1763,0.37798,2.50000,2
4911,1763,1760,0.37798,2.50000,2
4912,1569,1764,0.37798,2.50000,1
4913,1570,1765,0.37798,2.50000,2
4914,1764,1761,0.37798,2.50000,1
4915,1765,1762,0.37798,2.50000,2
4916,1575,1766,0.37798,2.50000,4
4917,1766,1767,0.37798,2.50000,4
4918,1759,1768,0.37798,2.50000,4
4919,1768,1767,0.37798,2.50000,4
4920,1733,1769,0.37798,2.50000,4
4921,1769,1767,0.37798,2.50000,4
4922,1576,1757,0.37798,3.53553,2
4923,1576,1766,0.37798,3.53553,2
4924,1757,1768,0.37798,3.53553,2
4925,1766,1768,0.37798,3.53553,2
4926,1577,1732,0.37798,3.53553,2
4927,1577,1766,0.37798,3.53553,2
4928,1732,1769,0.37798,3.53553,2
4929,1766,1769,0.37798,3.53553,2
4930,1576,1770,0.37798,2.50000,2
4931,1770,1768,0.37798,2.50000,2
4932,1577,1771,0.37798,2.50000,2
4933,1771,1769,0.37798,2.50000,2
4934,1581,1772,0.37798,2.50000,4
4935,1772,1773,0.37798,2.50000,4
4936,1767,1774,0.37798,2.50000,4
4937,1774,1773,0.37798,2.50000,4
4938,1739,1775,0.37798,2.50000,4
4939,1775,1773,0.37798,2.50000,4
4940,1582,1766,0.37798,3.53553,2
4941,1582,1772,0.37798,3.53553,2
4942,1766,1774,0.37798,3.53553,2
4943,1772,1774,0.37798,3.53553,2
4944,1583,1738,0.37798,3.53553,2
4945,1583,1772,0.37798,3.53553,2
4946,1738,1775,0.37798,3.53553,2
4947,1772,1775,0.37798,3.53553,2
4948,1582,1776,0.37798,2.50000,2
4949,1776,1774,0.37798,2.50000,2
4950,1583,1777,0.37798,2.50000,2
4951,1777,1775,0.37798,2.50000,2
4952,1587,1778,0.37798,2.50000,4
4953,1778,1779,0.37798,2.50000,4
4954,1773,1780,0.37798,2.50000,4
4955,1780,1779,0.37798,2.50000,4
4956,1745,1781,0.37798,2.50000,4
4957,1781,1779,0.37798,2.50000,4
4958,1588,1772,0.37798,3.53553,2
4959,1588,1778,0.37798,3.53553,2
4960,1772,1780,0.37798,3.53553,2
4961,1778,1780,0.37798,3.53553,2
4962,1589,1744,0.37798,3.53553,2
4963,1589,1778,0.37798,3.53553,2
4964,1744,1781,0.37798,3.53553,2
4965,1778,1781,0.37798,3.53553,2
4966,1588,1782,0.37798,2.50000,2
4967,1782,1780,0.37798,2.50000,2
4968,1589,1783,0.37798,2.50000,2
4969,1783,1781,0.37798,2.50000,2
4970,1593,1784,0.37798,2.50000,2
4971,1784,1785,0.37798,2.50000,2
4972,1779,1786,0.37798,2.50000,4
4973,1786,1785,0.37798,2.50000,4
4974,1751,1787,0.37798,2.50000,2
4975,1787,1785,0.37798,2.50000,2
4976,1594,1778,0.37798,3.53553,2
4977,1594,1784,0.37798,3.53553,2
4978,1778,1786,0.37798,3.53553,2
4979,1784,1786,0.37798,3.53553,2
4980,1595,1750,0.37798,3.53553,1
4981,1595,1784,0.37798,3.53553,1
4982,1750,1787,0.37798,3.53553,1
4983,1784,1787,0.37798,3.53553,1
4984,1594,1788,0.37798,2.50000,2
4985,1788,1786,0.37798,2.50000,2
4986,1595,1789,0.37798,2.50000,1
4987,1789,1787,0.37798,2.50000,1
4988,1600,1790,0.37798,2.50000,1
4989,1601,1791,0.37798,2.50000,2
4990,1790,1792,0.37798,2.50000,1
4991,1791,1793,0.37798,2.50000,2
4992,1792,1794,0.37798,2.50000,2
4993,1794,1793,0.37798,2.50000,2
4994,1758,1795,0.37798,2.50000,2
4995,1795,1792,0.37798,2.50000,2
4996,1759,1796,0.37798,2.50000,4
4997,1796,1793,0.37798,2.50000,4
4998,1602,1790,0.37798,3.53553,1
4999,1602,1791,0.37798,3.53553,1
5000,1790,1794,0.37798,3.53553,1
5001,1791,1794,0.37798,3.53553,1
5002,1603,1756,0.37798,3.53553,1
5003,1603,1790,0.37798,3.53553,1
5004,1604,1757,0.37798,3.53553,2
5005,1604,1791,0.37798,3.53553,2
5006,1756,1795,0.37798,3.53553,1
5007,1790,1795,0.37798,3.53553,1
5008,1757,1796,0.37798,3.53553,2
5009,1791,1796,0.37798,3.53553,2
5010,1602,1797,0.37798,2.50000,1
5011,1797,1794,0.37798,2.50000,1
5012,1603,1798,0.37798,2.50000,1
5013,1604,1799,0.37798,2.50000,2
5014,1798,1795,0.37798,2.50000,1
5015,1799,1796,0.37798,2.50000,2
5016,1609,1800,0.37798,2.50000,2
5017,1800,1801,0.37798,2.50000,2
5018,1793,1802,0.37798,2.50000,2
5019,1802,1801,0.37798,2.50000,2
5020,1767,1803,0.37798,2.50000,4
5021,1803,1801,0.37798,2.50000,4
5022,1610,1791,0.37798,3.53553,1
5023,1610,1800,0.37798,3.53553,1
5024,1791,1802,0.37798,3.53553,1
5025,1800,1802,0.37798,3.53553,1
5026,1611,1766,0.37798,3.53553,2
5027,1611,1800,0.37798,3.53553,2
5028,1766,1803,0.37798,3.53553,2
5029,1800,1803,0.37798,3.53553,2
5030,1610,1804,0.37798,2.50000,1
5031,1804,1802,0.37798,2.50000,1
5032,1611,1805,0.37798,2.50000,2
5033,1805,1803,0.37798,2.50000,2
5034,1615,1806,0.37798,2.50000,2
5035,1806,1807,0.37798,2.50000,2
5036,1801,1808,0.37798,2.50000,2
5037,1808,1807,0.37798,2.50000,2
5038,1773,1809,0.37798,2.50000,4
5039,1809,1807,0.37798,2.50000,4
5040,1616,1800,0.37798,3.53553,1
5041,1616,1806,0.37798,3.53553,1
5042,1800,1808,0.37798,3.53553,1
5043,1806,1808,0.37798,3.53553,1
5044,1617,1772,0.37798,3.53553,2
5045,1617,1806,0.37798,3.53553,2
5046,1772,1809,0.37798,3.53553,2
5047,1806,1809,0.37798,3.53553,2
5048,1616,1810,0.37798,2.50000,1
5049,1810,1808,0.37798,2.50000,1
5050,1617,1811,0.37798,2.50000,2
5051,1811,1809,0.37798,2.50000,2
5052,1621,1812,0.37798,2.50000,2
5053,1812,1813,0.37798,2.50000,2
5054,1807,1814,0.37798,2.50000,2
5055,1814,1813,0.37798,2.50000,2
5056,1779,1815,0.37798,2.50000,4
5057,1815,1813,0.37798,2.50000,4
5058,1622,1806,0.37798,3.53553,1
5059,1622,1812,0.37798,3.53553,1
5060,1806,1814,0.37798,3.53553,1
5061,1812,1814,0.37798,3.53553,1
5062,1623,1778,0.37798,3.53553,2
5063,1623,1812,0.37798,3.53553,2
5064,1778,1815,0.37798,3.53553,2
5065,1812,1815,0.37798,3.53553,2
5066,1622,1816,0.37798,2.50000,1
5067,1816,1814,0.37798,2.50000,1
5068,1623,1817,0.37798,2.50000,2
5069,1817,1815,0.37798,2.50000,2
5070,1627,1818,0.37798,2.50000,1
5071,1818,1819,0.37798,2.50000,1
5072,1813,1820,0.37798,2.50000,2
5073,1820,1819,0.37798,2.50000,2
5074,1785,1821,0.37798,2.50000,2
5075,1821,1819,0.37798,2.50000,2
5076,1628,1812,0.37798,3.53553,1
5077,1628,1818,0.37798,3.53553,1
5078,1812,1820,0.37798,3.53553,1
5079,1818,1820,0.37798,3.53553,1
5080,1629,1784,0.37798,3.53553,1
5081,1629,1818,0.37798,3.53553,1
5082,1784,1821,0.37798,3.53553,1
5083,1818,1821,0.37798,3.53553,1
5084,1628,1822,0.37798,2.50000,1
5085,1822,1820,0.37798,2.50000,1
5086,1629,1823,0.37798,2.50000,1
5087,1823,1821,0.37798,2.50000,1
5088,1636,1824,0.37798,2.50000,1
5089,1637,1825,0.37798,2.50000,2
5090,1638,1826,0.37798,2.50000,2
5091,1639,1827,0.37798,2.50000,4
5092,1824,1828,0.37798,2.50000,1
5093,1825,1829,0.37798,2.50000,2
5094,1826,1830,0.37798,2.50000,2
5095,1827,1831,0.37798,2.50000,4
5096,1828,1832,0.37798,2.50000,2
5097,1829,1833,0.37798,2.50000,4
5098,1832,1830,0.37798,2.50000,2
5099,1833,1831,0.37798,2.50000,4
5100,1828,1834,0.37798,2.50000,2
5101,1834,1829,0.37798,2.50000,2
5102,1830,1835,0.37798,2.50000,4
5103,1835,1831,0.37798,2.50000,4
5104,1640,1824,0.37798,3.53553,1
5105,1641,1825,0.37798,3.53553,2
5106,1640,1826,0.37798,3.53553,1
5107,1641,1827,0.37798,3.53553,2
5108,1824,1832,0.37798,3.53553,1
5109,1825,1833,0.37798,3.53553,2
5110,1826,1832,0.37798,3.53553,1
5111,1827,1833,0.37798,3.53553,2
5112,1642,1824,0.37798,3.53553,1
5113,1642,1825,0.37798,3.53553,1
5114,1643,1826,0.37798,3.53553,2
5115,1643,1827,0.37798,3.53553,2
5116,1824,1834,0.37798,3.53553,1
5117,1825,1834,0.37798,3.53553,1
5118,1826,1835,0.37798,3.53553,2
5119,1827,1835,0.37798,3.53553,2
5120,1640,1836,0.37798,2.50000,1
5121,1641,1837,0.37798,2.50000,2
5122,1836,1832,0.37798,2.50000,1
5123,1837,1833,0.37798,2.50000,2
5124,1642,1838,0.37798,2.50000,1
5125,1643,1839,0.37798,2.50000,2
5126,1838,1834,0.37798,2.50000,1
5127,1839,1835,0.37798,2.50000,2
5128,1650,1840,0.37798,2.50000,2
5129,1651,1841,0.37798,2.50000,4
5130,1840,1842,0.37798,2.50000,2
5131,1841,1843,0.37798,2.50000,4
5132,1830,1844,0.37798,2.50000,2
5133,1831,1845,0.37798,2.50000,4
5134,1844,1842,0.37798,2.50000,2
5135,1845,1843,0.37798,2.50000,4
5136,1842,1846,0.37798,2.50000,4
5137,1846,1843,0.37798,2.50000,4
5138,1652,1826,0.37798,3.53553,1
5139,1653,1827,0.37798,3.53553,2
5140,1652,1840,0.37798,3.53553,1
5141,1653,1841,0.37798,3.53553,2
5142,1826,1844,0.37798,3.53553,1
5143,1827,1845,0.37798,3.53553,2
5144,1840,1844,0.37798,3.53553,1
5145,1841,1845,0.37798,3.53553,2
5146,1654,1840,0.37798,3.53553,2
5147,1654,1841,0.37798,3.53553,2
5148,1840,1846,0.37798,3.53553,2
5149,1841,1846,0.37798,3.53553,2
5150,1652,1847,0.37798,2.50000,1
5151,1653,1848,0.37798,2.50000,2
5152,1847,1844,0.37798,2.50000,1
5153,1848,1845,0.37798,2.50000,2
5154,1654,1849,0.37798,2.50000,2
5155,1849,1846,0.37798,2.50000,2
5156,1660,1850,0.37798,2.50000,2
5157,1661,1851,0.37798,2.50000,4
5158,1850,1852,0.37798,2.50000,2
5159,1851,1853,0.37798,2.50000,4
5160,1842,1854,0.37798,2.50000,2
5161,1843,1855,0.37798,2.50000,4
5162,1854,1852,0.37798,2.50000,2
5163,1855,1853,0.37798,2.50000,4
5164,1852,1856,0.37798,2.50000,4
5165,1856,1853,0.37798,2.50000,4
5166,1662,1840,0.37798,3.53553,1
5167,1663,1841,0.37798,3.53553,2
5168,1662,1850,0.37798,3.53553,1
5169,1663,1851,0.37798,3.53553,2
5170,1840,1854,0.37798,3.53553,1
5171,1841,1855,0.37798,3.53553,2
5172,1850,1854,0.37798,3.53553,1
5173,1851,1855,0.37798,3.53553,2
5174,1664,1850,0.37798,3.53553,2
5175,1664,1851,0.37798,3.53553,2
5176,1850,1856,0.37798,3.53553,2
5177,1851,1856,0.37798,3.53553,2
5178,1662,1857,0.37798,2.50000,1
5179,1663,1858,0.37798,2.50000,2
5180,1857,1854,0.37798,2.50000,1
5181,1858,1855,0.37798,2.50000,2
5182,1664,1859,0.37798,2.50000,2
5183,1859,1856,0.37798,2.50000,2
5184,1670,1860,0.37798,2.50000,2
5185,1671,1861,0.37798,2.50000,4
5186,1860,1862,0.37798,2.50000,2
5187,1861,1863,0.37798,2.50000,4
5188,1852,1864,0.37798,2.50000,2
5189,1853,1865,0.37798,2.50000,4
5190,1864,1862,0.37798,2.50000,2
5191,1865,1863,0.37798,2.50000,4
5192,1862,1866,0.37798,2.50000,4
5193,1866,1863,0.37798,2.50000,4
5194,1672,1850,0.37798,3.53553,1
5195,1673,1851,0.37798,3.53553,2
5196,1672,1860,0.37798,3.53553,1
5197,1673,1861,0.37798,3.53553,2
5198,1850,1864,0.37798,3.53553,1
5199,1851,1865,0.37798,3.53553,2
5200,1860,1864,0.37798,3.53553,1
5201,1861,1865,0.37798,3.53553,2
5202,1674,1860,0.37798,3.53553,2
5203,1674,1861,0.37798,3.53553,2
5204,1860,1866,0.37798,3.53553,2
5205,1861,1866,0.37798,3.53553,2
5206,1672,1867,0.37798,2.50000,1
5207,1673,1868,0.37798,2.50000,2
5208,1867,1864,0.37798,2.50000,1
5209,1868,1865,0.37798,2.50000,2
5210,1674,1869,0.37798,2.50000,2
5211,1869,1866,0.37798,2.50000,2
5212,1680,1870,0.37798,2.50000,1
5213,1681,1871,0.37798,2.50000,2
5214,1870,1872,0.37798,2.50000,1
5215,1871,1873,0.37798,2.50000,2
5216,1862,1874,0.37798,2.50000,2
5217,1863,1875,0.37798,2.50000,4
5218,1874,1872,0.37798,2.50000,2
5219,1875,1873,0.37798,2.50000,4
5220,1872,1876,0.37798,2.50000,2
5221,1876,1873,0.37798,2.50000,2
5222,1682,1860,0.37798,3.53553,1
5223,1683,1861,0.37798,3.53553,2
5224,1682,1870,0.37798,3.53553,1
5225,1683,1871,0.37798,3.53553,2
5226,1860,1874,0.37798,3.53553,1
5227,1861,1875,0.37798,3.53553,2
5228,1870,1874,0.37798,3.53553,1
5229,1871,1875,0.37798,3.53553,2
5230,1684,1870,0.37798,3.53553,1
5231,1684,1871,0.37798,3.53553,1
5232,1870,1876,0.37798,3.53553,1
5233,1871,1876,0.37798,3.53553,1
5234,1682,1877,0.37798,2.50000,1
5235,1683,1878,0.37798,2.50000,2
5236,1877,1874,0.37798,2.50000,1
5237,1878,1875,0.37798,2.50000,2
5238,1684,1879,0.37798,2.50000,1
5239,1879,1876,0.37798,2.50000,1
5240,1690,1880,0.37798,2.50000,2
5241,1691,1881,0.37798,2.50000,4
5242,1880,1882,0.37798,2.50000,2
5243,1881,1883,0.37798,2.50000,4
5244,1882,1884,0.37798,2.50000,4
5245,1884,1883,0.37798,2.50000,4
5246,1829,1885,0.37798,2.50000,2
5247,1885,1882,0.37798,2.50000,2
5248,1831,1886,0.37798,2.50000,4
5249,1886,1883,0.37798,2.50000,4
5250,1692,1880,0.37798,3.53553,2
5251,1692,1881,0.37798,3.53553,2
5252,1880,1884,0.37798,3.53553,2
5253,1881,1884,0.37798,3.53553,2
5254,1693,1825,0.37798,3.53553,1
5255,1693,1880,0.37798,3.53553,1
5256,1694,1827,0.37798,3.53553,2
5257,1694,1881,0.37798,3.53553,2
5258,1825,1885,0.37798,3.53553,1
5259,1880,1885,0.37798,3.53553,1
5260,1827,1886,0.37798,3.53553,2
5261,1881,1886,0.37798,3.53553,2
5262,1692,1887,0.37798,2.50000,2
5263,1887,1884,0.37798,2.50000,2
5264,1693,1888,0.37798,2.50000,1
5265,1694,1889,0.37798,2.50000,2
5266,1888,1885,0.37798,2.50000,1
5267,1889,1886,0.37798,2.50000,2
5268,1699,1890,0.37798,2.50000,4
5269,1890,1891,0.37798,2.50000,4
5270,1883,1892,0.37798,2.50000,4
5271,1892,1891,0.37798,2.50000,4
5272,1843,1893,0.37798,2.50000,4
5273,1893,1891,0.37798,2.50000,4
5274,1700,1881,0.37798,3.53553,2
5275,1700,1890,0.37798,3.53553,2
5276,1881,1892,0.37798,3.53553,2
5277,1890,1892,0.37798,3.53553,2
5278,1701,1841,0.37798,3.53553,2
5279,1701,1890,0.37798,3.53553,2
5280,1841,1893,0.37798,3.53553,2
5281,1890,1893,0.37798,3.53553,2
5282,1700,1894,0.37798,2.50000,2
5283,1894,1892,0.37798,2.50000,2
5284,1701,1895,0.37798,2.50000,2
5285,1895,1893,0.37798,2.50000,2
5286,1705,1896,0.37798,2.50000,4
5287,1896,1897,0.37798,2.50000,4
5288,1891,1898,0.37798,2.50000,4
5289,1898,1897,0.37798,2.50000,4
5290,1853,1899,0.37798,2.50000,4
5291,1899,1897,0.37798,2.50000,4
5292,1706,1890,0.37798,3.53553,2
5293,1706,1896,0.37798,3.53553,2
5294,1890,1898,0.37798,3.53553,2
5295,1896,1898,0.37798,3.53553,2
5296,1707,1851,0.37798,3.53553,2
5297,1707,1896,0.37798,3.53553,2
5298,1851,1899,0.37798,3.53553,2
5299,1896,1899,0.37798,3.53553,2
5300,1706,1900,0.37798,2.50000,2
5301,1900,1898,0.37798,2.50000,2
5302,1707,1901,0.37798,2.50000,2
5303,1901,1899,0.37798,2.50000,2
5304,1711,1902,0.37798,2.50000,4
5305,1902,1903,0.37798,2.50000,4
5306,1897,1904,0.37798,2.50000,4
5307,1904,1903,0.37798,2.50000,4
5308,1863,1905,0.37798,2.50000,4
5309,1905,1903,0.37798,2.50000,4
5310,1712,1896,0.37798,3.53553,2
5311,1712,1902,0.37798,3.53553,2
5312,1896,1904,0.37798,3.53553,2
5313,1902,1904,0.37798,3.53553,2
5314,1713,1861,0.37798,3.53553,2
5315,1713,1902,0.37798,3.53553,2
5316,1861,1905,0.37798,3.53553,2
5317,1902,1905,0.37798,3.53553,2
5318,1712,1906,0.37798,2.50000,2
5319,1906,1904,0.37798,2.50000,2
5320,1713,1907,0.37798,2.50000,2
5321,1907,1905,0.37798,2.50000,2
5322,1717,1908,0.37798,2.50000,2
5323,1908,1909,0.37798,2.50000,2
5324,1903,1910,0.37798,2.50000,4
5325,1910,1909,0.37798,2.50000,4
5326,1873,1911,0.37798,2.50000,2
5327,1911,1909,0.37798,2.50000,2
5328,1718,1902,0.37798,3.53553,2
5329,1718,1908,0.37798,3.53553,2
5330,1902,1910,0.37798,3.53553,2
5331,1908,1910,0.37798,3.53553,2
5332,1719,1871,0.37798,3.53553,1
5333,1719,1908,0.37798,3.53553,1
5334,1871,1911,0.37798,3.53553,1
5335,1908,1911,0.37798,3.53553,1
5336,1718,1912,0.37798,2.50000,2
5337,1912,1910,0.37798,2.50000,2
5338,1719,1913,0.37798,2.50000,1
5339,1913,1911,0.37798,2.50000,1
5340,1724,1914,0.37798,2.50000,2
5341,1725,1915,0.37798,2.50000,4
5342,1914,1916,0.37798,2.50000,2
5343,1915,1917,0.37798,2.50000,4
5344,1916,1918,0.37798,2.50000,4
5345,1918,1917,0.37798,2.50000,4
5346,1882,1919,0.37798,2.50000,2
5347,1919,1916,0.37798,2.50000,2
5348,1883,1920,0.37798,2.50000,4
5349,1920,1917,0.37798,2.50000,4
5350,1726,1914,0.37798,3.53553,2
5351,1726,1915,0.37798,3.53553,2
5352,1914,1918,0.37798,3.53553,2
5353,1915,1918,0.37798,3.53553,2
5354,1727,1880,0.37798,3.53553,1
5355,1727,1914,0.37798,3.53553,1
5356,1728,1881,0.37798,3.53553,2
5357,1728,1915,0.37798,3.53553,2
5358,1880,1919,0.37798,3.53553,1
5359,1914,1919,0.37798,3.53553,1
5360,1881,1920,0.37798,3.53553,2
5361,1915,1920,0.37798,3.53553,2
5362,1726,1921,0.37798,2.50000,2
5363,1921,1918,0.37798,2.50000,2
5364,1727,1922,0.37798,2.50000,1
5365,1728,1923,0.37798,2.50000,2
5366,1922,1919,0.37798,2.50000,1
5367,1923,1920,0.37798,2.50000,2
5368,1733,1924,0.37798,2.50000,4
5369,1924,1925,0.37798,2.50000,4
5370,1917,1926,0.37798,2.50000,4
5371,1926,1925,0.37798,2.50000,4
5372,1891,1927,0.37798,2.50000,4
5373,1927,1925,0.37798,2.50000,4
5374,1734,1915,0.37798,3.53553,2
5375,1734,1924,0.37798,3.53553,2
5376,1915,1926,0.37798,3.53553,2
5377,1924,1926,0.37798,3.53553,2
5378,1735,1890,0.37798,3.53553,2
5379,1735,1924,0.37798,3.53553,2
5380,1890,1927,0.37798,3.53553,2
5381,1924,1927,0.37798,3.53553,2
5382,1734,1928,0.37798,2.50000,2
5383,1928,1926,0.37798,2.50000,2
5384,1735,1929,0.37798,2.50000,2
5385,1929,1927,0.37798,2.50000,2
5386,1739,1930,0.37798,2.50000,4
5387,1930,1931,0.37798,2.50000,4
5388,1925,1932,0.37798,2.50000,4
5389,1932,1931,0.37798,2.50000,4
5390,1897,1933,0.37798,2.50000,4
5391,1933,1931,0.37798,2.50000,4
5392,1740,1924,0.37798,3.53553,2
5393,1740,1930,0.37798,3.53553,2
5394,1924,1932,0.37798,3.53553,2
5395,1930,1932,0.37798,3.53553,2
5396,1741,1896,0.37798,3.53553,2
5397,1741,1930,0.37798,3.53553,2
5398,1896,1933,0.37798,3.53553,2
5399,1930,1933,0.37798,3.53553,2
5400,1740,1934,0.37798,2.50000,2
5401,1934,1932,0.37798,2.50000,2
5402,1741,1935,0.37798,2.50000,2
5403,1935,1933,0.37798,2.50000,2
5404,1745,1936,0.37798,2.50000,4
5405,1936,1937,0.37798,2.50000,4
5406,1931,1938,0.37798,2.50000,4
5407,1938,1937,0.37798,2.50000,4
5408,1903,1939,0.37798,2.50000,4
5409,1939,1937,0.37798,2.50000,4
5410,1746,1930,0.37798,3.53553,2
5411,1746,1936,0.37798,3.53553,2
5412,1930,1938,0.37798,3.53553,2
5413,1936,1938,0.37798,3.53553,2
5414,1747,1902,0.37798,3.53553,2
5415,1747,1936,0.37798,3.53553,2
5416,1902,1939,0.37798,3.53553,2
5417,1936,1939,0.37798,3.53553,2
5418,1746,1940,0.37798,2.50000,2
5419,1940,1938,0.37798,2.50000,2
5420,1747,1941,0.37798,2.50000,2
5421,1941,1939,0.37798,2.50000,2
5422,1751,1942,0.37798,2.50000,2
5423,1942,1943,0.37798,2.50000,2
5424,1937,1944,0.37798,2.50000,4
5425,1944,1943,0.37798,2.50000,4
5426,1909,1945,0.37798,2.50000,2
5427,1945,1943,0.37798,2.50000,2
5428,1752,1936,0.37798,3.53553,2
5429,1752,1942,0.37798,3.53553,2
5430,1936,1944,0.37798,3.53553,2
5431,1942,1944,0.37798,3.53553,2
5432,1753,1908,0.37798,3.53553,1
5433,1753,1942,0.37798,3.53553,1
5434,1908,1945,0.37798,3.53553,1
5435,1942,1945,0.37798,3.53553,1
5436,1752,1946,0.37798,2.50000,2
5437,1946,1944,0.37798,2.50000,2
5438,1753,1947,0.37798,2.50000,1
5439,1947,1945,0.37798,2.50000,1
5440,1758,1948,0.37798,2.50000,2
5441,1759,1949,0.37798,2.50000,4
5442,1948,1950,0.37798,2.50000,2
5443,1949,1951,0.37798,2.50000,4
5444,1950,1952,0.37798,2.50000,4
5445,1952,1951,0.37798,2.50000,4
5446,1916,1953,0.37798,2.50000,2
5447,1953,1950,0.37798,2.50000,2
5448,1917,1954,0.37798,2.50000,4
5449,1954,1951,0.37798,2.50000,4
5450,1760,1948,0.37798,3.53553,2
5451,1760,1949,0.37798,3.53553,2
5452,1948,1952,0.37798,3.53553,2
5453,1949,1952,0.37798,3.53553,2
5454,1761,1914,0.37798,3.53553,1
5455,1761,1948,0.37798,3.53553,1
5456,1762,1915,0.37798,3.53553,2
5457,1762,1949,0.37798,3.53553,2
5458,1914,1953,0.37798,3.53553,1
5459,1948,1953,0.37798,3.53553,1
5460,1915,1954,0.37798,3.53553,2
5461,1949,1954,0.37798,3.53553,2
5462,1760,1955,0.37798,2.50000,2
5463,1955,1952,0.37798,2.50000,2
5464,1761,1956,0.37798,2.50000,1
5465,1762,1957,0.37798,2.50000,2
5466,1956,1953,0.37798,2.50000,1
5467,1957,1954,0.37798,2.50000,2
5468,1767,1958,0.37798,2.50000,4
5469,1958,1959,0.37798,2.50000,4
5470,1951,1960,0.37798,2.50000,4
5471,1960,1959,0.37798,2.50000,4
5472,1925,1961,0.37798,2.50000,4
5473,1961,1959,0.37798,2.50000,4
5474,1768,1949,0.37798,3.53553,2
5475,1768,1958,0.37798,3.53553,2
5476,1949,1960,0.37798,3.53553,2
5477,1958,1960,0.37798,3.53553,2
5478,1769,1924,0.37798,3.53553,2
5479,1769,1958,0.37798,3.53553,2
5480,1924,1961,0.37798,3.53553,2
5481,1958,1961,0.37798,3.53553,2
5482,1768,1962,0.37798,2.50000,2
5483,1962,1960,0.37798,2.50000,2
5484,1769,1963,0.37798,2.50000,2
5485,1963,1961,0.37798,2.50000,2
5486,1773,1964,0.37798,2.50000,4
5487,1964,1965,0.37798,2.50000,4
5488,1959,1966,0.37798,2.50000,4
5489,1966,1965,0.37798,2.50000,4
5490,1931,1967,0.37798,2.50000,4
5491,1967,1965,0.37798,2.50000,4
5492,1774,1958,0.37798,3.53553,2
5493,1774,1964,0.37798,3.53553,2
5494,1958,1966,0.37798,3.53553,2
5495,1964,1966,0.37798,3.53553,2
5496,1775,1930,0.37798,3.53553,2
5497,1775,1964,0.37798,3.53553,2
5498,1930,1967,0.37798,3.53553,2
5499,1964,1967,0.37798,3.53553,2
5500,1774,1968,0.37798,2.50000,2
5501,1968,1966,0.37798,2.50000,2
5502,1775,1969,0.37798,2.50000,2
5503,1969,1967,0.37798,2.50000,2
5504,1779,1970,0.37798,2.50000,4
5505,1970,1971,0.37798,2.50000,4
5506,1965,1972,0.37798,2.50000,4
5507,1972,1971,0.37798,2.50000,4
5508,1937,1973,0.37798,2.50000,4
5509,1973,1971,0.37798,2.50000,4
5510,1780,1964,0.37798,3.53553,2
5511,1780,1970,0.37798,3.53553,2
5512,1964,1972,0.37798,3.53553,2
5513,1970,1972,0.37798,3.53553,2
5514,1781,1936,0.37798,3.53553,2
5515,1781,1970,0.37798,3.53553,2
5516,1936,1973,0.37798,3.53553,2
5517,1970,1973,0.37798,3.53553,2
5518,1780,1974,0.37798,2.50000,2
5519,1974,1972,0.37798,2.50000,2
5520,1781,1975,0.37798,2.50000,2
5521,1975,1973,0.37798,2.50000,2
5522,1785,1976,0.37798,2.50000,2
5523,1976,1977,0.37798,2.50000,2
5524,1971,1978,0.37798,2.50000,4
5525,1978,1977,0.37798,2.50000,4
5526,1943,1979,0.37798,2.50000,2
5527,1979,1977,0.37798,2.50000,2
5528,1786,1970,0.37798,3.53553,2
5529,1786,1976,0.37798,3.53553,2
5530,1970,1978,0.37798,3.53553,2
5531,1976,1978,0.37798,3.53553,2
5532,1787,1942,0.37798,3.53553,1
5533,1787,1976,0.37798,3.53553,1
5534,1942,1979,0.37798,3.53553,1
5535,1976,1979,0.37798,3.53553,1
5536,1786,1980,0.37798,2.50000,2
5537,1980,1978,0.37798,2.50000,2
5538,1787,1981,0.37798,2.50000,1
5539,1981,1979,0.37798,2.50000,1
5540,1792,1982,0.37798,2.50000,1
5541,1793,1983,0.37798,2.50000,2
5542,1982,1984,0.37798,2.50000,1
5543,1983,1985,0.37798,2.50000,2
5544,1984,1986,0.37798,2.50000,2
5545,1986,1985,0.37798,2.50000,2
5546,1950,1987,0.37798,2.50000,2
5547,1987,1984,0.37798,2.50000,2
5548,1951,1988,0.37798,2.50000,4
5549,1988,1985,0.37798,2.50000,4
5550,1794,1982,0.37798,3.53553,1
5551,1794,1983,0.37798,3.53553,1
5552,1982,1986,0.37798,3.53553,1
5553,1983,1986,0.37798,3.53553,1
5554,1795,1948,0.37798,3.53553,1
5555,1795,1982,0.37798,3.53553,1
5556,1796,1949,0.37798,3.53553,2
5557,1796,1983,0.37798,3.53553,2
5558,1948,1987,0.37798,3.53553,1
5559,1982,1987,0.37798,3.53553,1
5560,1949,1988,0.37798,3.53553,2
5561,1983,1988,0.37798,3.53553,2
5562,1794,1989,0.37798,2.50000,1
5563,1989,1986,0.37798,2.50000,1
5564,1795,1990,0.37798,2.50000,1
5565,1796,1991,0.37798,2.50000,2
5566,1990,1987,0.37798,2.50000,1
5567,1991,1988,0.37798,2.50000,2
5568,1801,1992,0.37798,2.50000,2
5569,1992,1993,0.37798,2.50000,2
5570,1985,1994,0.37798,2.50000,2
5571,1994,1993,0.37798,2.50000,2
5572,1959,1995,0.37798,2.50000,4
5573,1995,1993,0.37798,2.50000,4
5574,1802,1983,0.37798,3.53553,1
5575,1802,1992,0.37798,3.53553,1
5576,1983,1994,0.37798,3.53553,1
5577,1992,1994,0.37798,3.53553,1
5578,1803,1958,0.37798,3.53553,2
5579,1803,1992,0.37798,3.53553,2
5580,1958,1995,0.37798,3.53553,2
5581,1992,1995,0.37798,3.53553,2
5582,1802,1996,0.37798,2.50000,1
5583,1996,1994,0.37798,2.50000,1
5584,1803,1997,0.37798,2.50000,2
5585,1997,1995,0.37798,2.50000,2
5586,1807,1998,0.37798,2.50000,2
5587,1998,1999,0.37798,2.50000,2
5588,1993,2000,0.37798,2.50000,2
5589,2000,1999,0.37798,2.50000,2
5590,1965,2001,0.37798,2.50000,4
5591,2001,1999,0.37798,2.50000,4
5592,1808,1992,0.37798,3.53553,1
5593,1808,1998,0.37798,3.53553,1
5594,1992,2000,0.37798,3.53553,1
5595,1998,2000,0.37798,3.53553,1
5596,1809,1964,0.37798,3.53553,2
5597,1809,1998,0.37798,3.53553,2
5598,1964,2001,0.37798,3.53553,2
5599,1998,2001,0.37798,3.53553,2
5600,1808,2002,0.37798,2.50000,1
5601,2002,2000,0.37798,2.50000,1
5602,1809,2003,0.37798,2.50000,2
5603,2003,2001,0.37798,2.50000,2
5604,1813,2004,0.37798,2.50000,2
5605,2004,2005,0.37798,2.50000,2
5606,1999,2006,0.37798,2.50000,2
5607,2006,2005,0.37798,2.50000,2
5608,1971,2007,0.37798,2.50000,4
5609,2007,2005,0.37798,2.50000,4
5610,1814,1998,0.37798,3.53553,1
5611,1814,2004,0.37798,3.53553,1
5612,1998,2006,0.37798,3.53553,1
5613,2004,2006,0.37798,3.53553,1
5614,1815,1970,0.37798,3.53553,2
5615,1815,2004,0.37798,3.53553,2
5616,1970,2007,0.37798,3.53553,2
5617,2004,2007,0.37798,3.53553,2
5618,1814,2008,0.37798,2.50000,1
5619,2008,2006,0.37798,2.50000,1
5620,1815,2009,0.37798,2.50000,2
5621,2009,2007,0.37798,2.50000,2
5622,1819,2010,0.37798,2.50000,1
5623,2010,2011,0.37798,2.50000,1
5624,2005,2012,0.37798,2.50000,2
5625,2012,2011,0.37798,2.50000,2
5626,1977,2013,0.37798,2.50000,2
5627,2013,2011,0.37798,2.50000,2
5628,1820,2004,0.37798,3.53553,1
5629,1820,2010,0.37798,3.53553,1
5630,2004,2012,0.37798,3.53553,1
5631,2010,2012,0.37798,3.53553,1
5632,1821,1976,0.37798,3.53553,1
5633,1821,2010,0.37798,3.53553,1
5634,1976,2013,0.37798,3.53553,1
5635,2010,2013,0.37798,3.53553,1
5636,1820,2014,0.37798,2.50000,1
5637,2014,2012,0.37798,2.50000,1
5638,1821,2015,0.37798,2.50000,1
5639,2015,2013,0.37798,2.50000,1
5640,1828,2016,0.37798,2.50000,1
5641,1829,2017,0.37798,2.50000,2
5642,1830,2018,0.37798,2.50000,2
5643,1831,2019,0.37798,2.50000,4
5644,2016,2020,0.37798,2.50000,1
5645,2017,2021,0.37798,2.50000,2
5646,2018,2022,0.37798,2.50000,2
5647,2019,2023,0.37798,2.50000,4
5648,2020,2024,0.37798,2.50000,2
5649,2021,2025,0.37798,2.50000,4
5650,2024,2022,0.37798,2.50000,2
5651,2025,2023,0.37798,2.50000,4
5652,2020,2026,0.37798,2.50000,2
5653,2026,2021,0.37798,2.50000,2
5654,2022,2027,0.37798,2.50000,4
5655,2027,2023,0.37798,2.50000,4
5656,1832,2016,0.37798,3.53553,1
5657,1833,2017,0.37798,3.53553,2
5658,1832,2018,0.37798,3.53553,1
5659,1833,2019,0.37798,3.53553,2
5660,2016,2024,0.37798,3.53553,1
5661,2017,2025,0.37798,3.53553,2
5662,2018,2024,0.37798,3.53553,1
5663,2019,2025,0.37798,3.53553,2
5664,1834,2016,0.37798,3.53553,1
5665,1834,2017,0.37798,3.53553,1
5666,1835,2018,0.37798,3.53553,2
5667,1835,2019,0.37798,3.53553,2
5668,2016,2026,0.37798,3.53553,1
5669,2017,2026,0.37798,3.53553,1
5670,2018,2027,0.37798,3.53553,2
5671,2019,2027,0.37798,3.53553,2
5672,1832,2028,0.37798,2.50000,1
5673,1833,2029,0.37798,2.50000,2
5674,2028,2024,0.37798,2.50000,1
5675,2029,2025,0.37798,2.50000,2
5676,1834,2030,0.37798,2.50000,1
5677,1835,2031,0.37798,2.50000,2
5678,2030,2026,0.37798,2.50000,1
5679,2031,2027,0.37798,2.50000,2
5680,1842,2032,0.37798,2.50000,2
5681,1843,2033,0.37798,2.50000,4
5682,2032,2034,0.37798,2.50000,2
5683,2033,2035,0.37798,2.50000,4
5684,2022,2036,0.37798,2.50000,2
5685,2023,2037,0.37798,2.50000,4
5686,2036,2034,0.37798,2.50000,2
5687,2037,2035,0.37798,2.50000,4
5688,2034,2038,0.37798,2.50000,4
5689,2038,2035,0.37798,2.50000,4
5690,1844,2018,0.37798,3.53553,1
5691,1845,2019,0.37798,3.53553,2
5692,1844,2032,0.37798,3.53553,1
5693,1845,2033,0.37798,3.53553,2
5694,2018,2036,0.37798,3.53553,1
5695,2019,2037,0.37798,3.53553,2
5696,2032,2036,0.37798,3.53553,1
5697,2033,2037,0.37798,3.53553,2
5698,1846,2032,0.37798,3.53553,2
5699,1846,2033,0.37798,3.53553,2
5700,2032,2038,0.37798,3.53553,2
5701,2033,2038,0.37798,3.53553,2
5702,1844,2039,0.37798,2.50000,1
5703,1845,2040,0.37798,2.50000,2
5704,2039,2036,0.37798,2.50000,1
5705,2040,2037,0.37798,2.50000,2
5706,1846,2041,0.37798,2.50000,2
5707,2041,2038,0.37798,2.50000,2
5708,1852,2042,0.37798,2.50000,2
5709,1853,2043,0.37798,2.50000,4
5710,2042,2044,0.37798,2.50000,2
5711,2043,2045,0.37798,2.50000,4
5712,2034,2046,0.37798,2.50000,2
5713,2035,2047,0.37798,2.50000,4
5714,2046,2044,0.37798,2.50000,2
5715,2047,2045,0.37798,2.50000,4
5716,2044,2048,0.37798,2.50000,4
5717,2048,2045,0.37798,2.50000,4
5718,1854,2032,0.37798,3.53553,1
5719,1855,2033,0.37798,3.53553,2
5720,1854,2042,0.37798,3.53553,1
5721,1855,2043,0.37798,3.53553,2
5722,2032,2046,0.37798,3.53553,1
5723,2033,2047,0.37798,3.53553,2
5724,2042,2046,0.37798,3.53553,1
5725,2043,2047,0.37798,3.53553,2
5726,1856,2042,0.37798,3.53553,2
5727,1856,2043,0.37798,3.53553,2
5728,2042,2048,0.37798,3.53553,2
5729,2043,2048,0.37798,3.53553,2
5730,1854,2049,0.37798,2.50000,1
5731,1855,2050,0.37798,2.50000,2
5732,2049,2046,0.37798,2.50000,1
5733,2050,2047,0.37798,2.50000,2
5734,1856,2051,0.37798,2.50000,2
5735,2051,2048,0.37798,2.50000,2
5736,1862,2052,0.37798,2.50000,2
5737,1863,2053,0.37798,2.50000,4
5738,2052,2054,0.37798,2.50000,2
5739,2053,2055,0.37798,2.50000,4
5740,2044,2056,0.37798,2.50000,2
5741,2045,2057,0.37798,2.50000,4
5742,2056,2054,0.37798,2.50000,2
5743,2057,2055,0.37798,2.50000,4
5744,2054,2058,0.37798,2.50000,4
5745,2058,2055,0.37798,2.50000,4
5746,1864,2042,0.37798,3.53553,1
5747,1865,2043,0.37798,3.53553,2
5748,1864,2052,0.37798,3.53553,1
5749,1865,2053,0.37798,3.53553,2
5750,2042,2056,0.37798,3.53553,1
5751,2043,2057,0.37798,3.53553,2
5752,2052,2056,0.37798,3.53553,1
5753,2053,2057,0.37798,3.53553,2
5754,1866,2052,0.37798,3.53553,2
5755,1866,2053,0.37798,3.53553,2
5756,2052,2058,0.37798,3.53553,2
5757,2053,2058,0.37798,3.53553,2
5758,1864,2059,0.37798,2.50000,1
5759,1865,2060,0.37798,2.50000,2
5760,2059,2056,0.37798,2.50000,1
5761,2060,2057,0.37798,2.50000,2
5762,1866,2061,0.37798,2.50000,2
5763,2061,2058,0.37798,2.50000,2
5764,1872,2062,0.37798,2.50000,1
5765,1873,2063,0.37798,2.50000,2
5766,2062,2064,0.37798,2.50000,1
5767,2063,2065,0.37798,2.50000,2
5768,2054,2066,0.37798,2.50000,2
5769,2055,2067,0.37798,2.50000,4
5770,2066,2064,0.37798,2.50000,2
5771,2067,2065,0.37798,2.50000,4
5772,2064,2068,0.37798,2.50000,2
5773,2068,2065,0.37798,2.50000,2
5774,1874,2052,0.37798,3.53553,1
5775,1875,2053,0.37798,3.53553,2
5776,1874,2062,0.37798,3.53553,1
5777,1875,2063,0.37798,3.53553,2
5778,2052,2066,0.37798,3.53553,1
5779,2053,2067,0.37798,3.53553,2
5780,2062,2066,0.37798,3.53553,1
5781,2063,2067,0.37798,3.53553,2
5782,1876,2062,0.37798,3.53553,1
5783,1876,2063,0.37798,3.53553,1
5784,2062,2068,0.37798,3.53553,1
5785,2063,2068,0.37798,3.53553,1
5786,1874,2069,0.37798,2.50000,1
5787,1875,2070,0.37798,2.50000,2
5788,2069,2066,0.37798,2.50000,1
5789,2070,2067,0.37798,2.50000,2
5790,1876,2071,0.37798,2.50000,1
5791,2071,2068,0.37798,2.50000,1
5792,1882,2072,0.37798,2.50000,2
5793,1883,2073,0.37798,2.50000,4
5794,2072,2074,0.37798,2.50000,2
5795,2073,2075,0.37798,2.50000,4
5796,2074,2076,0.37798,2.50000,4
5797,2076,2075,0.37798,2.50000,4
5798,2021,2077,0.37798,2.50000,2
5799,2077,2074,0.37798,2.50000,2
5800,2023,2078,0.37798,2.50000,4
5801,2078,2075,0.37798,2.50000,4
5802,1884,2072,0.37798,3.53553,2
5803,1884,2073,0.37798,3.53553,2
5804,2072,2076,0.37798,3.53553,2
5805,2073,2076,0.37798,3.53553,2
5806,1885,2017,0.37798,3.53553,1
5807,1885,2072,0.37798,3.53553,1
5808,1886,2019,0.37798,3.53553,2
5809,1886,2073,0.37798,3.53553,2
5810,2017,2077,0.37798,3.53553,1
5811,2072,2077,0.37798,3.53553,1
5812,2019,2078,0.37798,3.53553,2
5813,2073,2078,0.37798,3.53553,2
5814,1884,2079,0.37798,2.50000,2
5815,2079,2076,0.37798,2.50000,2
5816,1885,2080,0.37798,2.50000,1
5817,1886,2081,0.37798,2.50000,2
5818,2080,2077,0.37798,2.50000,1
5819,2081,2078,0.37798,2.50000,2
5820,1891,2082,0.37798,2.50000,4
5821,2082,2083,0.37798,2.50000,4
5822,2075,2084,0.37798,2.50000,4
5823,2084,2083,0.37798,2.50000,4
5824,2035,2085,0.37798,2.50000,4
5825,2085,2083,0.37798,2.50000,4
5826,1892,2073,0.37798,3.53553,2
5827,1892,2082,0.37798,3.53553,2
5828,2073,2084,0.37798,3.53553,2
5829,2082,2084,0.37798,3.53553,2
5830,1893,2033,0.37798,3.53553,2
5831,1893,2082,0.37798,3.53553,2
5832,2033,2085,0.37798,3.53553,2
5833,2082,2085,0.37798,3.53553,2
5834,1892,2086,0.37798,2.50000,2
5835,2086,2084,0.37798,2.50000,2
5836,1893,2087,0.37798,2.50000,2
5837,2087,2085,0.37798,2.50000,2
5838,1897,2088,0.37798,2.50000,4
5839,2088,2089,0.37798,2.50000,4
5840,2083,2090,0.37798,2.50000,4
5841,2090,2089,0.37798,2.50000,4
5842,2045,2091,0.37798,2.50000,4
5843,2091,2089,0.37798,2.50000,4
5844,1898,2082,0.37798,3.53553,2
5845,1898,2088,0.37798,3.53553,2
5846,2082,2090,0.37798,3.53553,2
5847,2088,2090,0.37798,3.53553,2
5848,1899,2043,0.37798,3.53553,2
5849,1899,2088,0.37798,3.53553,2
5850,2043,2091,0.37798,3.53553,2
5851,2088,2091,0.37798,3.53553,2
5852,1898,2092,0.37798,2.50000,2
5853,2092,2090,0.37798,2.50000,2
5854,1899,2093,0.37798,2.50000,2
5855,2093,2091,0.37798,2.50000,2
5856,1903,2094,0.37798,2.50000,4
5857,2094,2095,0.37798,2.50000,4
5858,2089,2096,0.37798,2.50000,4
5859,2096,2095,0.37798,2.50000,4
5860,2055,2097,0.37798,2.50000,4
5861,2097,2095,0.37798,2.50000,4
5862,1904,2088,0.37798,3.53553,2
5863,1904,2094,0.37798,3.53553,2
5864,2088,2096,0.37798,3.53553,2
5865,2094,2096,0.37798,3.53553,2
5866,1905,2053,0.37798,3.53553,2
5867,1905,2094,0.37798,3.53553,2
5868,2053,2097,0.37798,3.53553,2
5869,2094,2097,0.37798,3.53553,2
5870,1904,2098,0.37798,2.50000,2
5871,2098,2096,0.37798,2.50000,2
5872,1905,2099,0.37798,2.50000,2
5873,2099,2097,0.37798,2.50000,2
5874,1909,2100,0.37798,2.50000,2
5875,2100,2101,0.37798,2.50000,2
5876,2095,2102,0.37798,2.50000,4
5877,2102,2101,0.37798,2.50000,4
5878,2065,2103,0.37798,2.50000,2
5879,2103,2101,0.37798,2.50000,2
5880,1910,2094,0.37798,3.53553,2
5881,1910,2100,0.37798,3.53553,2
5882,2094,2102,0.37798,3.53553,2
5883,2100,2102,0.37798,3.53553,2
5884,1911,2063,0.37798,3.53553,1
5885,1911,2100,0.37798,3.53553,1
5886,2063,2103,0.37798,3.53553,1
5887,2100,2103,0.37798,3.53553,1
5888,1910,2104,0.37798,2.50000,2
5889,2104,2102,0.37798,2.50000,2
5890,1911,2105,0.37798,2.50000,1
5891,2105,2103,0.37798,2.50000,1
5892,1916,2106,0.37798,2.50000,2
5893,1917,2107,0.37798,2.50000,4
5894,2106,2108,0.37798,2.50000,2
5895,2107,2109,0.37798,2.50000,4
5896,2108,2110,0.37798,2.50000,4
5897,2110,2109,0.37798,2.50000,4
5898,2074,2111,0.37798,2.50000,2
5899,2111,2108,0.37798,2.50000,2
5900,2075,2112,0.37798,2.50000,4
5901,2112,2109,0.37798,2.50000,4
5902,1918,2106,0.37798,3.53553,2
5903,1918,2107,0.37798,3.53553,2
5904,2106,2110,0.37798,3.53553,2
5905,2107,2110,0.37798,3.53553,2
5906,1919,2072,0.37798,3.53553,1
5907,1919,2106,0.37798,3.53553,1
5908,1920,2073,0.37798,3.53553,2
5909,1920,2107,0.37798,3.53553,2
5910,2072,2111,0.37798,3.53553,1
5911,2106,2111,0.37798,3.53553,1
5912,2073,2112,0.37798,3.53553,2
5913,2107,2112,0.37798,3.53553,2
5914,1918,2113,0.37798,2.50000,2
5915,2113,2110,0.37798,2.50000,2
5916,1919,2114,0.37798,2.50000,1
5917,1920,2115,0.37798,2.50000,2
5918,2114,2111,0.37798,2.50000,1
5919,2115,2112,0.37798,2.50000,2
5920,1925,2116,0.37798,2.50000,4
5921,2116,2117,0.37798,2.50000,4
5922,2109,2118,0.37798,2.50000,4
5923,2118,2117,0.37798,2.50000,4
5924,2083,2119,0.37798,2.50000,4
5925,2119,2117,0.37798,2.50000,4
5926,1926,2107,0.37798,3.53553,2
5927,1926,2116,0.37798,3.53553,2
5928,2107,2118,0.37798,3.53553,2
5929,2116,2118,0.37798,3.53553,2
5930,1927,2082,0.37798,3.53553,2
5931,1927,2116,0.37798,3.53553,2
5932,2082,2119,0.37798,3.53553,2
5933,2116,2119,0.37798,3.53553,2
5934,1926,2120,0.37798,2.50000,2
5935,2120,2118,0.37798,2.50000,2
5936,1927,2121,0.37798,2.50000,2
5937,2121,2119,0.37798,2.50000,2
5938,1931,2122,0.37798,2.50000,4
5939,2122,2123,0.37798,2.50000,4
5940,2117,2124,0.37798,2.50000,4
5941,2124,2123,0.37798,2.50000,4
5942,2089,2125,0.37798,2.50000,4
5943,2125,2123,0.37798,2.50000,4
5944,1932,2116,0.37798,3.53553,2
5945,1932,2122,0.37798,3.53553,2
5946,2116,2124,0.37798,3.53553,2
5947,2122,2124,0.37798,3.53553,2
5948,1933,2088,0.37798,3.53553,2
5949,1933,2122,0.37798,3.53553,2
5950,2088,2125,0.37798,3.53553,2
5951,2122,2125,0.37798,3.53553,2
5952,1932,2126,0.37798,2.50000,2
5953,2126,2124,0.37798,2.50000,2
5954,1933,2127,0.37798,2.50000,2
5955,2127,2125,0.37798,2.50000,2
5956,1937,2128,0.37798,2.50000,4
5957,2128,2129,0.37798,2.50000,4
5958,2123,2130,0.37798,2.50000,4
5959,2130,2129,0.37798,2.50000,4
5960,2095,2131,0.37798,2.50000,4
5961,2131,2129,0.37798,2.50000,4
5962,1938,2122,0.37798,3.53553,2
5963,1938,2128,0.37798,3.53553,2
5964,2122,2130,0.37798,3.53553,2
5965,2128,2130,0.37798,3.53553,2
5966,1939,2094,0.37798,3.53553,2
5967,1939,2128,0.37798,3.53553,2
5968,2094,2131,0.37798,3.53553,2
5969,2128,2131,0.37798,3.53553,2
5970,1938,2132,0.37798,2.50000,2
5971,2132,2130,0.37798,2.50000,2
5972,1939,2133,0.37798,2.50000,2
5973,2133,2131,0.37798,2.50000,2
5974,1943,2134,0.37798,2.50000,2
5975,2134,2135,0.37798,2.50000,2
5976,2129,2136,0.37798,2.50000,4
5977,2136,2135,0.37798,2.50000,4
5978,2101,2137,0.37798,2.50000,2
5979,2137,2135,0.37798,2.50000,2
5980,1944,2128,0.37798,3.53553,2
5981,1944,2134,0.37798,3.53553,2
5982,2128,2136,0.37798,3.53553,2
5983,2134,2136,0.37798,3.53553,2
5984,1945,2100,0.37798,3.53553,1
5985,1945,2134,0.37798,3.53553,1
5986,2100,2137,0.37798,3.53553,1
5987,2134,2137,0.37798,3.53553,1
5988,1944,2138,0.37798,2.50000,2
5989,2138,2136,0.37798,2.50000,2
5990,1945,2139,0.37798,2.50000,1
5991,2139,2137,0.37798,2.50000,1
5992,1950,2140,0.37798,2.50000,2
5993,1951,2141,0.37798,2.50000,4
5994,2140,2142,0.37798,2.50000,2
5995,2141,2143,0.37798,2.50000,4
5996,2142,2144,0.37798,2.50000,4
5997,2144,2143,0.37798,2.50000,4
5998,2108,2145,0.37798,2.50000,2
5999,2145,2142,0.37798,2.50000,2
6000,2109,2146,0.37798,2.50000,4
6001,2146,2143,0.37798,2.50000,4
6002,1952,2140,0.37798,3.53553,2
6003,1952,2141,0.37798,3.53553,2
6004,2140,2144,0.37798,3.53553,2
6005,2141,2144,0.37798,3.53553,2
6006,1953,2106,0.37798,3.53553,1
6007,1953,2140,0.37798,3.53553,1
6008,1954,2107,0.37798,3.53553,2
6009,1954,2141,0.37798,3.53553,2
6010,2106,2145,0.37798,3.53553,1
6011,2140,2145,0.37798,3.53553,1
6012,2107,2146,0.37798,3.53553,2
6013,2141,2146,0.37798,3.53553,2
6014,1952,2147,0.37798,2.50000,2
6015,2147,2144,0.37798,2.50000,2
6016,1953,2148,0.37798,2.50000,1
6017,1954,2149,0.37798,2.50000,2
6018,2148,2145,0.37798,2.50000,1
6019,2149,2146,0.37798,2.50000,2
6020,1959,2150,0.37798,2.50000,4
6021,2150,2151,0.37798,2.50000,4
6022,2143,2152,0.37798,2.50000,4
6023,2152,2151,0.37798,2.50000,4
6024,2117,2153,0.37798,2.50000,4
6025,2153,2151,0.37798,2.50000,4
6026,1960,2141,0.37798,3.53553,2
6027,1960,2150,0.37798,3.53553,2
6028,2141,2152,0.37798,3.53553,2
6029,2150,2152,0.37798,3.53553,2
6030,1961,2116,0.37798,3.53553,2
6031,1961,2150,0.37798,3.53553,2
6032,2116,2153,0.37798,3.53553,2
6033,2150,2153,0.37798,3.53553,2
6034,1960,2154,0.37798,2.50000,2
6035,2154,2152,0.37798,2.50000,2
6036,1961,2155,0.37798,2.50000,2
6037,2155,2153,0.37798,2.50000,2
6038,1965,2156,0.37798,2.50000,4
6039,2156,2157,0.37798,2.50000,4
6040,2151,2158,0.37798,2.50000,4
6041,2158,2157,0.37798,2.50000,4
6042,2123,2159,0.37798,2.50000,4
6043,2159,2157,0.37798,2.50000,4
6044,1966,2150,0.37798,3.53553,2
6045,1966,2156,0.37798,3.53553,2
6046,2150,2158,0.37798,3.53553,2
6047,2156,2158,0.37798,3.53553,2
6048,1967,2122,0.37798,3.53553,2
6049,1967,2156,0.37798,3.53553,2
6050,2122,2159,0.37798,3.53553,2
6051,2156,2159,0.37798,3.53553,2
6052,1966,2160,0.37798,2.50000,2
6053,2160,2158,0.37798,2.50000,2
6054,1967,2161,0.37798,2.50000,2
6055,2161,2159,0.37798,2.50000,2
6056,1971,2162,0.37798,2.50000,4
6057,2162,2163,0.37798,2.50000,4
6058,2157,2164,0.37798,2.50000,4
6059,2164,2163,0.37798,2.50000,4
6060,2129,2165,0.37798,2.50000,4
6061,2165,2163,0.37798,2.50000,4
6062,1972,2156,0.37798,3.53553,2
6063,1972,2162,0.37798,3.53553,2
6064,2156,2164,0.37798,3.53553,2
6065,2162,2164,0.37798,3.53553,2
6066,1973,2128,0.37798,3.53553,2
6067,1973,2162,0.37798,3.53553,2
6068,2128,2165,0.37798,3.53553,2
6069,2162,2165,0.37798,3.53553,2
6070,1972,2166,0.37798,2.50000,2
6071,2166,2164,0.37798,2.50000,2
6072,1973,2167,0.37798,2.50000,2
6073,2167,2165,0.37798,2.50000,2
6074,1977,2168,0.37798,2.50000,2
6075,2168,2169,0.37798,2.50000,2
6076,2163,2170,0.37798,2.50000,4
6077,2170,2169,0.37798,2.50000,4
6078,2135,2171,0.37798,2.50000,2
6079,2171,2169,0.37798,2.50000,2
6080,1978,2162,0.37798,3.53553,2
6081,1978,2168,0.37798,3.53553,2
6082,2162,2170,0.37798,3.53553,2
6083,2168,2170,0.37798,3.53553,2
6084,1979,2134,0.37798,3.53553,1
6085,1979,2168,0.37798,3.53553,1
6086,2134,2171,0.37798,3.53553,1
6087,2168,2171,0.37798,3.53553,1
6088,1978,2172,0.37798,2.50000,2
6089,2172,2170,0.37798,2.50000,2
6090,1979,2173,0.37798,2.50000,1
6091,2173,2171,0.37798,2.50000,1
6092,1984,2174,0.37798,2.50000,1
6093,1985,2175,0.37798,2.50000,2
6094,2174,2176,0.37798,2.50000,1
6095,2175,2177,0.37798,2.50000,2
6096,2176,2178,0.37798,2.50000,2
6097,2178,2177,0.37798,2.50000,2
6098,2142,2179,0.37798,2.50000,2
6099,2179,2176,0.37798,2.50000,2
6100,2143,2180,0.37798,2.50000,4
6101,2180,2177,0.37798,2.50000,4
6102,1986,2174,0.37798,3.53553,1
6103,1986,2175,0.37798,3.53553,1
6104,2174,2178,0.37798,3.53553,1
6105,2175,2178,0.37798,3.53553,1
6106,1987,2140,0.37798,3.53553,1
6107,1987,2174,0.37798,3.53553,1
6108,1988,2141,0.37798,3.53553,2
6109,1988,2175,0.37798,3.53553,2
6110,2140,2179,0.37798,3.53553,1
6111,2174,2179,0.37798,3.53553,1
6112,2141,2180,0.37798,3.53553,2
6113,2175,2180,0.37798,3.53553,2
6114,1986,2181,0.37798,2.50000,1
6115,2181,2178,0.37798,2.50000,1
6116,1987,2182,0.37798,2.50000,1
6117,1988,2183,0.37798,2.50000,2
6118,2182,2179,0.37798,2.50000,1
6119,2183,2180,0.37798,2.50000,2
6120,1993,2184,0.37798,2.50000,2
6121,2184,2185,0.37798,2.50000,2
6122,2177,2186,0.37798,2.50000,2
6123,2186,2185,0.37798,2.50000,2
6124,2151,2187,0.37798,2.50000,4
6125,2187,2185,0.37798,2.50000,4
6126,1994,2175,0.37798,3.53553,1
6127,1994,2184,0.37798,3.53553,1
6128,2175,2186,0.37798,3.53553,1
6129,2184,2186,0.37798,3.53553,1
6130,1995,2150,0.37798,3.53553,2
6131,1995,2184,0.37798,3.53553,2
6132,2150,2187,0.37798,3.53553,2
6133,2184,2187,0.37798,3.53553,2
6134,1994,2188,0.37798,2.50000,1
6135,2188,2186,0.37798,2.50000,1
6136,1995,2189,0.37798,2.50000,2
6137,2189,2187,0.37798,2.50000,2
6138,1999,2190,0.37798,2.50000,2
6139,2190,2191,0.37798,2.50000,2
6140,2185,2192,0.37798,2.50000,2
6141,2192,2191,0.37798,2.50000,2
6142,2157,2193,0.37798,2.50000,4
6143,2193,2191,0.37798,2.50000,4
6144,2000,2184,0.37798,3.53553,1
6145,2000,2190,0.37798,3.53553,1
6146,2184,2192,0.37798,3.53553,1
6147,2190,2192,0.37798,3.53553,1
6148,2001,2156,0.37798,3.53553,2
6149,2001,2190,0.37798,3.53553,2
6150,2156,2193,0.37798,3.53553,2
6151,2190,2193,0.37798,3.53553,2
6152,2000,2194,0.37798,2.50000,1
6153,2194,2192,0.37798,2.50000,1
6154,2001,2195,0.37798,2.50000,2
6155,2195,2193,0.37798,2.50000,2
6156,2005,2196,0.37798,2.50000,2
6157,2196,2197,0.37798,2.50000,2
6158,2191,2198,0.37798,2.50000,2
6159,2198,2197,0.37798,2.50000,2
6160,2163,2199,0.37798,2.50000,4
6161,2199,2197,0.37798,2.50000,4
6162,2006,2190,0.37798,3.53553,1
6163,2006,2196,0.37798,3.53553,1
6164,2190,2198,0.37798,3.53553,1
6165,2196,2198,0.37798,3.53553,1
6166,2007,2162,0.37798,3.53553,2
6167,2007,2196,0.37798,3.53553,2
6168,2162,2199,0.37798,3.53553,2
6169,2196,2199,0.37798,3.53553,2
6170,2006,2200,0.37798,2.50000,1
6171,2200,2198,0.37798,2.50000,1
6172,2007,2201,0.37798,2.50000,2
6173,2201,2199,0.37798,2.50000,2
6174,2011,2202,0.37798,2.50000,1
6175,2202,2203,0.37798,2.50000,1
6176,2197,2204,0.37798,2.50000,2
6177,2204,2203,0.37798,2.50000,2
6178,2169,2205,0.37798,2.50000,2
6179,2205,2203,0.37798,2.50000,2
6180,2012,2196,0.37798,3.53553,1
6181,2012,2202,0.37798,3.53553,1
6182,2196,2204,0.37798,3.53553,1
6183,2202,2204,0.37798,3.53553,1
6184,2013,2168,0.37798,3.53553,1
6185,2013,2202,0.37798,3.53553,1
6186,2168,2205,0.37798,3.53553,1
6187,2202,2205,0.37798,3.53553,1
6188,2012,2206,0.37798,2.50000,1
6189,2206,2204,0.37798,2.50000,1
6190,2013,2207,0.37798,2.50000,1
6191,2207,2205,0.37798,2.50000,1
6192,2020,2208,0.37798,2.50000,1
6193,2021,2209,0.37798,2.50000,2
6194,2022,2210,0.37798,2.50000,2
6195,2023,2211,0.37798,2.50000,4
6196,2208,2212,0.37798,2.50000,1
6197,2209,2213,0.37798,2.50000,2
6198,2210,2214,0.37798,2.50000,2
6199,2211,2215,0.37798,2.50000,4
6200,2212,2216,0.37798,2.50000,2
6201,2213,2217,0.37798,2.50000,4
6202,2216,2214,0.37798,2.50000,2
6203,2217,2215,0.37798,2.50000,4
6204,2212,2218,0.37798,2.50000,2
6205,2218,2213,0.37798,2.50000,2
6206,2214,2219,0.37798,2.50000,4
6207,2219,2215,0.37798,2.50000,4
6208,2024,2208,0.37798,3.53553,1
6209,2025,2209,0.37798,3.53553,2
6210,2024,2210,0.37798,3.53553,1
6211,2025,2211,0.37798,3.53553,2
6212,2208,2216,0.37798,3.53553,1
6213,2209,2217,0.37798,3.53553,2
6214,2210,2216,0.37798,3.53553,1
6215,2211,2217,0.37798,3.53553,2
6216,2026,2208,0.37798,3.53553,1
6217,2026,2209,0.37798,3.53553,1
6218,2027,2210,0.37798,3.53553,2
6219,2027,2211,0.37798,3.53553,2
6220,2208,2218,0.37798,3.53553,1
6221,2209,2218,0.37798,3.53553,1
6222,2210,2219,0.37798,3.53553,2
6223,2211,2219,0.37798,3.53553,2
6224,2024,2220,0.37798,2.50000,1
6225,2025,2221,0.37798,2.50000,2
6226,2220,2216,0.37798,2.50000,1
6227,2221,2217,0.37798,2.50000,2
6228,2026,2222,0.37798,2.50000,1
6229,2027,2223,0.37798,2.50000,2
6230,2222,2218,0.37798,2.50000,1
6231,2223,2219,0.37798,2.50000,2
6232,2034,2224,0.37798,2.50000,2
6233,2035,2225,0.37798,2.50000,4
6234,2224,2226,0.37798,2.50000,2
6235,2225,2227,0.37798,2.50000,4
6236,2214,2228,0.37798,2.50000,2
6237,2215,2229,0.37798,2.50000,4
6238,2228,2226,0.37798,2.50000,2
6239,2229,2227,0.37798,2.50000,4
6240,2226,2230,0.37798,2.50000,4
6241,2230,2227,0.37798,2.50000,4
6242,2036,2210,0.37798,3.53553,1
6243,2037,2211,0.37798,3.53553,2
6244,2036,2224,0.37798,3.53553,1
6245,2037,2225,0.37798,3.53553,2
6246,2210,2228,0.37798,3.53553,1
6247,2211,2229,0.37798,3.53553,2
6248,2224,2228,0.37798,3.53553,1
6249,2225,2229,0.37798,3.53553,2
6250,2038,2224,0.37798,3.53553,2
6251,2038,2225,0.37798,3.53553,2
6252,2224,2230,0.37798,3.53553,2
6253,2225,2230,0.37798,3.53553,2
6254,2036,2231,0.37798,2.50000,1
6255,2037,2232,0.37798,2.50000,2
6256,2231,2228,0.37798,2.50000,1
6257,2232,2229,0.37798,2.50000,2
6258,2038,2233,0.37798,2.50000,2
6259,2233,2230,0.37798,2.50000,2
6260,2044,2234,0.37798,2.50000,2
6261,2045,2235,0.37798,2.50000,4
6262,2234,2236,0.37798,2.50000,2
6263,2235,2237,0.37798,2.50000,4
6264,2226,2238,0.37798,2.50000,2
6265,2227,2239,0.37798,2.50000,4
6266,2238,2236,0.37798,2.50000,2
6267,2239,2237,0.37798,2.50000,4
6268,2236,2240,0.37798,2.50000,4
6269,2240,2237,0.37798,2.50000,4
6270,2046,2224,0.37798,3.53553,1
6271,2047,2225,0.37798,3.53553,2
6272,2046,2234,0.37798,3.53553,1
6273,2047,2235,0.37798,3.53553,2
6274,2224,2238,0.37798,3.53553,1
6275,2225,2239,0.37798,3.53553,2
6276,2234,2238,0.37798,3.53553,1
6277,2235,2239,0.37798,3.53553,2
6278,2048,2234,0.37798,3.53553,2
6279,2048,2235,0.37798,3.53553,2
6280,2234,2240,0.37798,3.53553,2
6281,2235,2240,0.37798,3.53553,2
6282,2046,2241,0.37798,2.50000,1
6283,2047,2242,0.37798,2.50000,2
6284,2241,2238,0.37798,2.50000,1
6285,2242,2239,0.37798,2.50000,2
6286,2048,2243,0.37798,2.50000,2
6287,2243,2240,0.37798,2.50000,2
6288,2054,2244,0.37798,2.50000,2
6289,2055,2245,0.37798,2.50000,4
6290,2244,2246,0.37798,2.50000,2
6291,2245,2247,0.37798,2.50000,4
6292,2236,2248,0.37798,2.50000,2
6293,2237,2249,0.37798,2.50000,4
6294,2248,2246,0.37798,2.50000,2
6295,2249,2247,0.37798,2.50000,4
6296,2246,2250,0.37798,2.50000,4
6297,2250,2247,0.37798,2.50000,4
6298,2056,2234,0.37798,3.53553,1
6299,2057,2235,0.37798,3.53553,2
6300,2056,2244,0.37798,3.53553,1
6301,2057,2245,0.37798,3.53553,2
6302,2234,2248,0.37798,3.53553,1
6303,2235,2249,0.37798,3.53553,2
6304,2244,2248,0.37798,3.53553,1
6305,2245,2249,0.37798,3.53553,2
6306,2058,2244,0.37798,3.53553,2
6307,2058,2245,0.37798,3.53553,2
6308,2244,2250,0.37798,3.53553,2
6309,2245,2250,0.37798,3.53553,2
6310,2056,2251,0.37798,2.50000,1
6311,2057,2252,0.37798,2.50000,2
6312,2251,2248,0.37798,2.50000,1
6313,2252,2249,0.37798,2.50000,2
6314,2058,2253,0.37798,2.50000,2
6315,2253,2250,0.37798,2.50000,2
6316,2064,2254,0.37798,2.50000,1
6317,2065,2255,0.37798,2.50000,2
6318,2254,2256,0.37798,2.50000,1
6319,2255,2257,0.37798,2.50000,2
6320,2246,2258,0.37798,2.50000,2
6321,2247,2259,0.37798,2.50000,4
6322,2258,2256,0.37798,2.50000,2
6323,2259,2257,0.37798,2.50000,4
6324,2256,2260,0.37798,2.50000,2
6325,2260,2257,0.37798,2.50000,2
6326,2066,2244,0.37798,3.53553,1
6327,2067,2245,0.37798,3.53553,2
6328,2066,2254,0.37798,3.53553,1
6329,2067,2255,0.37798,3.53553,2
6330,2244,2258,0.37798,3.53553,1
6331,2245,2259,0.37798,3.53553,2
6332,2254,2258,0.37798,3.53553,1
6333,2255,2259,0.37798,3.53553,2
6334,2068,2254,0.37798,3.53553,1
6335,2068,2255,0.37798,3.53553,1
6336,2254,2260,0.37798,3.53553,1
6337,2255,2260,0.37798,3.53553,1
6338,2066,2261,0.37798,2.50000,1
6339,2067,2262,0.37798,2.50000,2
6340,2261,2258,0.37798,2.50000,1
6341,2262,2259,0.37798,2.50000,2
6342,2068,2263,0.37798,2.50000,1
6343,2263,2260,0.37798,2.50000,1
6344,2074,2264,0.37798,2.50000,2
6345,2075,2265,0.37798,2.50000,4
6346,2264,2266,0.37798,2.50000,2
6347,2265,2267,0.37798,2.50000,4
6348,2266,2268,0.37798,2.50000,4
6349,2268,2267,0.37798,2.50000,4
6350,2213,2269,0.37798,2.50000,2
6351,2269,2266,0.37798,2.50000,2
6352,2215,2270,0.37798,2.50000,4
6353,2270,2267,0.37798,2.50000,4
6354,2076,2264,0.37798,3.53553,2
6355,2076,2265,0.37798,3.53553,2
6356,2264,2268,0.37798,3.53553,2
6357,2265,2268,0.37798,3.53553,2
6358,2077,2209,0.37798,3.53553,1
6359,2077,2264,0.37798,3.53553,1
6360,2078,2211,0.37798,3.53553,2
6361,2078,2265,0.37798,3.53553,2
6362,2209,2269,0.37798,3.53553,1
6363,2264,2269,0.37798,3.53553,1
6364,2211,2270,0.37798,3.53553,2
6365,2265,2270,0.37798,3.53553,2
6366,2076,2271,0.37798,2.50000,2
6367,2271,2268,0.37798,2.50000,2
6368,2077,2272,0.37798,2.50000,1
6369,2078,2273,0.37798,2.50000,2
6370,2272,2269,0.37798,2.50000,1
6371,2273,2270,0.37798,2.50000,2
6372,2083,2274,0.37798,2.50000,4
6373,2274,2275,0.37798,2.50000,4
6374,2267,2276,0.37798,2.50000,4
6375,2276,2275,0.37798,2.50000,4
6376,2227,2277,0.37798,2.50000,4
6377,2277,2275,0.37798,2.50000,4
6378,2084,2265,0.37798,3.53553,2
6379,2084,2274,0.37798,3.53553,2
6380,2265,2276,0.37798,3.53553,2
6381,2274,2276,0.37798,3.53553,2
6382,2085,2225,0.37798,3.53553,2
6383,2085,2274,0.37798,3.53553,2
6384,2225,2277,0.37798,3.53553,2
6385,2274,2277,0.37798,3.53553,2
6386,2084,2278,0.37798,2.50000,2
6387,2278,2276,0.37798,2.50000,2
6388,2085,2279,0.37798,2.50000,2
6389,2279,2277,0.37798,2.50000,2
6390,2089,2280,0.37798,2.50000,4
6391,2280,2281,0.37798,2.50000,4
6392,2275,2282,0.37798,2.50000,4
6393,2282,2281,0.37798,2.50000,4
6394,2237,2283,0.37798,2.50000,4
6395,2283,2281,0.37798,2.50000,4
6396,2090,2274,0.37798,3.53553,2
6397,2090,2280,0.37798,3.53553,2
6398,2274,2282,0.37798,3.53553,2
6399,2280,2282,0.37798,3.53553,2
6400,2091,2235,0.37798,3.53553,2
6401,2091,2280,0.37798,3.53553,2
6402,2235,2283,0.37798,3.53553,2
6403,2280,2283,0.37798,3.53553,2
6404,2090,2284,0.37798,2.50000,2
6405,2284,2282,0.37798,2.50000,2
6406,2091,2285,0.37798,2.50000,2
6407,2285,2283,0.37798,2.50000,2
6408,2095,2286,0.37798,2.50000,4
6409,2286,2287,0.37798,2.50000,4
6410,2281,2288,0.37798,2.50000,4
6411,2288,2287,0.37798,2.50000,4
6412,2247,2289,0.37798,2.50000,4
6413,2289,2287,0.37798,2.50000,4
6414,2096,2280,0.37798,3.53553,2
6415,2096,2286,0.37798,3.53553,2
6416,2280,2288,0.37798,3.53553,2
6417,2286,2288,0.37798,3.53553,2
6418,2097,2245,0.37798,3.53553,2
6419,2097,2286,0.37798,3.53553,2
6420,2245,2289,0.37798,3.53553,2
6421,2286,2289,0.37798,3.53553,2
6422,2096,2290,0.37798,2.50000,2
6423,2290,2288,0.37798,2.50000,2
6424,2097,2291,0.37798,2.50000,2
6425,2291,2289,0.37798,2.50000,2
6426,2101,2292,0.37798,2.50000,2
6427,2292,2293,0.37798,2.50000,2
6428,2287,2294,0.37798,2.50000,4
6429,2294,2293,0.37798,2.50000,4
6430,2257,2295,0.37798,2.50000,2
6431,2295,2293,0.37798,2.50000,2
6432,2102,2286,0.37798,3.53553,2
6433,2102,2292,0.37798,3.53553,2
6434,2286,2294,0.37798,3.53553,2
6435,2292,2294,0.37798,3.53553,2
6436,2103,2255,0.37798,3.53553,1
6437,2103,2292,0.37798,3.53553,1
6438,2255,2295,0.37798,3.53553,1
6439,2292,2295,0.37798,3.53553,1
6440,2102,2296,0.37798,2.50000,2
6441,2296,2294,0.37798,2.50000,2
6442,2103,2297,0.37798,2.50000,1
6443,2297,2295,0.37798,2.50000,1
6444,2108,2298,0.37798,2.50000,2
6445,2109,2299,0.37798,2.50000,4
6446,2298,2300,0.37798,2.50000,2
6447,2299,2301,0.37798,2.50000,4
6448,2300,2302,0.37798,2.50000,4
6449,2302,2301,0.37798,2.50000,4
6450,2266,2303,0.37798,2.50000,2
6451,2303,2300,0.37798,2.50000,2
6452,2267,2304,0.37798,2.50000,4
6453,2304,2301,0.37798,2.50000,4
6454,2110,2298,0.37798,3.53553,2
6455,2110,2299,0.37798,3.53553,2
6456,2298,2302,0.37798,3.53553,2
6457,2299,2302,0.37798,3.53553,2
6458,2111,2264,0.37798,3.53553,1
6459,2111,2298,0.37798,3.53553,1
6460,2112,2265,0.37798,3.53553,2
6461,2112,2299,0.37798,3.53553,2
6462,2264,2303,0.37798,3.53553,1
6463,2298,2303,0.37798,3.53553,1
6464,2265,2304,0.37798,3.53553,2
6465,2299,2304,0.37798,3.53553,2
6466,2110,2305,0.37798,2.50000,2
6467,2305,2302,0.37798,2.50000,2
6468,2111,2306,0.37798,2.50000,1
6469,2112,2307,0.37798,2.50000,2
6470,2306,2303,0.37798,2.50000,1
6471,2307,2304,0.37798,2.50000,2
6472,2117,2308,0.37798,2.50000,4
6473,2308,2309,0.37798,2.50000,4
6474,2301,2310,0.37798,2.50000,4
6475,2310,2309,0.37798,2.50000,4
6476,2275,2311,0.37798,2.50000,4
6477,2311,2309,0.37798,2.50000,4
6478,2118,2299,0.37798,3.53553,2
6479,2118,2308,0.37798,3.53553,2
6480,2299,2310,0.37798,3.53553,2
6481,2308,2310,0.37798,3.53553,2
6482,2119,2274,0.37798,3.53553,2
6483,2119,2308,0.37798,3.53553,2
6484,2274,2311,0.37798,3.53553,2
6485,2308,2311,0.37798,3.53553,2
6486,2118,2312,0.37798,2.50000,2
6487,2312,2310,0.37798,2.50000,2
6488,2119,2313,0.37798,2.50000,2
6489,2313,2311,0.37798,2.50000,2
6490,2123,2314,0.37798,2.50000,4
6491,2314,2315,0.37798,2.50000,4
6492,2309,2316,0.37798,2.50000,4
6493,2316,2315,0.37798,2.50000,4
6494,2281,2317,0.37798,2.50000,4
6495,2317,2315,0.37798,2.50000,4
6496,2124,2308,0.37798,3.53553,2
6497,2124,2314,0.37798,3.53553,2
6498,2308,2316,0.37798,3.53553,2
6499,2314,2316,0.37798,3.53553,2
6500,2125,2280,0.37798,3.53553,2
6501,2125,2314,0.37798,3.53553,2
6502,2280,2317,0.37798,3.53553,2
6503,2314,2317,0.37798,3.53553,2
6504,2124,2318,0.37798,2.50000,2
6505,2318,2316,0.37798,2.50000,2
6506,2125,2319,0.37798,2.50000,2
6507,2319,2317,0.37798,2.50000,2
6508,2129,2320,0.37798,2.50000,4
6509,2320,2321,0.37798,2.50000,4
6510,2315,2322,0.37798,2.50000,4
6511,2322,2321,0.37798,2.50000,4
6512,2287,2323,0.37798,2.50000,4
6513,2323,2321,0.37798,2.50000,4
6514,2130,2314,0.37798,3.53553,2
6515,2130,2320,0.37798,3.53553,2
6516,2314,2322,0.37798,3.53553,2
6517,2320,2322,0.37798,3.53553,2
6518,2131,2286,0.37798,3.53553,2
6519,2131,2320,0.37798,3.53553,2
6520,2286,2323,0.37798,3.53553,2
6521,2320,2323,0.37798,3.53553,2
6522,2130,2324,0.37798,2.50000,2
6523,2324,2322,0.37798,2.50000,2
6524,2131,2325,0.37798,2.50000,2
6525,2325,2323,0.37798,2.50000,2
6526,2135,2326,0.37798,2.50000,2
6527,2326,2327,0.37798,2.50000,2
6528,2321,2328,0.37798,2.50000,4
6529,2328,2327,0.37798,2.50000,4
6530,2293,2329,0.37798,2.50000,2
6531,2329,2327,0.37798,2.50000,2
6532,2136,2320,0.37798,3.53553,2
6533,2136,2326,0.37798,3.53553,2
6534,2320,2328,0.37798,3.53553,2
6535,2326,2328,0.37798,3.53553,2
6536,2137,2292,0.37798,3.53553,1
6537,2137,2326,0.37798,3.53553,1
6538,2292,2329,0.37798,3.53553,1
6539,2326,2329,0.37798,3.53553,1
6540,2136,2330,0.37798,2.50000,2
6541,2330,2328,0.37798,2.50000,2
6542,2137,2331,0.37798,2.50000,1
6543,2331,2329,0.37798,2.50000,1
6544,2142,2332,0.37798,2.50000,2
6545,2143,2333,0.37798,2.50000,4
6546,2332,2334,0.37798,2.50000,2
6547,2333,2335,0.37798,2.50000,4
6548,2334,2336,0.37798,2.50000,4
6549,2336,2335,0.37798,2.50000,4
6550,2300,2337,0.37798,2.50000,2
6551,2337,2334,0.37798,2.50000,2
6552,2301,2338,0.37798,2.50000,4
6553,2338,2335,0.37798,2.50000,4
6554,2144,2332,0.37798,3.53553,2
6555,2144,2333,0.37798,3.53553,2
6556,2332,2336,0.37798,3.53553,2
6557,2333,2336,0.37798,3.53553,2
6558,2145,2298,0.37798,3.53553,1
6559,2145,2332,0.37798,3.53553,1
6560,2146,2299,0.37798,3.53553,2
6561,2146,2333,0.37798,3.53553,2
6562,2298,2337,0.37798,3.53553,1
6563,2332,2337,0.37798,3.53553,1
6564,2299,2338,0.37798,3.53553,2
6565,2333,2338,0.37798,3.53553,2
6566,2144,2339,0.37798,2.50000,2
6567,2339,2336,0.37798,2.50000,2
6568,2145,2340,0.37798,2.50000,1
6569,2146,2341,0.37798,2.50000,2
6570,2340,2337,0.37798,2.50000,1
6571,2341,2338,0.37798,2.50000,2
6572,2151,2342,0.37798,2.50000,4
6573,2342,2343,0.37798,2.50000,4
6574,2335,2344,0.37798,2.50000,4
6575,2344,2343,0.37798,2.50000,4
6576,2309,2345,0.37798,2.50000,4
6577,2345,2343,0.37798,2.50000,4
6578,2152,2333,0.37798,3.53553,2
6579,2152,2342,0.37798,3.53553,2
6580,2333,2344,0.37798,3.53553,2
6581,2342,2344,0.37798,3.53553,2
6582,2153,2308,0.37798,3.53553,2
6583,2153,2342,0.37798,3.53553,2
6584,2308,2345,0.37798,3.53553,2
6585,2342,2345,0.37798,3.53553,2
6586,2152,2346,0.37798,2.50000,2
6587,2346,2344,0.37798,2.50000,2
6588,2153,2347,0.37798,2.50000,2
6589,2347,2345,0.37798,2.50000,2
6590,2157,2348,0.37798,2.50000,4
6591,2348,2349,0.37798,2.50000,4
6592,2343,2350,0.37798,2.50000,4
6593,2350,2349,0.37798,2.50000,4
6594,2315,2351,0.37798,2.50000,4
6595,2351,2349,0.37798,2.50000,4
6596,2158,2342,0.37798,3.53553,2
6597,2158,2348,0.37798,3.53553,2
6598,2342,2350,0.37798,3.53553,2
6599,2348,2350,0.37798,3.53553,2
6600,2159,2314,0.37798,3.53553,2
6601,2159,2348,0.37798,3.53553,2
6602,2314,2351,0.37798,3.53553,2
6603,2348,2351,0.37798,3.53553,2
6604,2158,2352,0.37798,2.50000,2
6605,2352,2350,0.37798,2.50000,2
6606,2159,2353,0.37798,2.50000,2
6607,2353,2351,0.37798,2.50000,2
6608,2163,2354,0.37798,2.50000,4
6609,2354,2355,0.37798,2.50000,4
6610,2349,2356,0.37798,2.50000,4
6611,2356,2355,0.37798,2.50000,4
6612,2321,2357,0.37798,2.50000,4
6613,2357,2355,0.37798,2.50000,4
6614,2164,2348,0.37798,3.53553,2
6615,2164,2354,0.37798,3.53553,2
6616,2348,2356,0.37798,3.53553,2
6617,2354,2356,0.37798,3.53553,2
6618,2165,2320,0.37798,3.53553,2
6619,2165,2354,0.37798,3.53553,2
6620,2320,2357,0.37798,3.53553,2
6621,2354,2357,0.37798,3.53553,2
6622,2164,2358,0.37798,2.50000,2
6623,2358,2356,0.37798,2.50000,2
6624,2165,2359,0.37798,2.50000,2
6625,2359,2357,0.37798,2.50000,2
6626,2169,2360,0.37798,2.50000,2
6627,2360,2361,0.37798,2.50000,2
6628,2355,2362,0.37798,2.50000,4
6629,2362,2361,0.37798,2.50000,4
6630,2327,2363,0.37798,2.50000,2
6631,2363,2361,0.37798,2.50000,2
6632,2170,2354,0.37798,3.53553,2
6633,2170,2360,0.37798,3.53553,2
6634,2354,2362,0.37798,3.53553,2
6635,2360,2362,0.37798,3.53553,2
6636,2171,2326,0.37798,3.53553,1
6637,2171,2360,0.37798,3.53553,1
6638,2326,2363,0.37798,3.53553,1
6639,2360,2363,0.37798,3.53553,1
6640,2170,2364,0.37798,2.50000,2
6641,2364,2362,0.37798,2.50000,2
6642,2171,2365,0.37798,2.50000,1
6643,2365,2363,0.37798,2.50000,1
6644,2176,2366,0.37798,2.50000,1
6645,2177,2367,0.37798,2.50000,2
6646,2366,2368,0.37798,2.50000,1
6647,2367,2369,0.37798,2.50000,2
6648,2368,2370,0.37798,2.50000,2
6649,2370,2369,0.37798,2.50000,2
6650,2334,2371,0.37798,2.50000,2
6651,2371,2368,0.37798,2.50000,2
6652,2335,2372,0.37798,2.50000,4
6653,2372,2369,0.37798,2.50000,4
6654,2178,2366,0.37798,3.53553,1
6655,2178,2367,0.37798,3.53553,1
6656,2366,2370,0.37798,3.53553,1
6657,2367,2370,0.37798,3.53553,1
6658,2179,2332,0.37798,3.53553,1
6659,2179,2366,0.37798,3.53553,1
6660,2180,2333,0.37798,3.53553,2
6661,2180,2367,0.37798,3.53553,2
6662,2332,2371,0.37798,3.53553,1
6663,2366,2371,0.37798,3.53553,1
6664,2333,2372,0.37798,3.53553,2
6665,2367,2372,0.37798,3.53553,2
6666,2178,2373,0.37798,2.50000,1
6667,2373,2370,0.37798,2.50000,1
6668,2179,2374,0.37798,2.50000,1
6669,2180,2375,0.37798,2.50000,2
6670,2374,2371,0.37798,2.50000,1
6671,2375,2372,0.37798,2.50000,2
6672,2185,2376,0.37798,2.50000,2
6673,2376,2377,0.37798,2.50000,2
6674,2369,2378,0.37798,2.50000,2
6675,2378,2377,0.37798,2.50000,2
6676,2343,2379,0.37798,2.50000,4
6677,2379,2377,0.37798,2.50000,4
6678,2186,2367,0.37798,3.53553,1
6679,2186,2376,0.37798,3.53553,1
6680,2367,2378,0.37798,3.53553,1
6681,2376,2378,0.37798,3.53553,1
6682,2187,2342,0.37798,3.53553,2
6683,2187,2376,0.37798,3.53553,2
6684,2342,2379,0.37798,3.53553,2
6685,2376,2379,0.37798,3.53553,2
6686,2186,2380,0.37798,2.50000,1
6687,2380,2378,0.37798,2.50000,1
6688,2187,2381,0.37798,2.50000,2
6689,2381,2379,0.37798,2.50000,2
6690,2191,2382,0.37798,2.50000,2
6691,2382,2383,0.37798,2.50000,2
6692,2377,2384,0.37798,2.50000,2
6693,2384,2383,0.37798,2.50000,2
6694,2349,2385,0.37798,2.50000,4
6695,2385,2383,0.37798,2.50000,4
6696,2192,2376,0.37798,3.53553,1
6697,2192,2382,0.37798,3.53553,1
6698,2376,2384,0.37798,3.53553,1
6699,2382,2384,0.37798,3.53553,1
6700,2193,2348,0.37798,3.53553,2
6701,2193,2382,0.37798,3.53553,2
6702,2348,2385,0.37798,3.53553,2
6703,2382,2385,0.37798,3.53553,2
6704,2192,2386,0.37798,2.50000,1
6705,2386,2384,0.37798,2.50000,1
6706,2193,2387,0.37798,2.50000,2
6707,2387,2385,0.37798,2.50000,2
6708,2197,2388,0.37798,2.50000,2
6709,2388,2389,0.37798,2.50000,2
6710,2383,2390,0.37798,2.50000,2
6711,2390,2389,0.37798,2.50000,2
6712,2355,2391,0.37798,2.50000,4
6713,2391,2389,0.37798,2.50000,4
6714,2198,2382,0.37798,3.53553,1
6715,2198,2388,0.37798,3.53553,1
6716,2382,2390,0.37798,3.53553,1
6717,2388,2390,0.37798,3.53553,1
6718,2199,2354,0.37798,3.53553,2
6719,2199,2388,0.37798,3.53553,2
6720,2354,2391,0.37798,3.53553,2
6721,2388,2391,0.37798,3.53553,2
6722,2198,2392,0.37798,2.50000,1
6723,2392,2390,0.37798,2.50000,1
6724,2199,2393,0.37798,2.50000,2
6725,2393,2391,0.37798,2.50000,2
6726,2203,2394,0.37798,2.50000,1
6727,2394,2395,0.37798,2.50000,1
6728,2389,2396,0.37798,2.50000,2
6729,2396,2395,0.37798,2.50000,2
6730,2361,2397,0.37798,2.50000,2
6731,2397,2395,0.37798,2.50000,2
6732,2204,2388,0.37798,3.53553,1
6733,2204,2394,0.37798,3.53553,1
6734,2388,2396,0.37798,3.53553,1
6735,2394,2396,0.37798,3.53553,1
6736,2205,2360,0.37798,3.53553,1
6737,2205,2394,0.37798,3.53553,1
6738,2360,2397,0.37798,3.53553,1
6739,2394,2397,0.37798,3.53553,1
6740,2204,2398,0.37798,2.50000,1
6741,2398,2396,0.37798,2.50000,1
6742,2205,2399,0.37798,2.50000,1
6743,2399,2397,0.37798,2.50000,1
6744,2212,2400,0.37798,2.50000,1
6745,2213,2401,0.37798,2.50000,2
6746,2214,2402,0.37798,2.50000,2
6747,2215,2403,0.37798,2.50000,4
6748,2400,2404,0.37798,2.50000,1
6749,2401,2405,0.37798,2.50000,2
6750,2402,2406,0.37798,2.50000,2
6751,2403,2407,0.37798,2.50000,4
6752,2404,2408,0.37798,2.50000,2
6753,2405,2409,0.37798,2.50000,4
6754,2408,2406,0.37798,2.50000,2
6755,2409,2407,0.37798,2.50000,4
6756,2404,2410,0.37798,2.50000,2
6757,2410,2405,0.37798,2.50000,2
6758,2406,2411,0.37798,2.50000,4
6759,2411,2407,0.37798,2.50000,4
6760,2216,2400,0.37798,3.53553,1
6761,2217,2401,0.37798,3.53553,2
6762,2216,2402,0.37798,3.53553,1
6763,2217,2403,0.37798,3.53553,2
6764,2400,2408,0.37798,3.53553,1
6765,2401,2409,0.37798,3.53553,2
6766,2402,2408,0.37798,3.53553,1
6767,2403,2409,0.37798,3.53553,2
6768,2218,2400,0.37798,3.53553,1
6769,2218,2401,0.37798,3.53553,1
6770,2219,2402,0.37798,3.53553,2
6771,2219,2403,0.37798,3.53553,2
6772,2400,2410,0.37798,3.53553,1
6773,2401,2410,0.37798,3.53553,1
6774,2402,2411,0.37798,3.53553,2
6775,2403,2411,0.37798,3.53553,2
6776,2216,2412,0.37798,2.50000,1
6777,2217,2413,0.37798,2.50000,2
6778,2412,2408,0.37798,2.50000,1
6779,2413,2409,0.37798,2.50000,2
6780,2218,2414,0.37798,2.50000,1
6781,2219,2415,0.37798,2.50000,2
6782,2414,2410,0.37798,2.50000,1
6783,2415,2411,0.37798,2.50000,2
6784,2226,2416,0.37798,2.50000,2
6785,2227,2417,0.37798,2.50000,4
6786,2416,2418,0.37798,2.50000,2
6787,2417,2419,0.37798,2.50000,4
6788,2406,2420,0.37798,2.50000,2
6789,2407,2421,0.37798,2.50000,4
6790,2420,2418,0.37798,2.50000,2
6791,2421,2419,0.37798,2.50000,4
6792,2418,2422,0.37798,2.50000,4
6793,2422,2419,0.37798,2.50000,4
6794,2228,2402,0.37798,3.53553,1
6795,2229,2403,0.37798,3.53553,2
6796,2228,2416,0.37798,3.53553,1
6797,2229,2417,0.37798,3.53553,2
6798,2402,2420,0.37798,3.53553,1
6799,2403,2421,0.37798,3.53553,2
6800,2416,2420,0.37798,3.53553,1
6801,2417,2421,0.37798,3.53553,2
6802,2230,2416,0.37798,3.53553,2
6803,2230,2417,0.37798,3.53553,2
6804,2416,2422,0.37798,3.53553,2
6805,2417,2422,0.37798,3.53553,2
6806,2228,2423,0.37798,2.50000,1
6807,2229,2424,0.37798,2.50000,2
6808,2423,2420,0.37798,2.50000,1
6809,2424,2421,0.37798,2.50000,2
6810,2230,2425,0.37798,2.50000,2
6811,2425,2422,0.37798,2.50000,2
6812,2236,2426,0.37798,2.50000,2
6813,2237,2427,0.37798,2.50000,4
6814,2426,2428,0.37798,2.50000,2
6815,2427,2429,0.37798,2.50000,4
6816,2418,2430,0.37798,2.50000,2
6817,2419,2431,0.37798,2.50000,4
6818,2430,2428,0.37798,2.50000,2
6819,2431,2429,0.37798,2.50000,4
6820,2428,2432,0.37798,2.50000,4
6821,2432,2429,0.37798,2.50000,4
6822,2238,2416,0.37798,3.53553,1
6823,2239,2417,0.37798,3.53553,2
6824,2238,2426,0.37798,3.53553,1
6825,2239,2427,0.37798,3.53553,2
6826,2416,2430,0.37798,3.53553,1
6827,2417,2431,0.37798,3.53553,2
6828,2426,2430,0.37798,3.53553,1
6829,2427,2431,0.37798,3.53553,2
6830,2240,2426,0.37798,3.53553,2
6831,2240,2427,0.37798,3.53553,2
6832,2426,2432,0.37798,3.53553,2
6833,2427,2432,0.37798,3.53553,2
6834,2238,2433,0.37798,2.50000,1
6835,2239,2434,0.37798,2.50000,2
6836,2433,2430,0.37798,2.50000,1
6837,2434,2431,0.37798,2.50000,2
6838,2240,2435,0.37798,2.50000,2
6839,2435,2432,0.37798,2.50000,2
6840,2246,2436,0.37798,2.50000,2
6841,2247,2437,0.37798,2.50000,4
6842,2436,2438,0.37798,2.50000,2
6843,2437,2439,0.37798,2.50000,4
6844,2428,2440,0.37798,2.50000,2
6845,2429,2441,0.37798,2.50000,4
6846,2440,2438,0.37798,2.50000,2
6847,2441,2439,0.37798,2.50000,4
6848,2438,2442,0.37798,2.50000,4
6849,2442,2439,0.37798,2.50000,4
6850,2248,2426,0.37798,3.53553,1
6851,2249,2427,0.37798,3.53553,2
6852,2248,2436,0.37798,3.53553,1
6853,2249,2437,0.37798,3.53553,2
6854,2426,2440,0.37798,3.53553,1
6855,2427,2441,0.37798,3.53553,2
6856,2436,2440,0.37798,3.53553,1
6857,2437,2441,0.37798,3.53553,2
6858,2250,2436,0.37798,3.53553,2
6859,2250,2437,0.37798,3.53553,2
6860,2436,2442,0.37798,3.53553,2
6861,2437,2442,0.37798,3.53553,2
6862,2248,2443,0.37798,2.50000,1
6863,2249,2444,0.37798,2.50000,2
6864,2443,2440,0.37798,2.50000,1
6865,2444,2441,0.37798,2.50000,2
6866,2250,2445,0.37798,2.50000,2
6867,2445,2442,0.37798,2.50000,2
6868,2256,2446,0.37798,2.50000,1
6869,2257,2447,0.37798,2.50000,2
6870,2446,2448,0.37798,2.50000,1
6871,2447,2449,0.37798,2.50000,2
6872,2438,2450,0.37798,2.50000,2
6873,2439,2451,0.37798,2.50000,4
6874,2450,2448,0.37798,2.50000,2
6875,2451,2449,0.37798,2.50000,4
6876,2448,2452,0.37798,2.50000,2
6877,2452,2449,0.37798,2.50000,2
6878,2258,2436,0.37798,3.53553,1
6879,2259,2437,0.37798,3.53553,2
6880,2258,2446,0.37798,3.53553,1
6881,2259,2447,0.37798,3.53553,2
6882,2436,2450,0.37798,3.53553,1
6883,2437,2451,0.37798,3.53553,2
6884,2446,2450,0.37798,3.53553,1
6885,2447,2451,0.37798,3.53553,2
6886,2260,2446,0.37798,3.53553,1
6887,2260,2447,0.37798,3.53553,1
6888,2446,2452,0.37798,3.53553,1
6889,2447,2452,0.37798,3.53553,1
6890,2258,2453,0.37798,2.50000,1
6891,2259,2454,0.37798,2.50000,2
6892,2453,2450,0.37798,2.50000,1
6893,2454,2451,0.37798,2.50000,2
6894,2260,2455,0.37798,2.50000,1
6895,2455,2452,0.37798,2.50000,1
6896,2266,2456,0.37798,2.50000,2
6897,2267,2457,0.37798,2.50000,4
6898,2456,2458,0.37798,2.50000,2
6899,2457,2459,0.37798,2.50000,4
6900,2458,2460,0.37798,2.50000,4
6901,2460,2459,0.37798,2.50000,4
6902,2405,2461,0.37798,2.50000,2
6903,2461,2458,0.37798,2.50000,2
6904,2407,2462,0.37798,2.50000,4
6905,2462,2459,0.37798,2.50000,4
6906,2268,2456,0.37798,3.53553,2
6907,2268,2457,0.37798,3.53553,2
6908,2456,2460,0.37798,3.53553,2
6909,2457,2460,0.37798,3.53553,2
6910,2269,2401,0.37798,3.53553,1
6911,2269,2456,0.37798,3.53553,1
6912,2270,2403,0.37798,3.53553,2
6913,2270,2457,0.37798,3.53553,2
6914,2401,2461,0.37798,3.53553,1
6915,2456,2461,0.37798,3.53553,1
6916,2403,2462,0.37798,3.53553,2
6917,2457,2462,0.37798,3.53553,2
6918,2268,2463,0.37798,2.50000,2
6919,2463,2460,0.37798,2.50000,2
6920,2269,2464,0.37798,2.50000,1
6921,2270,2465,0.37798,2.50000,2
6922,2464,2461,0.37798,2.50000,1
6923,2465,2462,0.37798,2.50000,2
6924,2275,2466,0.37798,2.50000,4
6925,2466,2467,0.37798,2.50000,4
6926,2459,2468,0.37798,2.50000,4
6927,2468,2467,0.37798,2.50000,4
6928,2419,2469,0.37798,2.50000,4
6929,2469,2467,0.37798,2.50000,4
6930,2276,2457,0.37798,3.53553,2
6931,2276,2466,0.37798,3.53553,2
6932,2457,2468,0.37798,3.53553,2
6933,2466,2468,0.37798,3.53553,2
6934,2277,2417,0.37798,3.53553,2
6935,2277,2466,0.37798,3.53553,2
6936,2417,2469,0.37798,3.53553,2
6937,2466,2469,0.37798,3.53553,2
6938,2276,2470,0.37798,2.50000,2
6939,2470,2468,0.37798,2.50000,2
6940,2277,2471,0.37798,2.50000,2
6941,2471,2469,0.37798,2.50000,2
6942,2281,2472,0.37798,2.50000,4
6943,2472,2473,0.37798,2.50000,4
6944,2467,2474,0.37798,2.50000,4
6945,2474,2473,0.37798,2.50000,4
6946,2429,2475,0.37798,2.50000,4
6947,2475,2473,0.37798,2.50000,4
6948,2282,2466,0.37798,3.53553,2
6949,2282,2472,0.37798,3.53553,2
6950,2466,2474,0.37798,3.53553,2
6951,2472,2474,0.37798,3.53553,2
6952,2283,2427,0.37798,3.53553,2
6953,2283,2472,0.37798,3.53553,2
6954,2427,2475,0.37798,3.53553,2
6955,2472,2475,0.37798,3.53553,2
6956,2282,2476,0.37798,2.50000,2
6957,2476,2474,0.37798,2.50000,2
6958,2283,2477,0.37798,2.50000,2
6959,2477,2475,0.37798,2.50000,2
6960,2287,2478,0.37798,2.50000,4
6961,2478,2479,0.37798,2.50000,4
6962,2473,2480,0.37798,2.50000,4
6963,2480,2479,0.37798,2.50000,4
6964,2439,2481,0.37798,2.50000,4
6965,2481,2479,0.37798,2.50000,4
6966,2288,2472,0.37798,3.53553,2
6967,2288,2478,0.37798,3.53553,2
6968,2472,2480,0.37798,3.53553,2
6969,2478,2480,0.37798,3.53553,2
6970,2289,2437,0.37798,3.53553,2
6971,2289,2478,0.37798,3.53553,2
6972,2437,2481,0.37798,3.53553,2
6973,2478,2481,0.37798,3.53553,2
6974,2288,2482,0.37798,2.50000,2
6975,2482,2480,0.37798,2.50000,2
6976,2289,2483,0.37798,2.50000,2
6977,2483,2481,0.37798,2.50000,2
6978,2293,2484,0.37798,2.50000,2
6979,2484,2485,0.37798,2.50000,2
6980,2479,2486,0.37798,2.50000,4
6981,2486,2485,0.37798,2.50000,4
6982,2449,2487,0.37798,2.50000,2
6983,2487,2485,0.37798,2.50000,2
6984,2294,2478,0.37798,3.53553,2
6985,2294,2484,0.37798,3.53553,2
6986,2478,2486,0.37798,3.53553,2
6987,2484,2486,0.37798,3.53553,2
6988,2295,2447,0.37798,3.53553,1
6989,2295,2484,0.37798,3.53553,1
6990,2447,2487,0.37798,3.53553,1
6991,2484,2487,0.37798,3.53553,1
6992,2294,2488,0.37798,2.50000,2
6993,2488,2486,0.37798,2.50000,2
6994,2295,2489,0.37798,2.50000,1
6995,2489,2487,0.37798,2.50000,1
6996,2300,2490,0.37798,2.50000,2
6997,2301,2491,0.37798,2.50000,4
6998,2490,2492,0.37798,2.50000,2
6999,2491,2493,0.37798,2.50000,4
7000,2492,2494,0.37798,2.50000,4
7001,2494,2493,0.37798,2.50000,4
7002,2458,2495,0.37798,2.50000,2
7003,2495,2492,0.37798,2.50000,2
7004,2459,2496,0.37798,2.50000,4
7005,2496,2493,0.37798,2.50000,4
7006,2302,2490,0.37798,3.53553,2
7007,2302,2491,0.37798,3.53553,2
7008,2490,2494,0.37798,3.53553,2
7009,2491,2494,0.37798,3.53553,2
7010,2303,2456,0.37798,3.53553,1
7011,2303,2490,0.37798,3.53553,1
7012,2304,2457,0.37798,3.53553,2
7013,2304,2491,0.37798,3.53553,2
7014,2456,2495,0.37798,3.53553,1
7015,2490,2495,0.37798,3.53553,1
7016,2457,2496,0.37798,3.53553,2
7017,2491,2496,0.37798,3.53553,2
7018,2302,2497,0.37798,2.50000,2
7019,2497,2494,0.37798,2.50000,2
7020,2303,2498,0.37798,2.50000,1
7021,2304,2499,0.37798,2.50000,2
7022,2498,2495,0.37798,2.50000,1
7023,2499,2496,0.37798,2.50000,2
7024,2309,2500,0.37798,2.50000,4
7025,2500,2501,0.37798,2.50000,4
7026,2493,2502,0.37798,2.50000,4
7027,2502,2501,0.37798,2.50000,4
7028,2467,2503,0.37798,2.50000,4
7029,2503,2501,0.37798,2.50000,4
7030,2310,2491,0.37798,3.53553,2
7031,2310,2500,0.37798,3.53553,2
7032,2491,2502,0.37798,3.53553,2
7033,2500,2502,0.37798,3.53553,2
7034,2311,2466,0.37798,3.53553,2
7035,2311,2500,0.37798,3.53553,2
7036,2466,2503,0.37798,3.53553,2
7037,2500,2503,0.37798,3.53553,2
7038,2310,2504,0.37798,2.50000,2
7039,2504,2502,0.37798,2.50000,2
7040,2311,2505,0.37798,2.50000,2
7041,2505,2503,0.37798,2.50000,2
7042,2315,2506,0.37798,2.50000,4
7043,2506,2507,0.37798,2.50000,4
7044,2501,2508,0.37798,2.50000,4
7045,2508,2507,0.37798,2.50000,4
7046,2473,2509,0.37798,2.50000,4
7047,2509,2507,0.37798,2.50000,4
7048,2316,2500,0.37798,3.53553,2
7049,2316,2506,0.37798,3.53553,2
7050,2500,2508,0.37798,3.53553,2
7051,2506,2508,0.37798,3.53553,2
7052,2317,2472,0.37798,3.53553,2
7053,2317,2506,0.37798,3.53553,2
7054,2472,2509,0.37798,3.53553,2
7055,2506,2509,0.37798,3.53553,2
7056,2316,2510,0.37798,2.50000,2
7057,2510,2508,0.37798,2.50000,2
7058,2317,2511,0.37798,2.50000,2
7059,2511,2509,0.37798,2.50000,2
7060,2321,2512,0.37798,2.50000,4
7061,2512,2513,0.37798,2.50000,4
7062,2507,2514,0.37798,2.50000,4
7063,2514,2513,0.37798,2.50000,4
7064,2479,2515,0.37798,2.50000,4
7065,2515,2513,0.37798,2.50000,4
7066,2322,2506,0.37798,3.53553,2
7067,2322,2512,0.37798,3.53553,2
7068,2506,2514,0.37798,3.53553,2
7069,2512,2514,0.37798,3.53553,2
7070,2323,2478,0.37798,3.53553,2
7071,2323,2512,0.37798,3.53553,2
7072,2478,2515,0.37798,3.53553,2
7073,2512,2515,0.37798,3.53553,2
7074,2322,2516,0.37798,2.50000,2
7075,2516,2514,0.37798,2.50000,2
7076,2323,2517,0.37798,2.50000,2
7077,2517,2515,0.37798,2.50000,2
7078,2327,2518,0.37798,2.50000,2
7079,2518,2519,0.37798,2.50000,2
7080,2513,2520,0.37798,2.50000,4
7081,2520,2519,0.37798,2.50000,4
7082,2485,2521,0.37798,2.50000,2
7083,2521,2519,0.37798,2.50000,2
7084,2328,2512,0.37798,3.53553,2
7085,2328,2518,0.37798,3.53553,2
7086,2512,2520,0.37798,3.53553,2
7087,2518,2520,0.37798,3.53553,2
7088,2329,2484,0.37798,3.53553,1
7089,2329,2518,0.37798,3.53553,1
7090,2484,2521,0.37798,3.53553,1
7091,2518,2521,0.37798,3.53553,1
7092,2328,2522,0.37798,2.50000,2
7093,2522,2520,0.37798,2.50000,2
7094,2329,2523,0.37798,2.50000,1
7095,2523,2521,0.37798,2.50000,1
7096,2334,2524,0.37798,2.50000,2
7097,2335,2525,0.37798,2.50000,4
7098,2524,2526,0.37798,2.50000,2
7099,2525,2527,0.37798,2.50000,4
7100,2526,2528,0.37798,2.50000,4
7101,2528,2527,0.37798,2.50000,4
7102,2492,2529,0.37798,2.50000,2
7103,2529,2526,0.37798,2.50000,2
7104,2493,2530,0.37798,2.50000,4
7105,2530,2527,0.37798,2.50000,4
7106,2336,2524,0.37798,3.53553,2
7107,2336,2525,0.37798,3.53553,2
7108,2524,2528,0.37798,3.53553,2
7109,2525,2528,0.37798,3.53553,2
7110,2337,2490,0.37798,3.53553,1
7111,2337,2524,0.37798,3.53553,1
7112,2338,2491,0.37798,3.53553,2
7113,2338,2525,0.37798,3.53553,2
7114,2490,2529,0.37798,3.53553,1
7115,2524,2529,0.37798,3.53553,1
7116,2491,2530,0.37798,3.53553,2
7117,2525,2530,0.37798,3.53553,2
7118,2336,2531,0.37798,2.50000,2
7119,2531,2528,0.37798,2.50000,2
7120,2337,2532,0.37798,2.50000,1
7121,2338,2533,0.37798,2.50000,2
7122,2532,2529,0.37798,2.50000,1
7123,2533,2530,0.37798,2.50000,2
7124,2343,2534,0.37798,2.50000,4
7125,2534,2535,0.37798,2.50000,4
7126,2527,2536,0.37798,2.50000,4
7127,2536,2535,0.37798,2.50000,4
7128,2501,2537,0.37798,2.50000,4
7129,2537,2535,0.37798,2.50000,4
7130,2344,2525,0.37798,3.53553,2
7131,2344,2534,0.37798,3.53553,2
7132,2525,2536,0.37798,3.53553,2
7133,2534,2536,0.37798,3.53553,2
7134,2345,2500,0.37798,3.53553,2
7135,2345,2534,0.37798,3.53553,2
7136,2500,2537,0.37798,3.53553,2
7137,2534,2537,0.37798,3.53553,2
7138,2344,2538,0.37798,2.50000,2
7139,2538,2536,0.37798,2.50000,2
7140,2345,2539,0.37798,2.50000,2
7141,2539,2537,0.37798,2.50000,2
7142,2349,2540,0.37798,2.50000,4
7143,2540,2541,0.37798,2.50000,4
7144,2535,2542,0.37798,2.50000,4
7145,2542,2541,0.37798,2.50000,4
7146,2507,2543,0.37798,2.50000,4
7147,2543,2541,0.37798,2.50000,4
7148,2350,2534,0.37798,3.53553,2
7149,2350,2540,0.37798,3.53553,2
7150,2534,2542,0.37798,3.53553,2
7151,2540,2542,0.37798,3.53553,2
7152,2351,2506,0.37798,3.53553,2
7153,2351,2540,0.37798,3.53553,2
7154,2506,2543,0.37798,3.53553,2
7155,2540,2543,0.37798,3.53553,2
7156,2350,2544,0.37798,2.50000,2
7157,2544,2542,0.37798,2.50000,2
7158,2351,2545,0.37798,2.50000,2
7159,2545,2543,0.37798,2.50000,2
7160,2355,2546,0.37798,2.50000,4
7161,2546,2547,0.37798,2.50000,4
7162,2541,2548,0.37798,2.50000,4
7163,2548,2547,0.37798,2.50000,4
7164,2513,2549,0.37798,2.50000,4
7165,2549,2547,0.37798,2.50000,4
7166,2356,2540,0.37798,3.53553,2
7167,2356,2546,0.37798,3.53553,2
7168,2540,2548,0.37798,3.53553,2
7169,2546,2548,0.37798,3.53553,2
7170,2357,2512,0.37798,3.53553,2
7171,2357,2546,0.37798,3.53553,2
7172,2512,2549,0.37798,3.53553,2
7173,2546,2549,0.37798,3.53553,2
7174,2356,2550,0.37798,2.50000,2
7175,2550,2548,0.37798,2.50000,2
7176,2357,2551,0.37798,2.50000,2
7177,2551,2549,0.37798,2.50000,2
7178,2361,2552,0.37798,2.50000,2
7179,2552,2553,0.37798,2.50000,2
7180,2547,2554,0.37798,2.50000,4
7181,2554,2553,0.37798,2.50000,4
7182,2519,2555,0.37798,2.50000,2
7183,2555,2553,0.37798,2.50000,2
7184,2362,2546,0.37798,3.53553,2
7185,2362,2552,0.37798,3.53553,2
7186,2546,2554,0.37798,3.53553,2
7187,2552,2554,0.37798,3.53553,2
7188,2363,2518,0.37798,3.53553,1
7189,2363,2552,0.37798,3.53553,1
7190,2518,2555,0.37798,3.53553,1
7191,2552,2555,0.37798,3.53553,1
7192,2362,2556,0.37798,2.50000,2
7193,2556,2554,0.37798,2.50000,2
7194,2363,2557,0.37798,2.50000,1
7195,2557,2555,0.37798,2.50000,1
7196,2368,2558,0.37798,2.50000,1
7197,2369,2559,0.37798,2.50000,2
7198,2558,2560,0.37798,2.50000,1
7199,2559,2561,0.37798,2.50000,2
7200,2560,2562,0.37798,2.50000,2
7201,2562,2561,0.37798,2.50000,2
7202,2526,2563,0.37798,2.50000,2
7203,2563,2560,0.37798,2.50000,2
7204,2527,2564,0.37798,2.50000,4
7205,2564,2561,0.37798,2.50000,4
7206,2370,2558,0.37798,3.53553,1
7207,2370,2559,0.37798,3.53553,1
7208,2558,2562,0.37798,3.53553,1
7209,2559,2562,0.37798,3.53553,1
7210,2371,2524,0.37798,3.53553,1
7211,2371,2558,0.37798,3.53553,1
7212,2372,2525,0.37798,3.53553,2
7213,2372,2559,0.37798,3.53553,2
7214,2524,2563,0.37798,3.53553,1
7215,2558,2563,0.37798,3.53553,1
7216,2525,2564,0.37798,3.53553,2
7217,2559,2564,0.37798,3.53553,2
7218,2370,2565,0.37798,2.50000,1
7219,2565,2562,0.37798,2.50000,1
7220,2371,2566,0.37798,2.50000,1
7221,2372,2567,0.37798,2.50000,2
7222,2566,2563,0.37798,2.50000,1
7223,2567,2564,0.37798,2.50000,2
7224,2377,2568,0.37798,2.50000,2
7225,2568,2569,0.37798,2.50000,2
7226,2561,2570,0.37798,2.50000,2
7227,2570,2569,0.37798,2.50000,2
7228,2535,2571,0.37798,2.50000,4
7229,2571,2569,0.37798,2.50000,4
7230,2378,2559,0.37798,3.53553,1
7231,2378,2568,0.37798,3.53553,1
7232,2559,2570,0.37798,3.53553,1
7233,2568,2570,0.37798,3.53553,1
7234,2379,2534,0.37798,3.53553,2
7235,2379,2568,0.37798,3.53553,2
7236,2534,2571,0.37798,3.53553,2
7237,2568,2571,0.37798,3.53553,2
7238,2378,2572,0.37798,2.50000,1
7239,2572,2570,0.37798,2.50000,1
7240,2379,2573,0.37798,2.50000,2
7241,2573,2571,0.37798,2.50000,2
7242,2383,2574,0.37798,2.50000,2
7243,2574,2575,0.37798,2.50000,2
7244,2569,2576,0.37798,2.50000,2
7245,2576,2575,0.37798,2.50000,2
7246,2541,2577,0.37798,2.50000,4
7247,2577,2575,0.37798,2.50000,4
7248,2384,2568,0.37798,3.53553,1
7249,2384,2574,0.37798,3.53553,1
7250,2568,2576,0.37798,3.53553,1
7251,2574,2576,0.37798,3.53553,1
7252,2385,2540,0.37798,3.53553,2
7253,2385,2574,0.37798,3.53553,2
7254,2540,2577,0.37798,3.53553,2
7255,2574,2577,0.37798,3.53553,2
7256,2384,2578,0.37798,2.50000,1
7257,2578,2576,0.37798,2.50000,1
7258,2385,2579,0.37798,2.50000,2
7259,2579,2577,0.37798,2.50000,2
7260,2389,2580,0.37798,2.50000,2
7261,2580,2581,0.37798,2.50000,2
7262,2575,2582,0.37798,2.50000,2
7263,2582,2581,0.37798,2.50000,2
7264,2547,2583,0.37798,2.50000,4
7265,2583,2581,0.37798,2.50000,4
7266,2390,2574,0.37798,3.53553,1
7267,2390,2580,0.37798,3.53553,1
7268,2574,2582,0.37798,3.53553,1
7269,2580,2582,0.37798,3.53553,1
7270,2391,2546,0.37798,3.53553,2
7271,2391,2580,0.37798,3.53553,2
7272,2546,2583,0.37798,3.53553,2
7273,2580,2583,0.37798,3.53553,2
7274,2390,2584,0.37798,2.50000,1
7275,2584,2582,0.37798,2.50000,1
7276,2391,2585,0.37798,2.50000,2
7277,2585,2583,0.37798,2.50000,2
7278,2395,2586,0.37798,2.50000,1
7279,2586,2587,0.37798,2.50000,1
7280,2581,2588,0.37798,2.50000,2
7281,2588,2587,0.37798,2.50000,2
7282,2553,2589,0.37798,2.50000,2
7283,2589,2587,0.37798,2.50000,2
7284,2396,2580,0.37798,3.53553,1
7285,2396,2586,0.37798,3.53553,1
7286,2580,2588,0.37798,3.53553,1
7287,2586,2588,0.37798,3.53553,1
7288,2397,2552,0.37798,3.53553,1
7289,2397,2586,0.37798,3.53553,1
7290,2552,2589,0.37798,3.53553,1
7291,2586,2589,0.37798,3.53553,1
7292,2396,2590,0.37798,2.50000,1
7293,2590,2588,0.37798,2.50000,1
7294,2397,2591,0.37798,2.50000,1
7295,2591,2589,0.37798,2.50000,1
7296,2404,2592,0.37798,2.50000,1
7297,2405,2593,0.37798,2.50000,2
7298,2406,2594,0.37798,2.50000,2
7299,2407,2595,0.37798,2.50000,4
7300,2592,2596,0.37798,2.50000,1
7301,2593,2597,0.37798,2.50000,2
7302,2594,2598,0.37798,2.50000,2
7303,2595,2599,0.37798,2.50000,4
7304,2596,2600,0.37798,2.50000,2
7305,2597,2601,0.37798,2.50000,4
7306,2600,2598,0.37798,2.50000,2
7307,2601,2599,0.37798,2.50000,4
7308,2596,2602,0.37798,2.50000,2
7309,2602,2597,0.37798,2.50000,2
7310,2598,2603,0.37798,2.50000,4
7311,2603,2599,0.37798,2.50000,4
7312,2408,2592,0.37798,3.53553,1
7313,2409,2593,0.37798,3.53553,2
7314,2408,2594,0.37798,3.53553,1
7315,2409,2595,0.37798,3.53553,2
7316,2592,2600,0.37798,3.53553,1
7317,2593,2601,0.37798,3.53553,2
7318,2594,2600,0.37798,3.53553,1
7319,2595,2601,0.37798,3.53553,2
7320,2410,2592,0.37798,3.53553,1
7321,2410,2593,0.37798,3.53553,1
7322,2411,2594,0.37798,3.53553,2
7323,2411,2595,0.37798,3.53553,2
7324,2592,2602,0.37798,3.53553,1
7325,2593,2602,0.37798,3.53553,1
7326,2594,2603,0.37798,3.53553,2
7327,2595,2603,0.37798,3.53553,2
7328,2408,2604,0.37798,2.50000,1
7329,2409,2605,0.37798,2.50000,2
7330,2604,2600,0.37798,2.50000,1
7331,2605,2601,0.37798,2.50000,2
7332,2410,2606,0.37798,2.50000,1
7333,2411,2607,0.37798,2.50000,2
7334,2606,2602,0.37798,2.50000,1
7335,2607,2603,0.37798,2.50000,2
7336,2418,2608,0.37798,2.50000,2
7337,2419,2609,0.37798,2.50000,4
7338,2608,2610,0.37798,2.50000,2
7339,2609,2611,0.37798,2.50000,4
7340,2598,2612,0.37798,2.50000,2
7341,2599,2613,0.37798,2.50000,4
7342,2612,2610,0.37798,2.50000,2
7343,2613,2611,0.37798,2.50000,4
7344,2610,2614,0.37798,2.50000,4
7345,2614,2611,0.37798,2.50000,4
7346,2420,2594,0.37798,3.53553,1
7347,2421,2595,0.37798,3.53553,2
7348,2420,2608,0.37798,3.53553,1
7349,2421,2609,0.37798,3.53553,2
7350,2594,2612,0.37798,3.53553,1
7351,2595,2613,0.37798,3.53553,2
7352,2608,2612,0.37798,3.53553,1
7353,2609,2613,0.37798,3.53553,2
7354,2422,2608,0.37798,3.53553,2
7355,2422,2609,0.37798,3.53553,2
7356,2608,2614,0.37798,3.53553,2
7357,2609,2614,0.37798,3.53553,2
7358,2420,2615,0.37798,2.50000,1
7359,2421,2616,0.37798,2.50000,2
7360,2615,2612,0.37798,2.50000,1
7361,2616,2613,0.37798,2.50000,2
7362,2422,2617,0.37798,2.50000,2
7363,2617,2614,0.37798,2.50000,2
7364,2428,2618,0.37798,2.50000,2
7365,2429,2619,0.37798,2.50000,4
7366,2618,2620,0.37798,2.50000,2
7367,2619,2621,0.37798,2.50000,4
7368,2610,2622,0.37798,2.50000,2
7369,2611,2623,0.37798,2.50000,4
7370,2622,2620,0.37798,2.50000,2
7371,2623,2621,0.37798,2.50000,4
7372,2620,2624,0.37798,2.50000,4
7373,2624,2621,0.37798,2.50000,4
7374,2430,2608,0.37798,3.53553,1
7375,2431,2609,0.37798,3.53553,2
7376,2430,2618,0.37798,3.53553,1
7377,2431,2619,0.37798,3.53553,2
7378,2608,2622,0.37798,3.53553,1
7379,2609,2623,0.37798,3.53553,2
7380,2618,2622,0.37798,3.53553,1
7381,2619,2623,0.37798,3.53553,2
7382,2432,2618,0.37798,3.53553,2
7383,2432,2619,0.37798,3.53553,2
7384,2618,2624,0.37798,3.53553,2
7385,2619,2624,0.37798,3.53553,2
7386,2430,2625,0.37798,2.50000,1
7387,2431,2626,0.37798,2.50000,2
7388,2625,2622,0.37798,2.50000,1
7389,2626,2623,0.37798,2.50000,2
7390,2432,2627,0.37798,2.50000,2
7391,2627,2624,0.37798,2.50000,2
7392,2438,2628,0.37798,2.50000,2
7393,2439,2629,0.37798,2.50000,4
7394,2628,2630,0.37798,2.50000,2
7395,2629,2631,0.37798,2.50000,4
7396,2620,2632,0.37798,2.50000,2
7397,2621,2633,0.37798,2.50000,4
7398,2632,2630,0.37798,2.50000,2
7399,2633,2631,0.37798,2.50000,4
7400,2630,2634,0.37798,2.50000,4
7401,2634,2631,0.37798,2.50000,4
7402,2440,2618,0.37798,3.53553,1
7403,2441,2619,0.37798,3.53553,2
7404,2440,2628,0.37798,3.53553,1
7405,2441,2629,0.37798,3.53553,2
7406,2618,2632,0.37798,3.53553,1
7407,2619,2633,0.37798,3.53553,2
7408,2628,2632,0.37798,3.53553,1
7409,2629,2633,0.37798,3.53553,2
7410,2442,2628,0.37798,3.53553,2
7411,2442,2629,0.37798,3.53553,2
7412,2628,2634,0.37798,3.53553,2
7413,2629,2634,0.37798,3.53553,2
7414,2440,2635,0.37798,2.50000,1
7415,2441,2636,0.37798,2.50000,2
7416,2635,2632,0.37798,2.50000,1
7417,2636,2633,0.37798,2.50000,2
7418,2442,2637,0.37798,2.50000,2
7419,2637,2634,0.37798,2.50000,2
7420,2448,2638,0.37798,2.50000,1
7421,2449,2639,0.37798,2.50000,2
7422,2638,2640,0.37798,2.50000,1
7423,2639,2641,0.37798,2.50000,2
7424,2630,2642,0.37798,2.50000,2
7425,2631,2643,0.37798,2.50000,4
7426,2642,2640,0.37798,2.50000,2
7427,2643,2641,0.37798,2.50000,4
7428,2640,2644,0.37798,2.50000,2
7429,2644,2641,0.37798,2.50000,2
7430,2450,2628,0.37798,3.53553,1
7431,2451,2629,0.37798,3.53553,2
7432,2450,2638,0.37798,3.53553,1
7433,2451,2639,0.37798,3.53553,2
7434,2628,2642,0.37798,3.53553,1
7435,2629,2643,0.37798,3.53553,2
7436,2638,2642,0.37798,3.53553,1
7437,2639,2643,0.37798,3.53553,2
7438,2452,2638,0.37798,3.53553,1
7439,2452,2639,0.37798,3.53553,1
7440,2638,2644,0.37798,3.53553,1
7441,2639,2644,0.37798,3.53553,1
7442,2450,2645,0.37798,2.50000,1
7443,2451,2646,0.37798,2.50000,2
7444,2645,2642,0.37798,2.50000,1
7445,2646,2643,0.37798,2.50000,2
7446,2452,2647,0.37798,2.50000,1
7447,2647,2644,0.37798,2.50000,1
7448,2458,2648,0.37798,2.50000,2
7449,2459,2649,0.37798,2.50000,4
7450,2648,2650,0.37798,2.50000,2
7451,2649,2651,0.37798,2.50000,4
7452,2650,2652,0.37798,2.50000,4
7453,2652,2651,0.37798,2.50000,4
7454,2597,2653,0.37798,2.50000,2
7455,2653,2650,0.37798,2.50000,2
7456,2599,2654,0.37798,2.50000,4
7457,2654,2651,0.37798,2.50000,4
7458,2460,2648,0.37798,3.53553,2
7459,2460,2649,0.37798,3.53553,2
7460,2648,2652,0.37798,3.53553,2
7461,2649,2652,0.37798,3.53553,2
7462,2461,2593,0.37798,3.53553,1
7463,2461,2648,0.37798,3.53553,1
7464,2462,2595,0.37798,3.53553,2
7465,2462,2649,0.37798,3.53553,2
7466,2593,2653,0.37798,3.53553,1
7467,2648,2653,0.37798,3.53553,1
7468,2595,2654,0.37798,3.53553,2
7469,2649,2654,0.37798,3.53553,2
7470,2460,2655,0.37798,2.50000,2
7471,2655,2652,0.37798,2.50000,2
7472,2461,2656,0.37798,2.50000,1
7473,2462,2657,0.37798,2.50000,2
7474,2656,2653,0.37798,2.50000,1
7475,2657,2654,0.37798,2.50000,2
7476,2467,2658,0.37798,2.50000,4
7477,2658,2659,0.37798,2.50000,4
7478,2651,2660,0.37798,2.50000,4
7479,2660,2659,0.37798,2.50000,4
7480,2611,2661,0.37798,2.50000,4
7481,2661,2659,0.37798,2.50000,4
7482,2468,2649,0.37798,3.53553,2
7483,2468,2658,0.37798,3.53553,2
7484,2649,2660,0.37798,3.53553,2
7485,2658,2660,0.37798,3.53553,2
7486,2469,2609,0.37798,3.53553,2
7487,2469,2658,0.37798,3.53553,2
7488,2609,2661,0.37798,3.53553,2
7489,2658,2661,0.37798,3.53553,2
7490,2468,2662,0.37798,2.50000,2
7491,2662,2660,0.37798,2.50000,2
7492,2469,2663,0.37798,2.50000,2
7493,2663,2661,0.37798,2.50000,2
7494,2473,2664,0.37798,2.50000,4
7495,2664,2665,0.37798,2.50000,4
7496,2659,2666,0.37798,2.50000,4
7497,2666,2665,0.37798,2.50000,4
7498,2621,2667,0.37798,2.50000,4
7499,2667,2665,0.37798,2.50000,4
7500,2474,2658,0.37798,3.53553,2
7501,2474,2664,0.37798,3.53553,2
7502,2658,2666,0.37798,3.53553,2
7503,2664,2666,0.37798,3.53553,2
7504,2475,2619,0.37798,3.53553,2
7505,2475,2664,0.37798,3.53553,2
7506,2619,2667,0.37798,3.53553,2
7507,2664,2667,0.37798,3.53553,2
7508,2474,2668,0.37798,2.50000,2
7509,2668,2666,0.37798,2.50000,2
7510,2475,2669,0.37798,2.50000,2
7511,2669,2667,0.37798,2.50000,2
7512,2479,2670,0.37798,2.50000,4
7513,2670,2671,0.37798,2.50000,4
7514,2665,2672,0.37798,2.50000,4
7515,2672,2671,0.37798,2.50000,4
7516,2631,2673,0.37798,2.50000,4
7517,2673,2671,0.37798,2.50000,4
7518,2480,2664,0.37798,3.53553,2
7519,2480,2670,0.37798,3.53553,2
7520,2664,2672,0.37798,3.53553,2
7521,2670,2672,0.37798,3.53553,2
7522,2481,2629,0.37798,3.53553,2
7523,2481,2670,0.37798,3.53553,2
7524,2629,2673,0.37798,3.53553,2
7525,2670,2673,0.37798,3.53553,2
7526,2480,2674,0.37798,2.50000,2
7527,2674,2672,0.37798,2.50000,2
7528,2481,2675,0.37798,2.50000,2
7529,2675,2673,0.37798,2.50000,2
7530,2485,2676,0.37798,2.50000,2
7531,2676,2677,0.37798,2.50000,2
7532,2671,2678,0.37798,2.50000,4
7533,2678,2677,0.37798,2.50000,4
7534,2641,2679,0.37798,2.50000,2
7535,2679,2677,0.37798,2.50000,2
7536,2486,2670,0.37798,3.53553,2
7537,2486,2676,0.37798,3.53553,2
7538,2670,2678,0.37798,3.53553,2
7539,2676,2678,0.37798,3.53553,2
7540,2487,2639,0.37798,3.53553,1
7541,2487,2676,0.37798,3.53553,1
7542,2639,2679,0.37798,3.53553,1
7543,2676,2679,0.37798,3.53553,1
7544,2486,2680,0.37798,2.50000,2
7545,2680,2678,0.37798,2.50000,2
7546,2487,2681,0.37798,2.50000,1
7547,2681,2679,0.37798,2.50000,1
7548,2492,2682,0.37798,2.50000,2
7549,2493,2683,0.37798,2.50000,4
7550,2682,2684,0.37798,2.50000,2
7551,2683,2685,0.37798,2.50000,4
7552,2684,2686,0.37798,2.50000,4
7553,2686,2685,0.37798,2.50000,4
7554,2650,2687,0.37798,2.50000,2
7555,2687,2684,0.37798,2.50000,2
7556,2651,2688,0.37798,2.50000,4
7557,2688,2685,0.37798,2.50000,4
7558,2494,2682,0.37798,3.53553,2
7559,2494,2683,0.37798,3.53553,2
7560,2682,2686,0.37798,3.53553,2
7561,2683,2686,0.37798,3.53553,2
7562,2495,2648,0.37798,3.53553,1
7563,2495,2682,0.37798,3.53553,1
7564,2496,2649,0.37798,3.53553,2
7565,2496,2683,0.37798,3.53553,2
7566,2648,2687,0.37798,3.53553,1
7567,2682,2687,0.37798,3.53553,1
7568,2649,2688,0.37798,3.53553,2
7569,2683,2688,0.37798,3.53553,2
7570,2494,2689,0.37798,2.50000,2
7571,2689,2686,0.37798,2.50000,2
7572,2495,2690,0.37798,2.50000,1
7573,2496,2691,0.37798,2.50000,2
7574,2690,2687,0.37798,2.50000,1
7575,2691,2688,0.37798,2.50000,2
7576,2501,2692,0.37798,2.50000,4
7577,2692,2693,0.37798,2.50000,4
7578,2685,2694,0.37798,2.50000,4
7579,2694,2693,0.37798,2.50000,4
7580,2659,2695,0.37798,2.50000,4
7581,2695,2693,0.37798,2.50000,4
7582,2502,2683,0.37798,3.53553,2
7583,2502,2692,0.37798,3.53553,2
7584,2683,2694,0.37798,3.53553,2
7585,2692,2694,0.37798,3.53553,2
7586,2503,2658,0.37798,3.53553,2
7587,2503,2692,0.37798,3.53553,2
7588,2658,2695,0.37798,3.53553,2
7589,2692,2695,0.37798,3.53553,2
7590,2502,2696,0.37798,2.50000,2
7591,2696,2694,0.37798,2.50000,2
7592,2503,2697,0.37798,2.50000,2
7593,2697,2695,0.37798,2.50000,2
7594,2507,2698,0.37798,2.50000,4
7595,2698,2699,0.37798,2.50000,4
7596,2693,2700,0.37798,2.50000,4
7597,2700,2699,0.37798,2.50000,4
7598,2665,2701,0.37798,2.50000,4
7599,2701,2699,0.37798,2.50000,4
7600,2508,2692,0.37798,3.53553,2
7601,2508,2698,0.37798,3.53553,2
7602,2692,2700,0.37798,3.53553,2
7603,2698,2700,0.37798,3.53553,2
7604,2509,2664,0.37798,3.53553,2
7605,2509,2698,0.37798,3.53553,2
7606,2664,2701,0.37798,3.53553,2
7607,2698,2701,0.37798,3.53553,2
7608,2508,2702,0.37798,2.50000,2
7609,2702,2700,0.37798,2.50000,2
7610,2509,2703,0.37798,2.50000,2
7611,2703,2701,0.37798,2.50000,2
7612,2513,2704,0.37798,2.50000,4
7613,2704,2705,0.37798,2.50000,4
7614,2699,2706,0.37798,2.50000,4
7615,2706,2705,0.37798,2.50000,4
7616,2671,2707,0.37798,2.50000,4
7617,2707,2705,0.37798,2.50000,4
7618,2514,2698,0.37798,3.53553,2
7619,2514,2704,0.37798,3.53553,2
7620,2698,2706,0.37798,3.53553,2
7621,2704,2706,0.37798,3.53553,2
7622,2515,2670,0.37798,3.53553,2
7623,2515,2704,0.37798,3.53553,2
7624,2670,2707,0.37798,3.53553,2
7625,2704,2707,0.37798,3.53553,2
7626,2514,2708,0.37798,2.50000,2
7627,2708,2706,0.37798,2.50000,2
7628,2515,2709,0.37798,2.50000,2
7629,2709,2707,0.37798,2.50000,2
7630,2519,2710,0.37798,2.50000,2
7631,2710,2711,0.37798,2.50000,2
7632,2705,2712,0.37798,2.50000,4
7633,2712,2711,0.37798,2.50000,4
7634,2677,2713,0.37798,2.50000,2
7635,2713,2711,0.37798,2.50000,2
7636,2520,2704,0.37798,3.53553,2
7637,2520,2710,0.37798,3.53553,2
7638,2704,2712,0.37798,3.53553,2
7639,2710,2712,0.37798,3.53553,2
7640,2521,2676,0.37798,3.53553,1
7641,2521,2710,0.37798,3.53553,1
7642,2676,2713,0.37798,3.53553,1
7643,2710,2713,0.37798,3.53553,1
7644,2520,2714,0.37798,2.50000,2
7645,2714,2712,0.37798,2.50000,2
7646,2521,2715,0.37798,2.50000,1
7647,2715,2713,0.37798,2.50000,1
7648,2526,2716,0.37798,2.50000,2
7649,2527,2717,0.37798,2.50000,4
7650,2716,2718,0.37798,2.50000,2
7651,2717,2719,0.37798,2.50000,4
7652,2718,2720,0.37798,2.50000,4
7653,2720,2719,0.37798,2.50000,4
7654,2684,2721,0.37798,2.50000,2
7655,2721,2718,0.37798,2.50000,2
7656,2685,2722,0.37798,2.50000,4
7657,2722,2719,0.37798,2.50000,4
7658,2528,2716,0.37798,3.53553,2
7659,2528,2717,0.37798,3.53553,2
7660,2716,2720,0.37798,3.53553,2
7661,2717,2720,0.37798,3.53553,2
7662,2529,2682,0.37798,3.53553,1
7663,2529,2716,0.37798,3.53553,1
7664,2530,2683,0.37798,3.53553,2
7665,2530,2717,0.37798,3.53553,2
7666,2682,2721,0.37798,3.53553,1
7667,2716,2721,0.37798,3.53553,1
7668,2683,2722,0.37798,3.53553,2
7669,2717,2722,0.37798,3.53553,2
7670,2528,2723,0.37798,2.50000,2
7671,2723,2720,0.37798,2.50000,2
7672,2529,2724,0.37798,2.50000,1
7673,2530,2725,0.37798,2.50000,2
7674,2724,2721,0.37798,2.50000,1
7675,2725,2722,0.37798,2.50000,2
7676,2535,2726,0.37798,2.50000,4
7677,2726,2727,0.37798,2.50000,4
7678,2719,2728,0.37798,2.50000,4
7679,2728,2727,0.37798,2.50000,4
7680,2693,2729,0.37798,2.50000,4
7681,2729,2727,0.37798,2.50000,4
7682,2536,2717,0.37798,3.53553,2
7683,2536,2726,0.37798,3.53553,2
7684,2717,2728,0.37798,3.53553,2
7685,2726,2728,0.37798,3.53553,2
7686,2537,2692,0.37798,3.53553,2
7687,2537,2726,0.37798,3.53553,2
7688,2692,2729,0.37798,3.53553,2
7689,2726,2729,0.37798,3.53553,2
7690,2536,2730,0.37798,2.50000,2
7691,2730,2728,0.37798,2.50000,2
7692,2537,2731,0.37798,2.50000,2
7693,2731,2729,0.37798,2.50000,2
7694,2541,2732,0.37798,2.50000,4
7695,2732,2733,0.37798,2.50000,4
7696,2727,2734,0.37798,2.50000,4
7697,2734,2733,0.37798,2.50000,4
7698,2699,2735,0.37798,2.50000,4
7699,2735,2733,0.37798,2.50000,4
7700,2542,2726,0.37798,3.53553,2
7701,2542,2732,0.37798,3.53553,2
7702,2726,2734,0.37798,3.53553,2
7703,2732,2734,0.37798,3.53553,2
7704,2543,2698,0.37798,3.53553,2
7705,2543,2732,0.37798,3.53553,2
7706,2698,2735,0.37798,3.53553,2
7707,2732,2735,0.37798,3.53553,2
7708,2542,2736,0.37798,2.50000,2
7709,2736,2734,0.37798,2.50000,2
7710,2543,2737,0.37798,2.50000,2
7711,2737,2735,0.37798,2.50000,2
7712,2547,2738,0.37798,2.50000,4
7713,2738,2739,0.37798,2.50000,4
7714,2733,2740,0.37798,2.50000,4
7715,2740,2739,0.37798,2.50000,4
7716,2705,2741,0.37798,2.50000,4
7717,2741,2739,0.37798,2.50000,4
7718,2548,2732,0.37798,3.53553,2
7719,2548,2738,0.37798,3.53553,2
7720,2732,2740,0.37798,3.53553,2
7721,2738,2740,0.37798,3.53553,2
7722,2549,2704,0.37798,3.53553,2
7723,2549,2738,0.37798,3.53553,2
7724,2704,2741,0.37798,3.53553,2
7725,2738,2741,0.37798,3.53553,2
7726,2548,2742,0.37798,2.50000,2
7727,2742,2740,0.37798,2.50000,2
7728,2549,2743,0.37798,2.50000,2
7729,2743,2741,0.37798,2.50000,2
7730,2553,2744,0.37798,2.50000,2
7731,2744,2745,0.37798,2.50000,2
7732,2739,2746,0.37798,2.50000,4
7733,2746,2745,0.37798,2.50000,4
7734,2711,2747,0.37798,2.50000,2
7735,2747,2745,0.37798,2.50000,2
7736,2554,2738,0.37798,3.53553,2
7737,2554,2744,0.37798,3.53553,2
7738,2738,2746,0.37798,3.53553,2
7739,2744,2746,0.37798,3.53553,2
7740,2555,2710,0.37798,3.53553,1
7741,2555,2744,0.37798,3.53553,1
7742,2710,2747,0.37798,3.53553,1
7743,2744,2747,0.37798,3.53553,1
7744,2554,2748,0.37798,2.50000,2
7745,2748,2746,0.37798,2.50000,2
7746,2555,2749,0.37798,2.50000,1
7747,2749,2747,0.37798,2.50000,1
7748,2560,2750,0.37798,2.50000,1
7749,2561,2751,0.37798,2.50000,2
7750,2750,2752,0.37798,2.50000,1
7751,2751,2753,0.37798,2.50000,2
7752,2752,2754,0.37798,2.50000,2
7753,2754,2753,0.37798,2.50000,2
7754,2718,2755,0.37798,2.50000,2
7755,2755,2752,0.37798,2.50000,2
7756,2719,2756,0.37798,2.50000,4
7757,2756,2753,0.37798,2.50000,4
7758,2562,2750,0.37798,3.53553,1
7759,2562,2751,0.37798,3.53553,1
7760,2750,2754,0.37798,3.53553,1
7761,2751,2754,0.37798,3.53553,1
7762,2563,2716,0.37798,3.53553,1
7763,2563,2750,0.37798,3.53553,1
7764,2564,2717,0.37798,3.53553,2
7765,2564,2751,0.37798,3.53553,2
7766,2716,2755,0.37798,3.53553,1
7767,2750,2755,0.37798,3.53553,1
7768,2717,2756,0.37798,3.53553,2
7769,2751,2756,0.37798,3.53553,2
7770,2562,2757,0.37798,2.50000,1
7771,2757,2754,0.37798,2.50000,1
7772,2563,2758,0.37798,2.50000,1
7773,2564,2759,0.37798,2.50000,2
7774,2758,2755,0.37798,2.50000,1
7775,2759,2756,0.37798,2.50000,2
7776,2569,2760,0.37798,2.50000,2
7777,2760,2761,0.37798,2.50000,2
7778,2753,2762,0.37798,2.50000,2
7779,2762,2761,0.37798,2.50000,2
7780,2727,2763,0.37798,2.50000,4
7781,2763,2761,0.37798,2.50000,4
7782,2570,2751,0.37798,3.53553,1
7783,2570,2760,0.37798,3.53553,1
7784,2751,2762,0.37798,3.53553,1
7785,2760,2762,0.37798,3.53553,1
7786,2571,2726,0.37798,3.53553,2
7787,2571,2760,0.37798,3.53553,2
7788,2726,2763,0.37798,3.53553,2
7789,2760,2763,0.37798,3.53553,2
7790,2570,2764,0.37798,2.50000,1
7791,2764,2762,0.37798,2.50000,1
7792,2571,2765,0.37798,2.50000,2
7793,2765,2763,0.37798,2.50000,2
7794,2575,2766,0.37798,2.50000,2
7795,2766,2767,0.37798,2.50000,2
7796,2761,2768,0.37798,2.50000,2
7797,2768,2767,0.37798,2.50000,2
7798,2733,2769,0.37798,2.50000,4
7799,2769,2767,0.37798,2.50000,4
7800,2576,2760,0.37798,3.53553,1
7801,2576,2766,0.37798,3.53553,1
7802,2760,2768,0.37798,3.53553,1
7803,2766,2768,0.37798,3.53553,1
7804,2577,2732,0.37798,3.53553,2
7805,2577,2766,0.37798,3.53553,2
7806,2732,2769,0.37798,3.53553,2
7807,2766,2769,0.37798,3.53553,2
7808,2576,2770,0.37798,2.50000,1
7809,2770,2768,0.37798,2.50000,1
7810,2577,2771,0.37798,2.50000,2
7811,2771,2769,0.37798,2.50000,2
7812,2581,2772,0.37798,2.50000,2
7813,2772,2773,0.37798,2.50000,2
7814,2767,2774,0.37798,2.50000,2
7815,2774,2773,0.37798,2.50000,2
7816,2739,2775,0.37798,2.50000,4
7817,2775,2773,0.37798,2.50000,4
7818,2582,2766,0.37798,3.53553,1
7819,2582,2772,0.37798,3.53553,1
7820,2766,2774,0.37798,3.53553,1
7821,2772,2774,0.37798,3.53553,1
7822,2583,2738,0.37798,3.53553,2
7823,2583,2772,0.37798,3.53553,2
7824,2738,2775,0.37798,3.53553,2
7825,2772,2775,0.37798,3.53553,2
7826,2582,2776,0.37798,2.50000,1
7827,2776,2774,0.37798,2.50000,1
7828,2583,2777,0.37798,2.50000,2
7829,2777,2775,0.37798,2.50000,2
7830,2587,2778,0.37798,2.50000,1
7831,2778,2779,0.37798,2.50000,1
7832,2773,2780,0.37798,2.50000,2
7833,2780,2779,0.37798,2.50000,2
7834,2745,2781,0.37798,2.50000,2
7835,2781,2779,0.37798,2.50000,2
7836,2588,2772,0.37798,3.53553,1
7837,2588,2778,0.37798,3.53553,1
7838,2772,2780,0.37798,3.53553,1
7839,2778,2780,0.37798,3.53553,1
7840,2589,2744,0.37798,3.53553,1
7841,2589,2778,0.37798,3.53553,1
7842,2744,2781,0.37798,3.53553,1
7843,2778,2781,0.37798,3.53553,1
7844,2588,2782,0.37798,2.50000,1
7845,2782,2780,0.37798,2.50000,1
7846,2589,2783,0.37798,2.50000,1
7847,2783,2781,0.37798,2.50000,1
7848,2596,2784,0.37798,2.50000,1
7849,2597,2785,0.37798,2.50000,2
7850,2598,2786,0.37798,2.50000,2
7851,2599,2787,0.37798,2.50000,4
7852,2784,2788,0.37798,2.50000,1
7853,2785,2789,0.37798,2.50000,2
7854,2786,2790,0.37798,2.50000,2
7855,2787,2791,0.37798,2.50000,4
7856,2788,2792,0.37798,2.50000,2
7857,2789,2793,0.37798,2.50000,4
7858,2792,2790,0.37798,2.50000,2
7859,2793,2791,0.37798,2.50000,4
7860,2788,2794,0.37798,2.50000,2
7861,2794,2789,0.37798,2.50000,2
7862,2790,2795,0.37798,2.50000,4
7863,2795,2791,0.37798,2.50000,4
7864,2600,2784,0.37798,3.53553,1
7865,2601,2785,0.37798,3.53553,2
7866,2600,2786,0.37798,3.53553,1
7867,2601,2787,0.37798,3.53553,2
7868,2784,2792,0.37798,3.53553,1
7869,2785,2793,0.37798,3.53553,2
7870,2786,2792,0.37798,3.53553,1
7871,2787,2793,0.37798,3.53553,2
7872,2602,2784,0.37798,3.53553,1
7873,2602,2785,0.37798,3.53553,1
7874,2603,2786,0.37798,3.53553,2
7875,2603,2787,0.37798,3.53553,2
7876,2784,2794,0.37798,3.53553,1
7877,2785,2794,0.37798,3.53553,1
7878,2786,2795,0.37798,3.53553,2
7879,2787,2795,0.37798,3.53553,2
7880,2600,2796,0.37798,2.50000,1
7881,2601,2797,0.37798,2.50000,2
7882,2796,2792,0.37798,2.50000,1
7883,2797,2793,0.37798,2.50000,2
7884,2602,2798,0.37798,2.50000,1
7885,2603,2799,0.37798,2.50000,2
7886,2798,2794,0.37798,2.50000,1
7887,2799,2795,0.37798,2.50000,2
7888,2610,2800,0.37798,2.50000,2
7889,2611,2801,0.37798,2.50000,4
7890,2800,2802,0.37798,2.50000,2
7891,2801,2803,0.37798,2.50000,4
7892,2790,2804,0.37798,2.50000,2
7893,2791,2805,0.37798,2.50000,4
7894,2804,2802,0.37798,2.50000,2
7895,2805,2803,0.37798,2.50000,4
7896,2802,2806,0.37798,2.50000,4
7897,2806,2803,0.37798,2.50000,4
7898,2612,2786,0.37798,3.53553,1
7899,2613,2787,0.37798,3.53553,2
7900,2612,2800,0.37798,3.53553,1
7901,2613,2801,0.37798,3.53553,2
7902,2786,2804,0.37798,3.53553,1
7903,2787,2805,0.37798,3.53553,2
7904,2800,2804,0.37798,3.53553,1
7905,2801,2805,0.37798,3.53553,2
7906,2614,2800,0.37798,3.53553,2
7907,2614,2801,0.37798,3.53553,2
7908,2800,2806,0.37798,3.53553,2
7909,2801,2806,0.37798,3.53553,2
7910,2612,2807,0.37798,2.50000,1
7911,2613,2808,0.37798,2.50000,2
7912,2807,2804,0.37798,2.50000,1
7913,2808,2805,0.37798,2.50000,2
7914,2614,2809,0.37798,2.50000,2
7915,2809,2806,0.37798,2.50000,2
7916,2620,2810,0.37798,2.50000,2
7917,2621,2811,0.37798,2.50000,4
7918,2810,2812,0.37798,2.50000,2
7919,2811,2813,0.37798,2.50000,4
7920,2802,2814,0.37798,2.50000,2
7921,2803,2815,0.37798,2.50000,4
7922,2814,2812,0.37798,2.50000,2
7923,2815,2813,0.37798,2.50000,4
7924,2812,2816,0.37798,2.50000,4
7925,2816,2813,0.37798,2.50000,4
7926,2622,2800,0.37798,3.53553,1
7927,2623,2801,0.37798,3.53553,2
7928,2622,2810,0.37798,3.53553,1
7929,2623,2811,0.37798,3.53553,2
7930,2800,2814,0.37798,3.53553,1
7931,2801,2815,0.37798,3.53553,2
7932,2810,2814,0.37798,3.53553,1
7933,2811,2815,0.37798,3.53553,2
7934,2624,2810,0.37798,3.53553,2
7935,2624,2811,0.37798,3.53553,2
7936,2810,2816,0.37798,3.53553,2
7937,2811,2816,0.37798,3.53553,2
7938,2622,2817,0.37798,2.50000,1
7939,2623,2818,0.37798,2.50000,2
7940,2817,2814,0.37798,2.50000,1
7941,2818,2815,0.37798,2.50000,2
7942,2624,2819,0.37798,2.50000,2
7943,2819,2816,0.37798,2.50000,2
7944,2630,2820,0.37798,2.50000,2
7945,2631,2821,0.37798,2.50000,4
7946,2820,2822,0.37798,2.50000,2
7947,2821,2823,0.37798,2.50000,4
7948,2812,2824,0.37798,2.50000,2
7949,2813,2825,0.37798,2.50000,4
7950,2824,2822,0.37798,2.50000,2
7951,2825,2823,0.37798,2.50000,4
7952,2822,2826,0.37798,2.50000,4
7953,2826,2823,0.37798,2.50000,4
7954,2632,2810,0.37798,3.53553,1
7955,2633,2811,0.37798,3.53553,2
7956,2632,2820,0.37798,3.53553,1
7957,2633,2821,0.37798,3.53553,2
7958,2810,2824,0.37798,3.53553,1
7959,2811,2825,0.37798,3.53553,2
7960,2820,2824,0.37798,3.53553,1
7961,2821,2825,0.37798,3.53553,2
7962,2634,2820,0.37798,3.53553,2
7963,2634,2821,0.37798,3.53553,2
7964,2820,2826,0.37798,3.53553,2
7965,2821,2826,0.37798,3.53553,2
7966,2632,2827,0.37798,2.50000,1
7967,2633,2828,0.37798,2.50000,2
7968,2827,2824,0.37798,2.50000,1
7969,2828,2825,0.37798,2.50000,2
7970,2634,2829,0.37798,2.50000,2
7971,2829,2826,0.37798,2.50000,2
7972,2640,2830,0.37798,2.50000,1
7973,2641,2831,0.37798,2.50000,2
7974,2830,2832,0.37798,2.50000,1
7975,2831,2833,0.37798,2.50000,2
7976,2822,2834,0.37798,2.50000,2
7977,2823,2835,0.37798,2.50000,4
7978,2834,2832,0.37798,2.50000,2
7979,2835,2833,0.37798,2.50000,4
7980,2832,2836,0.37798,2.50000,2
7981,2836,2833,0.37798,2.50000,2
7982,2642,2820,0.37798,3.53553,1
7983,2643,2821,0.37798,3.53553,2
7984,2642,2830,0.37798,3.53553,1
7985,2643,2831,0.37798,3.53553,2
7986,2820,2834,0.37798,3.53553,1
7987,2821,2835,0.37798,3.53553,2
7988,2830,2834,0.37798,3.53553,1
7989,2831,2835,0.37798,3.53553,2
7990,2644,2830,0.37798,3.53553,1
7991,2644,2831,0.37798,3.53553,1
7992,2830,2836,0.37798,3.53553,1
7993,2831,2836,0.37798,3.53553,1
7994,2642,2837,0.37798,2.50000,1
7995,2643,2838,0.37798,2.50000,2
7996,2837,2834,0.37798,2.50000,1
7997,2838,2835,0.37798,2.50000,2
7998,2644,2839,0.37798,2.50000,1
7999,2839,2836,0.37798,2.50000,1
8000,2650,2840,0.37798,2.50000,2
8001,2651,2841,0.37798,2.50000,4
8002,2840,2842,0.37798,2.50000,2
8003,2841,2843,0.37798,2.50000,4
8004,2842,2844,0.37798,2.50000,4
8005,2844,2843,0.37798,2.50000,4
8006,2789,2845,0.37798,2.50000,2
8007,2845,2842,0.37798,2.50000,2
8008,2791,2846,0.37798,2.50000,4
8009,2846,2843,0.37798,2.50000,4
8010,2652,2840,0.37798,3.53553,2
8011,2652,2841,0.37798,3.53553,2
8012,2840,2844,0.37798,3.53553,2
8013,2841,2844,0.37798,3.53553,2
8014,2653,2785,0.37798,3.53553,1
8015,2653,2840,0.37798,3.53553,1
8016,2654,2787,0.37798,3.53553,2
8017,2654,2841,0.37798,3.53553,2
8018,2785,2845,0.37798,3.53553,1
8019,2840,2845,0.37798,3.53553,1
8020,2787,2846,0.37798,3.53553,2
8021,2841,2846,0.37798,3.53553,2
8022,2652,2847,0.37798,2.50000,2
8023,2847,2844,0.37798,2.50000,2
8024,2653,2848,0.37798,2.50000,1
8025,2654,2849,0.37798,2.50000,2
8026,2848,2845,0.37798,2.50000,1
8027,2849,2846,0.37798,2.50000,2
8028,2659,2850,0.37798,2.50000,4
8029,2850,2851,0.37798,2.50000,4
8030,2843,2852,0.37798,2.50000,4
8031,2852,2851,0.37798,2.50000,4
8032,2803,2853,0.37798,2.50000,4
8033,2853,2851,0.37798,2.50000,4
8034,2660,2841,0.37798,3.53553,2
8035,2660,2850,0.37798,3.53553,2
8036,2841,2852,0.37798,3.53553,2
8037,2850,2852,0.37798,3.53553,2
8038,2661,2801,0.37798,3.53553,2
8039,2661,2850,0.37798,3.53553,2
8040,2801,2853,0.37798,3.53553,2
8041,2850,2853,0.37798,3.53553,2
8042,2660,2854,0.37798,2.50000,2
8043,2854,2852,0.37798,2.50000,2
8044,2661,2855,0.37798,2.50000,2
8045,2855,2853,0.37798,2.50000,2
8046,2665,2856,0.37798,2.50000,4
8047,2856,2857,0.37798,2.50000,4
8048,2851,2858,0.37798,2.50000,4
8049,2858,2857,0.37798,2.50000,4
8050,2813,2859,0.37798,2.50000,4
8051,2859,2857,0.37798,2.50000,4
8052,2666,2850,0.37798,3.53553,2
8053,2666,2856,0.37798,3.53553,2
8054,2850,2858,0.37798,3.53553,2
8055,2856,2858,0.37798,3.53553,2
8056,2667,2811,0.37798,3.53553,2
8057,2667,2856,0.37798,3.53553,2
8058,2811,2859,0.37798,3.53553,2
8059,2856,2859,0.37798,3.53553,2
8060,2666,2860,0.37798,2.50000,2
8061,2860,2858,0.37798,2.50000,2
8062,2667,2861,0.37798,2.50000,2
8063,2861,2859,0.37798,2.50000,2
8064,2671,2862,0.37798,2.50000,4
8065,2862,2863,0.37798,2.50000,4
8066,2857,2864,0.37798,2.50000,4
8067,2864,2863,0.37798,2.50000,4
8068,2823,2865,0.37798,2.50000,4
8069,2865,2863,0.37798,2.50000,4
8070,2672,2856,0.37798,3.53553,2
8071,2672,2862,0.37798,3.53553,2
8072,2856,2864,0.37798,3.53553,2
8073,2862,2864,0.37798,3.53553,2
8074,2673,2821,0.37798,3.53553,2
8075,2673,2862,0.37798,3.53553,2
8076,2821,2865,0.37798,3.53553,2
8077,2862,2865,0.37798,3.53553,2
8078,2672,2866,0.37798,2.50000,2
8079,2866,2864,0.37798,2.50000,2
8080,2673,2867,0.37798,2.50000,2
8081,2867,2865,0.37798,2.50000,2
8082,2677,2868,0.37798,2.50000,2
8083,2868,2869,0.37798,2.50000,2
8084,2863,2870,0.37798,2.50000,4
8085,2870,2869,0.37798,2.50000,4
8086,2833,2871,0.37798,2.50000,2
8087,2871,2869,0.37798,2.50000,2
8088,2678,2862,0.37798,3.53553,2
8089,2678,2868,0.37798,3.53553,2
8090,2862,2870,0.37798,3.53553,2
8091,2868,2870,0.37798,3.53553,2
8092,2679,2831,0.37798,3.53553,1
8093,2679,2868,0.37798,3.53553,1
8094,2831,2871,0.37798,3.53553,1
8095,2868,2871,0.37798,3.53553,1
8096,2678,2872,0.37798,2.50000,2
8097,2872,2870,0.37798,2.50000,2
8098,2679,2873,0.37798,2.50000,1
8099,2873,2871,0.37798,2.50000,1
8100,2684,2874,0.37798,2.50000,2
8101,2685,2875,0.37798,2.50000,4
8102,2874,2876,0.37798,2.50000,2
8103,2875,2877,0.37798,2.50000,4
8104,2876,2878,0.37798,2.50000,4
8105,2878,2877,0.37798,2.50000,4
8106,2842,2879,0.37798,2.50000,2
8107,2879,2876,0.37798,2.50000,2
8108,2843,2880,0.37798,2.50000,4
8109,2880,2877,0.37798,2.50000,4
8110,2686,2874,0.37798,3.53553,2
8111,2686,2875,0.37798,3.53553,2
8112,2874,2878,0.37798,3.53553,2
8113,2875,2878,0.37798,3.53553,2
8114,2687,2840,0.37798,3.53553,1
8115,2687,2874,0.37798,3.53553,1
8116,2688,2841,0.37798,3.53553,2
8117,2688,2875,0.37798,3.53553,2
8118,2840,2879,0.37798,3.53553,1
8119,2874,2879,0.37798,3.53553,1
8120,2841,2880,0.37798,3.53553,2
8121,2875,2880,0.37798,3.53553,2
8122,2686,2881,0.37798,2.50000,2
8123,2881,2878,0.37798,2.50000,2
8124,2687,2882,0.37798,2.50000,1
8125,2688,2883,0.37798,2.50000,2
8126,2882,2879,0.37798,2.50000,1
8127,2883,2880,0.37798,2.50000,2
8128,2693,2884,0.37798,2.50000,4
8129,2884,2885,0.37798,2.50000,4
8130,2877,2886,0.37798,2.50000,4
8131,2886,2885,0.37798,2.50000,4
8132,2851,2887,0.37798,2.50000,4
8133,2887,2885,0.37798,2.50000,4
8134,2694,2875,0.37798,3.53553,2
8135,2694,2884,0.37798,3.53553,2
8136,2875,2886,0.37798,3.53553,2
8137,2884,2886,0.37798,3.53553,2
8138,2695,2850,0.37798,3.53553,2
8139,2695,2884,0.37798,3.53553,2
8140,2850,2887,0.37798,3.53553,2
8141,2884,2887,0.37798,3.53553,2
8142,2694,2888,0.37798,2.50000,2
8143,2888,2886,0.37798,2.50000,2
8144,2695,2889,0.37798,2.50000,2
8145,2889,2887,0.37798,2.50000,2
8146,2699,2890,0.37798,2.50000,4
8147,2890,2891,0.37798,2.50000,4
8148,2885,2892,0.37798,2.50000,4
8149,2892,2891,0.37798,2.50000,4
8150,2857,2893,0.37798,2.50000,4
8151,2893,2891,0.37798,2.50000,4
8152,2700,2884,0.37798,3.53553,2
8153,2700,2890,0.37798,3.53553,2
8154,2884,2892,0.37798,3.53553,2
8155,2890,2892,0.37798,3.53553,2
8156,2701,2856,0.37798,3.53553,2
8157,2701,2890,0.37798,3.53553,2
8158,2856,2893,0.37798,3.53553,2
8159,2890,2893,0.37798,3.53553,2
8160,2700,2894,0.37798,2.50000,2
8161,2894,2892,0.37798,2.50000,2
8162,2701,2895,0.37798,2.50000,2
8163,2895,2893,0.37798,2.50000,2
8164,2705,2896,0.37798,2.50000,4
8165,2896,2897,0.37798,2.50000,4
8166,2891,2898,0.37798,2.50000,4
8167,2898,2897,0.37798,2.50000,4
8168,2863,2899,0.37798,2.50000,4
8169,2899,2897,0.37798,2.50000,4
8170,2706,2890,0.37798,3.53553,2
8171,2706,2896,0.37798,3.53553,2
8172,2890,2898,0.37798,3.53553,2
8173,2896,2898,0.37798,3.53553,2
8174,2707,2862,0.37798,3.53553,2
8175,2707,2896,0.37798,3.53553,2
8176,2862,2899,0.37798,3.53553,2
8177,2896,2899,0.37798,3.53553,2
8178,2706,2900,0.37798,2.50000,2
8179,2900,2898,0.37798,2.50000,2
8180,2707,2901,0.37798,2.50000,2
8181,2901,2899,0.37798,2.50000,2
8182,2711,2902,0.37798,2.50000,2
8183,2902,2903,0.37798,2.50000,2
8184,2897,2904,0.37798,2.50000,4
8185,2904,2903,0.37798,2.50000,4
8186,2869,2905,0.37798,2.50000,2
8187,2905,2903,0.37798,2.50000,2
8188,2712,2896,0.37798,3.53553,2
8189,2712,2902,0.37798,3.53553,2
8190,2896,2904,0.37798,3.53553,2
8191,2902,2904,0.37798,3.53553,2
8192,2713,2868,0.37798,3.53553,1
8193,2713,2902,0.37798,3.53553,1
8194,2868,2905,0.37798,3.53553,1
8195,2902,2905,0.37798,3.53553,1
8196,2712,2906,0.37798,2.50000,2
8197,2906,2904,0.37798,2.50000,2
8198,2713,2907,0.37798,2.50000,1
8199,2907,2905,0.37798,2.50000,1
8200,2718,2908,0.37798,2.50000,2
8201,2719,2909,0.37798,2.50000,4
8202,2908,2910,0.37798,2.50000,2
8203,2909,2911,0.37798,2.50000,4
8204,2910,2912,0.37798,2.50000,4
8205,2912,2911,0.37798,2.50000,4
8206,2876,2913,0.37798,2.50000,2
8207,2913,2910,0.37798,2.50000,2
8208,2877,2914,0.37798,2.50000,4
8209,2914,2911,0.37798,2.50000,4
8210,2720,2908,0.37798,3.53553,2
8211,2720,2909,0.37798,3.53553,2
8212,2908,2912,0.37798,3.53553,2
8213,2909,2912,0.37798,3.53553,2
8214,2721,2874,0.37798,3.53553,1
8215,2721,2908,0.37798,3.53553,1
8216,2722,2875,0.37798,3.53553,2
8217,2722,2909,0.37798,3.53553,2
8218,2874,2913,0.37798,3.53553,1
8219,2908,2913,0.37798,3.53553,1
8220,2875,2914,0.37798,3.53553,2
8221,2909,2914,0.37798,3.53553,2
8222,2720,2915,0.37798,2.50000,2
8223,2915,2912,0.37798,2.50000,2
8224,2721,2916,0.37798,2.50000,1
8225,2722,2917,0.37798,2.50000,2
8226,2916,2913,0.37798,2.50000,1
8227,2917,2914,0.37798,2.50000,2
8228,2727,2918,0.37798,2.50000,4
8229,2918,2919,0.37798,2.50000,4
8230,2911,2920,0.37798,2.50000,4
8231,2920,2919,0.37798,2.50000,4
8232,2885,2921,0.37798,2.50000,4
8233,2921,2919,0.37798,2.50000,4
8234,2728,2909,0.37798,3.53553,2
8235,2728,2918,0.37798,3.53553,2
8236,2909,2920,0.37798,3.53553,2
8237,2918,2920,0.37798,3.53553,2
8238,2729,2884,0.37798,3.53553,2
8239,2729,2918,0.37798,3.53553,2
8240,2884,2921,0.37798,3.53553,2
8241,2918,2921,0.37798,3.53553,2
8242,2728,2922,0.37798,2.50000,2
8243,2922,2920,0.37798,2.50000,2
8244,2729,2923,0.37798,2.50000,2
8245,2923,2921,0.37798,2.50000,2
8246,2733,2924,0.37798,2.50000,4
8247,2924,2925,0.37798,2.50000,4
8248,2919,2926,0.37798,2.50000,4
8249,2926,2925,0.37798,2.50000,4
8250,2891,2927,0.37798,2.50000,4
8251,2927,2925,0.37798,2.50000,4
8252,2734,2918,0.37798,3.53553,2
8253,2734,2924,0.37798,3.53553,2
8254,2918,2926,0.37798,3.53553,2
8255,2924,2926,0.37798,3.53553,2
8256,2735,2890,0.37798,3.53553,2
8257,2735,2924,0.37798,3.53553,2
8258,2890,2927,0.37798,3.53553,2
8259,2924,2927,0.37798,3.53553,2
8260,2734,2928,0.37798,2.50000,2
8261,2928,2926,0.37798,2.50000,2
8262,2735,2929,0.37798,2.50000,2
8263,2929,2927,0.37798,2.50000,2
8264,2739,2930,0.37798,2.50000,4
8265,2930,2931,0.37798,2.50000,4
8266,2925,2932,0.37798,2.50000,4
8267,2932,2931,0.37798,2.50000,4
8268,2897,2933,0.37798,2.50000,4
8269,2933,2931,0.37798,2.50000,4
8270,2740,2924,0.37798,3.53553,2
8271,2740,2930,0.37798,3.53553,2
8272,2924,2932,0.37798,3.53553,2
8273,2930,2932,0.37798,3.53553,2
8274,2741,2896,0.37798,3.53553,2
8275,2741,2930,0.37798,3.53553,2
8276,2896,2933,0.37798,3.53553,2
8277,2930,2933,0.37798,3.53553,2
8278,2740,2934,0.37798,2.50000,2
8279,2934,2932,0.37798,2.50000,2
8280,2741,2935,0.37798,2.50000,2
8281,2935,2933,0.37798,2.50000,2
8282,2745,2936,0.37798,2.50000,2
8283,2936,2937,0.37798,2.50000,2
8284,2931,2938,0.37798,2.50000,4
8285,2938,2937,0.37798,2.50000,4
8286,2903,2939,0.37798,2.50000,2
8287,2939,2937,0.37798,2.50000,2
8288,2746,2930,0.37798,3.53553,2
8289,2746,2936,0.37798,3.53553,2
8290,2930,2938,0.37798,3.53553,2
8291,2936,2938,0.37798,3.53553,2
8292,2747,2902,0.37798,3.53553,1
8293,2747,2936,0.37798,3.53553,1
8294,2902,2939,0.37798,3.53553,1
8295,2936,2939,0.37798,3.53553,1
8296,2746,2940,0.37798,2.50000,2
8297,2940,2938,0.37798,2.50000,2
8298,2747,2941,0.37798,2.50000,1
8299,2941,2939,0.37798,2.50000,1
8300,2752,2942,0.37798,2.50000,1
8301,2753,2943,0.37798,2.50000,2
8302,2942,2944,0.37798,2.50000,1
8303,2943,2945,0.37798,2.50000,2
8304,2944,2946,0.37798,2.50000,2
8305,2946,2945,0.37798,2.50000,2
8306,2910,2947,0.37798,2.50000,2
8307,2947,2944,0.37798,2.50000,2
8308,2911,2948,0.37798,2.50000,4
8309,2948,2945,0.37798,2.50000,4
8310,2754,2942,0.37798,3.53553,1
8311,2754,2943,0.37798,3.53553,1
8312,2942,2946,0.37798,3.53553,1
8313,2943,2946,0.37798,3.53553,1
8314,2755,2908,0.37798,3.53553,1
8315,2755,2942,0.37798,3.53553,1
8316,2756,2909,0.37798,3.53553,2
8317,2756,2943,0.37798,3.53553,2
8318,2908,2947,0.37798,3.53553,1
8319,2942,2947,0.37798,3.53553,1
8320,2909,2948,0.37798,3.53553,2
8321,2943,2948,0.37798,3.53553,2
8322,2754,2949,0.37798,2.50000,1
8323,2949,2946,0.37798,2.50000,1
8324,2755,2950,0.37798,2.50000,1
8325,2756,2951,0.37798,2.50000,2
8326,2950,2947,0.37798,2.50000,1
8327,2951,2948,0.37798,2.50000,2
8328,2761,2952,0.37798,2.50000,2
8329,2952,2953,0.37798,2.50000,2
8330,2945,2954,0.37798,2.50000,2
8331,2954,2953,0.37798,2.50000,2
8332,2919,2955,0.37798,2.50000,4
8333,2955,2953,0.37798,2.50000,4
8334,2762,2943,0.37798,3.53553,1
8335,2762,2952,0.37798,3.53553,1
8336,2943,2954,0.37798,3.53553,1
8337,2952,2954,0.37798,3.53553,1
8338,2763,2918,0.37798,3.53553,2
8339,2763,2952,0.37798,3.53553,2
8340,2918,2955,0.37798,3.53553,2
8341,2952,2955,0.37798,3.53553,2
8342,2762,2956,0.37798,2.50000,1
8343,2956,2954,0.37798,2.50000,1
8344,2763,2957,0.37798,2.50000,2
8345,2957,2955,0.37798,2.50000,2
8346,2767,2958,0.37798,2.50000,2
8347,2958,2959,0.37798,2.50000,2
8348,2953,2960,0.37798,2.50000,2
8349,2960,2959,0.37798,2.50000,2
8350,2925,2961,0.37798,2.50000,4
8351,2961,2959,0.37798,2.50000,4
8352,2768,2952,0.37798,3.53553,1
8353,2768,2958,0.37798,3.53553,1
8354,2952,2960,0.37798,3.53553,1
8355,2958,2960,0.37798,3.53553,1
8356,2769,2924,0.37798,3.53553,2
8357,2769,2958,0.37798,3.53553,2
8358,2924,2961,0.37798,3.53553,2
8359,2958,2961,0.37798,3.53553,2
8360,2768,2962,0.37798,2.50000,1
8361,2962,2960,0.37798,2.50000,1
8362,2769,2963,0.37798,2.50000,2
8363,2963,2961,0.37798,2.50000,2
8364,2773,2964,0.37798,2.50000,2
8365,2964,2965,0.37798,2.50000,2
8366,2959,2966,0.37798,2.50000,2
8367,2966,2965,0.37798,2.50000,2
8368,2931,2967,0.37798,2.50000,4
8369,2967,2965,0.37798,2.50000,4
8370,2774,2958,0.37798,3.53553,1
8371,2774,2964,0.37798,3.53553,1
8372,2958,2966,0.37798,3.53553,1
8373,2964,2966,0.37798,3.53553,1
8374,2775,2930,0.37798,3.53553,2
8375,2775,2964,0.37798,3.53553,2
8376,2930,2967,0.37798,3.53553,2
8377,2964,2967,0.37798,3.53553,2
8378,2774,2968,0.37798,2.50000,1
8379,2968,2966,0.37798,2.50000,1
8380,2775,2969,0.37798,2.50000,2
8381,2969,2967,0.37798,2.50000,2
8382,2779,2970,0.37798,2.50000,1
8383,2970,2971,0.37798,2.50000,1
8384,2965,2972,0.37798,2.50000,2
8385,2972,2971,0.37798,2.50000,2
8386,2937,2973,0.37798,2.50000,2
8387,2973,2971,0.37798,2.50000,2
8388,2780,2964,0.37798,3.53553,1
8389,2780,2970,0.37798,3.53553,1
8390,2964,2972,0.37798,3.53553,1
8391,2970,2972,0.37798,3.53553,1
8392,2781,2936,0.37798,3.53553,1
8393,2781,2970,0.37798,3.53553,1
8394,2936,2973,0.37798,3.53553,1
8395,2970,2973,0.37798,3.53553,1
8396,2780,2974,0.37798,2.50000,1
8397,2974,2972,0.37798,2.50000,1
8398,2781,2975,0.37798,2.50000,1
8399,2975,2973,0.37798,2.50000,1
8400,2788,2976,0.37798,2.50000,1
8401,2789,2977,0.37798,2.50000,2
8402,2790,2978,0.37798,2.50000,2
8403,2791,2979,0.37798,2.50000,4
8404,2976,2980,0.37798,2.50000,1
8405,2977,2981,0.37798,2.50000,2
8406,2978,2982,0.37798,2.50000,2
8407,2979,2983,0.37798,2.50000,4
8408,2980,2984,0.37798,2.50000,1
8409,2981,2985,0.37798,2.50000,2
8410,2984,2982,0.37798,2.50000,1
8411,2985,2983,0.37798,2.50000,2
8412,2980,2986,0.37798,2.50000,1
8413,2986,2981,0.37798,2.50000,1
8414,2982,2987,0.37798,2.50000,2
8415,2987,2983,0.37798,2.50000,2
8416,2792,2976,0.37798,3.53553,1
8417,2793,2977,0.37798,3.53553,2
8418,2792,2978,0.37798,3.53553,1
8419,2793,2979,0.37798,3.53553,2
8420,2976,2984,0.37798,3.53553,1
8421,2977,2985,0.37798,3.53553,2
8422,2978,2984,0.37798,3.53553,1
8423,2979,2985,0.37798,3.53553,2
8424,2794,2976,0.37798,3.53553,1
8425,2794,2977,0.37798,3.53553,1
8426,2795,2978,0.37798,3.53553,2
8427,2795,2979,0.37798,3.53553,2
8428,2976,2986,0.37798,3.53553,1
8429,2977,2986,0.37798,3.53553,1
8430,2978,2987,0.37798,3.53553,2
8431,2979,2987,0.37798,3.53553,2
8432,2792,2988,0.37798,2.50000,1
8433,2793,2989,0.37798,2.50000,2
8434,2988,2984,0.37798,2.50000,1
8435,2989,2985,0.37798,2.50000,2
8436,2794,2990,0.37798,2.50000,1
8437,2795,2991,0.37798,2.50000,2
8438,2990,2986,0.37798,2.50000,1
8439,2991,2987,0.37798,2.50000,2
8440,2802,2992,0.37798,2.50000,2
8441,2803,2993,0.37798,2.50000,4
8442,2992,2994,0.37798,2.50000,2
8443,2993,2995,0.37798,2.50000,4
8444,2982,2996,0.37798,2.50000,1
8445,2983,2997,0.37798,2.50000,2
8446,2996,2994,0.37798,2.50000,1
8447,2997,2995,0.37798,2.50000,2
8448,2994,2998,0.37798,2.50000,2
8449,2998,2995,0.37798,2.50000,2
8450,2804,2978,0.37798,3.53553,1
8451,2805,2979,0.37798,3.53553,2
8452,2804,2992,0.37798,3.53553,1
8453,2805,2993,0.37798,3.53553,2
8454,2978,2996,0.37798,3.53553,1
8455,2979,2997,0.37798,3.53553,2
8456,2992,2996,0.37798,3.53553,1
8457,2993,2997,0.37798,3.53553,2
8458,2806,2992,0.37798,3.53553,2
8459,2806,2993,0.37798,3.53553,2
8460,2992,2998,0.37798,3.53553,2
8461,2993,2998,0.37798,3.53553,2
8462,2804,2999,0.37798,2.50000,1
8463,2805,3000,0.37798,2.50000,2
8464,2999,2996,0.37798,2.50000,1
8465,3000,2997,0.37798,2.50000,2
8466,2806,3001,0.37798,2.50000,2
8467,3001,2998,0.37798,2.50000,2
8468,2812,3002,0.37798,2.50000,2
8469,2813,3003,0.37798,2.50000,4
8470,3002,3004,0.37798,2.50000,2
8471,3003,3005,0.37798,2.50000,4
8472,2994,3006,0.37798,2.50000,1
8473,2995,3007,0.37798,2.50000,2
8474,3006,3004,0.37798,2.50000,1
8475,3007,3005,0.37798,2.50000,2
8476,3004,3008,0.37798,2.50000,2
8477,3008,3005,0.37798,2.50000,2
8478,2814,2992,0.37798,3.53553,1
8479,2815,2993,0.37798,3.53553,2
8480,2814,3002,0.37798,3.53553,1
8481,2815,3003,0.37798,3.53553,2
8482,2992,3006,0.37798,3.53553,1
8483,2993,3007,0.37798,3.53553,2
8484,3002,3006,0.37798,3.53553,1
8485,3003,3007,0.37798,3.53553,2
8486,2816,3002,0.37798,3.53553,2
8487,2816,3003,0.37798,3.53553,2
8488,3002,3008,0.37798,3.53553,2
8489,3003,3008,0.37798,3.53553,2
8490,2814,3009,0.37798,2.50000,1
8491,2815,3010,0.37798,2.50000,2
8492,3009,3006,0.37798,2.50000,1
8493,3010,3007,0.37798,2.50000,2
8494,2816,3011,0.37798,2.50000,2
8495,3011,3008,0.37798,2.50000,2
8496,2822,3012,0.37798,2.50000,2
8497,2823,3013,0.37798,2.50000,4
8498,3012,3014,0.37798,2.50000,2
8499,3013,3015,0.37798,2.50000,4
8500,3004,3016,0.37798,2.50000,1
8501,3005,3017,0.37798,2.50000,2
8502,3016,3014,0.37798,2.50000,1
8503,3017,3015,0.37798,2.50000,2
8504,3014,3018,0.37798,2.50000,2
8505,3018,3015,0.37798,2.50000,2
8506,2824,3002,0.37798,3.53553,1
8507,2825,3003,0.37798,3.53553,2
8508,2824,3012,0.37798,3.53553,1
8509,2825,3013,0.37798,3.53553,2
8510,3002,3016,0.37798,3.53553,1
8511,3003,3017,0.37798,3.53553,2
8512,3012,3016,0.37798,3.53553,1
8513,3013,3017,0.37798,3.53553,2
8514,2826,3012,0.37798,3.53553,2
8515,2826,3013,0.37798,3.53553,2
8516,3012,3018,0.37798,3.53553,2
8517,3013,3018,0.37798,3.53553,2
8518,2824,3019,0.37798,2.50000,1
8519,2825,3020,0.37798,2.50000,2
8520,3019,3016,0.37798,2.50000,1
8521,3020,3017,0.37798,2.50000,2
8522,2826,3021,0.37798,2.50000,2
8523,3021,3018,0.37798,2.50000,2
8524,2832,3022,0.37798,2.50000,1
8525,2833,3023,0.37798,2.50000,2
8526,3022,3024,0.37798,2.50000,1
8527,3023,3025,0.37798,2.50000,2
8528,3014,3026,0.37798,2.50000,1
8529,3015,3027,0.37798,2.50000,2
8530,3026,3024,0.37798,2.50000,1
8531,3027,3025,0.37798,2.50000,2
8532,3024,3028,0.37798,2.50000,1
8533,3028,3025,0.37798,2.50000,1
8534,2834,3012,0.37798,3.53553,1
8535,2835,3013,0.37798,3.53553,2
8536,2834,3022,0.37798,3.53553,1
8537,2835,3023,0.37798,3.53553,2
8538,3012,3026,0.37798,3.53553,1
8539,3013,3027,0.37798,3.53553,2
8540,3022,3026,0.37798,3.53553,1
8541,3023,3027,0.37798,3.53553,2
8542,2836,3022,0.37798,3.53553,1
8543,2836,3023,0.37798,3.53553,1
8544,3022,3028,0.37798,3.53553,1
8545,3023,3028,0.37798,3.53553,1
8546,2834,3029,0.37798,2.50000,1
8547,2835,3030,0.37798,2.50000,2
8548,3029,3026,0.37798,2.50000,1
8549,3030,3027,0.37798,2.50000,2
8550,2836,3031,0.37798,2.50000,1
8551,3031,3028,0.37798,2.50000,1
8552,2842,3032,0.37798,2.50000,2
8553,2843,3033,0.37798,2.50000,4
8554,3032,3034,0.37798,2.50000,2
8555,3033,3035,0.37798,2.50000,4
8556,3034,3036,0.37798,2.50000,2
8557,3036,3035,0.37798,2.50000,2
8558,2981,3037,0.37798,2.50000,1
8559,3037,3034,0.37798,2.50000,1
8560,2983,3038,0.37798,2.50000,2
8561,3038,3035,0.37798,2.50000,2
8562,2844,3032,0.37798,3.53553,2
8563,2844,3033,0.37798,3.53553,2
8564,3032,3036,0.37798,3.53553,2
8565,3033,3036,0.37798,3.53553,2
8566,2845,2977,0.37798,3.53553,1
8567,2845,3032,0.37798,3.53553,1
8568,2846,2979,0.37798,3.53553,2
8569,2846,3033,0.37798,3.53553,2
8570,2977,3037,0.37798,3.53553,1
8571,3032,3037,0.37798,3.53553,1
8572,2979,3038,0.37798,3.53553,2
8573,3033,3038,0.37798,3.53553,2
8574,2844,3039,0.37798,2.50000,2
8575,3039,3036,0.37798,2.50000,2
8576,2845,3040,0.37798,2.50000,1
8577,2846,3041,0.37798,2.50000,2
8578,3040,3037,0.37798,2.50000,1
8579,3041,3038,0.37798,2.50000,2
8580,2851,3042,0.37798,2.50000,4
8581,3042,3043,0.37798,2.50000,4
8582,3035,3044,0.37798,2.50000,2
8583,3044,3043,0.37798,2.50000,2
8584,2995,3045,0.37798,2.50000,2
8585,3045,3043,0.37798,2.50000,2
8586,2852,3033,0.37798,3.53553,2
8587,2852,3042,0.37798,3.53553,2
8588,3033,3044,0.37798,3.53553,2
8589,3042,3044,0.37798,3.53553,2
8590,2853,2993,0.37798,3.53553,2
8591,2853,3042,0.37798,3.53553,2
8592,2993,3045,0.37798,3.53553,2
8593,3042,3045,0.37798,3.53553,2
8594,2852,3046,0.37798,2.50000,2
8595,3046,3044,0.37798,2.50000,2
8596,2853,3047,0.37798,2.50000,2
8597,3047,3045,0.37798,2.50000,2
8598,2857,3048,0.37798,2.50000,4
8599,3048,3049,0.37798,2.50000,4
8600,3043,3050,0.37798,2.50000,2
8601,3050,3049,0.37798,2.50000,2
8602,3005,3051,0.37798,2.50000,2
8603,3051,3049,0.37798,2.50000,2
8604,2858,3042,0.37798,3.53553,2
8605,2858,3048,0.37798,3.53553,2
8606,3042,3050,0.37798,3.53553,2
8607,3048,3050,0.37798,3.53553,2
8608,2859,3003,0.37798,3.53553,2
8609,2859,3048,0.37798,3.53553,2
8610,3003,3051,0.37798,3.53553,2
8611,3048,3051,0.37798,3.53553,2
8612,2858,3052,0.37798,2.50000,2
8613,3052,3050,0.37798,2.50000,2
8614,2859,3053,0.37798,2.50000,2
8615,3053,3051,0.37798,2.50000,2
8616,2863,3054,0.37798,2.50000,4
8617,3054,3055,0.37798,2.50000,4
8618,3049,3056,0.37798,2.50000,2
8619,3056,3055,0.37798,2.50000,2
8620,3015,3057,0.37798,2.50000,2
8621,3057,3055,0.37798,2.50000,2
8622,2864,3048,0.37798,3.53553,2
8623,2864,3054,0.37798,3.53553,2
8624,3048,3056,0.37798,3.53553,2
8625,3054,3056,0.37798,3.53553,2
8626,2865,3013,0.37798,3.53553,2
8627,2865,3054,0.37798,3.53553,2
8628,3013,3057,0.37798,3.53553,2
8629,3054,3057,0.37798,3.53553,2
8630,2864,3058,0.37798,2.50000,2
8631,3058,3056,0.37798,2.50000,2
8632,2865,3059,0.37798,2.50000,2
8633,3059,3057,0.37798,2.50000,2
8634,2869,3060,0.37798,2.50000,2
8635,3060,3061,0.37798,2.50000,2
8636,3055,3062,0.37798,2.50000,2
8637,3062,3061,0.37798,2.50000,2
8638,3025,3063,0.37798,2.50000,1
8639,3063,3061,0.37798,2.50000,1
8640,2870,3054,0.37798,3.53553,2
8641,2870,3060,0.37798,3.53553,2
8642,3054,3062,0.37798,3.53553,2
8643,3060,3062,0.37798,3.53553,2
8644,2871,3023,0.37798,3.53553,1
8645,2871,3060,0.37798,3.53553,1
8646,3023,3063,0.37798,3.53553,1
8647,3060,3063,0.37798,3.53553,1
8648,2870,3064,0.37798,2.50000,2
8649,3064,3062,0.37798,2.50000,2
8650,2871,3065,0.37798,2.50000,1
8651,3065,3063,0.37798,2.50000,1
8652,2876,3066,0.37798,2.50000,2
8653,2877,3067,0.37798,2.50000,4
8654,3066,3068,0.37798,2.50000,2
8655,3067,3069,0.37798,2.50000,4
8656,3068,3070,0.37798,2.50000,2
8657,3070,3069,0.37798,2.50000,2
8658,3034,3071,0.37798,2.50000,1
8659,3071,3068,0.37798,2.50000,1
8660,3035,3072,0.37798,2.50000,2
8661,3072,3069,0.37798,2.50000,2
8662,2878,3066,0.37798,3.53553,2
8663,2878,3067,0.37798,3.53553,2
8664,3066,3070,0.37798,3.53553,2
8665,3067,3070,0.37798,3.53553,2
8666,2879,3032,0.37798,3.53553,1
8667,2879,3066,0.37798,3.53553,1
8668,2880,3033,0.37798,3.53553,2
8669,2880,3067,0.37798,3.53553,2
8670,3032,3071,0.37798,3.53553,1
8671,3066,3071,0.37798,3.53553,1
8672,3033,3072,0.37798,3.53553,2
8673,3067,3072,0.37798,3.53553,2
8674,2878,3073,0.37798,2.50000,2
8675,3073,3070,0.37798,2.50000,2
8676,2879,3074,0.37798,2.50000,1
8677,2880,3075,0.37798,2.50000,2
8678,3074,3071,0.37798,2.50000,1
8679,3075,3072,0.37798,2.50000,2
8680,2885,3076,0.37798,2.50000,4
8681,3076,3077,0.37798,2.50000,4
8682,3069,3078,0.37798,2.50000,2
8683,3078,3077,0.37798,2.50000,2
8684,3043,3079,0.37798,2.50000,2
8685,3079,3077,0.37798,2.50000,2
8686,2886,3067,0.37798,3.53553,2
8687,2886,3076,0.37798,3.53553,2
8688,3067,3078,0.37798,3.53553,2
8689,3076,3078,0.37798,3.53553,2
8690,2887,3042,0.37798,3.53553,2
8691,2887,3076,0.37798,3.53553,2
8692,3042,3079,0.37798,3.53553,2
8693,3076,3079,0.37798,3.53553,2
8694,2886,3080,0.37798,2.50000,2
8695,3080,3078,0.37798,2.50000,2
8696,2887,3081,0.37798,2.50000,2
8697,3081,3079,0.37798,2.50000,2
8698,2891,3082,0.37798,2.50000,4
8699,3082,3083,0.37798,2.50000,4
8700,3077,3084,0.37798,2.50000,2
8701,3084,3083,0.37798,2.50000,2
8702,3049,3085,0.37798,2.50000,2
8703,3085,3083,0.37798,2.50000,2
8704,2892,3076,0.37798,3.53553,2
8705,2892,3082,0.37798,3.53553,2
8706,3076,3084,0.37798,3.53553,2
8707,3082,3084,0.37798,3.53553,2
8708,2893,3048,0.37798,3.53553,2
8709,2893,3082,0.37798,3.53553,2
8710,3048,3085,0.37798,3.53553,2
8711,3082,3085,0.37798,3.53553,2
8712,2892,3086,0.37798,2.50000,2
8713,3086,3084,0.37798,2.50000,2
8714,2893,3087,0.37798,2.50000,2
8715,3087,3085,0.37798,2.50000,2
8716,2897,3088,0.37798,2.50000,4
8717,3088,3089,0.37798,2.50000,4
8718,3083,3090,0.37798,2.50000,2
8719,3090,3089,0.37798,2.50000,2
8720,3055,3091,0.37798,2.50000,2
8721,3091,3089,0.37798,2.50000,2
8722,2898,3082,0.37798,3.53553,2
8723,2898,3088,0.37798,3.53553,2
8724,3082,3090,0.37798,3.53553,2
8725,3088,3090,0.37798,3.53553,2
8726,2899,3054,0.37798,3.53553,2
8727,2899,3088,0.37798,3.53553,2
8728,3054,3091,0.37798,3.53553,2
8729,3088,3091,0.37798,3.53553,2
8730,2898,3092,0.37798,2.50000,2
8731,3092,3090,0.37798,2.50000,2
8732,2899,3093,0.37798,2.50000,2
8733,3093,3091,0.37798,2.50000,2
8734,2903,3094,0.37798,2.50000,2
8735,3094,3095,0.37798,2.50000,2
8736,3089,3096,0.37798,2.50000,2
8737,3096,3095,0.37798,2.50000,2
8738,3061,3097,0.37798,2.50000,1
8739,3097,3095,0.37798,2.50000,1
8740,2904,3088,0.37798,3.53553,2
8741,2904,3094,0.37798,3.53553,2
8742,3088,3096,0.37798,3.53553,2
8743,3094,3096,0.37798,3.53553,2
8744,2905,3060,0.37798,3.53553,1
8745,2905,3094,0.37798,3.53553,1
8746,3060,3097,0.37798,3.53553,1
8747,3094,3097,0.37798,3.53553,1
8748,2904,3098,0.37798,2.50000,2
8749,3098,3096,0.37798,2.50000,2
8750,2905,3099,0.37798,2.50000,1
8751,3099,3097,0.37798,2.50000,1
8752,2910,3100,0.37798,2.50000,2
8753,2911,3101,0.37798,2.50000,4
8754,3100,3102,0.37798,2.50000,2
8755,3101,3103,0.37798,2.50000,4
8756,3102,3104,0.37798,2.50000,2
8757,3104,3103,0.37798,2.50000,2
8758,3068,3105,0.37798,2.50000,1
8759,3105,3102,0.37798,2.50000,1
8760,3069,3106,0.37798,2.50000,2
8761,3106,3103,0.37798,2.50000,2
8762,2912,3100,0.37798,3.53553,2
8763,2912,3101,0.37798,3.53553,2
8764,3100,3104,0.37798,3.53553,2
8765,3101,3104,0.37798,3.53553,2
8766,2913,3066,0.37798,3.53553,1
8767,2913,3100,0.37798,3.53553,1
8768,2914,3067,0.37798,3.53553,2
8769,2914,3101,0.37798,3.53553,2
8770,3066,3105,0.37798,3.53553,1
8771,3100,3105,0.37798,3.53553,1
8772,3067,3106,0.37798,3.53553,2
8773,3101,3106,0.37798,3.53553,2
8774,2912,3107,0.37798,2.50000,2
8775,3107,3104,0.37798,2.50000,2
8776,2913,3108,0.37798,2.50000,1
8777,2914,3109,0.37798,2.50000,2
8778,3108,3105,0.37798,2.50000,1
8779,3109,3106,0.37798,2.50000,2
8780,2919,3110,0.37798,2.50000,4
8781,3110,3111,0.37798,2.50000,4
8782,3103,3112,0.37798,2.50000,2
8783,3112,3111,0.37798,2.50000,2
8784,3077,3113,0.37798,2.50000,2
8785,3113,3111,0.37798,2.50000,2
8786,2920,3101,0.37798,3.53553,2
8787,2920,3110,0.37798,3.53553,2
8788,3101,3112,0.37798,3.53553,2
8789,3110,3112,0.37798,3.53553,2
8790,2921,3076,0.37798,3.53553,2
8791,2921,3110,0.37798,3.53553,2
8792,3076,3113,0.37798,3.53553,2
8793,3110,3113,0.37798,3.53553,2
8794,2920,3114,0.37798,2.50000,2
8795,3114,3112,0.37798,2.50000,2
8796,2921,3115,0.37798,2.50000,2
8797,3115,3113,0.37798,2.50000,2
8798,2925,3116,0.37798,2.50000,4
8799,3116,3117,0.37798,2.50000,4
8800,3111,3118,0.37798,2.50000,2
8801,3118,3117,0.37798,2.50000,2
8802,3083,3119,0.37798,2.50000,2
8803,3119,3117,0.37798,2.50000,2
8804,2926,3110,0.37798,3.53553,2
8805,2926,3116,0.37798,3.53553,2
8806,3110,3118,0.37798,3.53553,2
8807,3116,3118,0.37798,3.53553,2
8808,2927,3082,0.37798,3.53553,2
8809,2927,3116,0.37798,3.53553,2
8810,3082,3119,0.37798,3.53553,2
8811,3116,3119,0.37798,3.53553,2
8812,2926,3120,0.37798,2.50000,2
8813,3120,3118,0.37798,2.50000,2
8814,2927,3121,0.37798,2.50000,2
8815,3121,3119,0.37798,2.50000,2
8816,2931,3122,0.37798,2.50000,4
8817,3122,3123,0.37798,2.50000,4
8818,3117,3124,0.37798,2.50000,2
8819,3124,3123,0.37798,2.50000,2
8820,3089,3125,0.37798,2.50000,2
8821,3125,3123,0.37798,2.50000,2
8822,2932,3116,0.37798,3.53553,2
8823,2932,3122,0.37798,3.53553,2
8824,3116,3124,0.37798,3.53553,2
8825,3122,3124,0.37798,3.53553,2
8826,2933,3088,0.37798,3.53553,2
8827,2933,3122,0.37798,3.53553,2
8828,3088,3125,0.37798,3.53553,2
8829,3122,3125,0.37798,3.53553,2
8830,2932,3126,0.37798,2.50000,2
8831,3126,3124,0.37798,2.50000,2
8832,2933,3127,0.37798,2.50000,2
8833,3127,3125,0.37798,2.50000,2
8834,2937,3128,0.37798,2.50000,2
8835,3128,3129,0.37798,2.50000,2
8836,3123,3130,0.37798,2.50000,2
8837,3130,3129,0.37798,2.50000,2
8838,3095,3131,0.37798,2.50000,1
8839,3131,3129,0.37798,2.50000,1
8840,2938,3122,0.37798,3.53553,2
8841,2938,3128,0.37798,3.53553,2
8842,3122,3130,0.37798,3.53553,2
8843,3128,3130,0.37798,3.53553,2
8844,2939,3094,0.37798,3.53553,1
8845,2939,3128,0.37798,3.53553,1
8846,3094,3131,0.37798,3.53553,1
8847,3128,3131,0.37798,3.53553,1
8848,2938,3132,0.37798,2.50000,2
8849,3132,3130,0.37798,2.50000,2
8850,2939,3133,0.37798,2.50000,1
8851,3133,3131,0.37798,2.50000,1
8852,2944,3134,0.37798,2.50000,1
8853,2945,3135,0.37798,2.50000,2
8854,3134,3136,0.37798,2.50000,1
8855,3135,3137,0.37798,2.50000,2
8856,3136,3138,0.37798,2.50000,1
8857,3138,3137,0.37798,2.50000,1
8858,3102,3139,0.37798,2.50000,1
8859,3139,3136,0.37798,2.50000,1
8860,3103,3140,0.37798,2.50000,2
8861,3140,3137,0.37798,2.50000,2
8862,2946,3134,0.37798,3.53553,1
8863,2946,3135,0.37798,3.53553,1
8864,3134,3138,0.37798,3.53553,1
8865,3135,3138,0.37798,3.53553,1
8866,2947,3100,0.37798,3.53553,1
8867,2947,3134,0.37798,3.53553,1
8868,2948,3101,0.37798,3.53553,2
8869,2948,3135,0.37798,3.53553,2
8870,3100,3139,0.37798,3.53553,1
8871,3134,3139,0.37798,3.53553,1
8872,3101,3140,0.37798,3.53553,2
8873,3135,3140,0.37798,3.53553,2
8874,2946,3141,0.37798,2.50000,1
8875,3141,3138,0.37798,2.50000,1
8876,2947,3142,0.37798,2.50000,1
8877,2948,3143,0.37798,2.50000,2
8878,3142,3139,0.37798,2.50000,1
8879,3143,3140,0.37798,2.50000,2
8880,2953,3144,0.37798,2.50000,2
8881,3144,3145,0.37798,2.50000,2
8882,3137,3146,0.37798,2.50000,1
8883,3146,3145,0.37798,2.50000,1
8884,3111,3147,0.37798,2.50000,2
8885,3147,3145,0.37798,2.50000,2
8886,2954,3135,0.37798,3.53553,1
8887,2954,3144,0.37798,3.53553,1
8888,3135,3146,0.37798,3.53553,1
8889,3144,3146,0.37798,3.53553,1
8890,2955,3110,0.37798,3.53553,2
8891,2955,3144,0.37798,3.53553,2
8892,3110,3147,0.37798,3.53553,2
8893,3144,3147,0.37798,3.53553,2
8894,2954,3148,0.37798,2.50000,1
8895,3148,3146,0.37798,2.50000,1
8896,2955,3149,0.37798,2.50000,2
8897,3149,3147,0.37798,2.50000,2
8898,2959,3150,0.37798,2.50000,2
8899,3150,3151,0.37798,2.50000,2
8900,3145,3152,0.37798,2.50000,1
8901,3152,3151,0.37798,2.50000,1
8902,3117,3153,0.37798,2.50000,2
8903,3153,3151,0.37798,2.50000,2
8904,2960,3144,0.37798,3.53553,1
8905,2960,3150,0.37798,3.53553,1
8906,3144,3152,0.37798,3.53553,1
8907,3150,3152,0.37798,3.53553,1
8908,2961,3116,0.37798,3.53553,2
8909,2961,3150,0.37798,3.53553,2
8910,3116,3153,0.37798,3.53553,2
8911,3150,3153,0.37798,3.53553,2
8912,2960,3154,0.37798,2.50000,1
8913,3154,3152,0.37798,2.50000,1
8914,2961,3155,0.37798,2.50000,2
8915,3155,3153,0.37798,2.50000,2
8916,2965,3156,0.37798,2.50000,2
8917,3156,3157,0.37798,2.50000,2
8918,3151,3158,0.37798,2.50000,1
8919,3158,3157,0.37798,2.50000,1
8920,3123,3159,0.37798,2.50000,2
8921,3159,3157,0.37798,2.50000,2
8922,2966,3150,0.37798,3.53553,1
8923,2966,3156,0.37798,3.53553,1
8924,3150,3158,0.37798,3.53553,1
8925,3156,3158,0.37798,3.53553,1
8926,2967,3122,0.37798,3.53553,2
8927,2967,3156,0.37798,3.53553,2
8928,3122,3159,0.37798,3.53553,2
8929,3156,3159,0.37798,3.53553,2
8930,2966,3160,0.37798,2.50000,1
8931,3160,3158,0.37798,2.50000,1
8932,2967,3161,0.37798,2.50000,2
8933,3161,3159,0.37798,2.50000,2
8934,2971,3162,0.37798,2.50000,1
8935,3162,3163,0.37798,2.50000,1
8936,3157,3164,0.37798,2.50000,1
8937,3164,3163,0.37798,2.50000,1
8938,3129,3165,0.37798,2.50000,1
8939,3165,3163,0.37798,2.50000,1
8940,2972,3156,0.37798,3.53553,1
8941,2972,3162,0.37798,3.53553,1
8942,3156,3164,0.37798,3.53553,1
8943,3162,3164,0.37798,3.53553,1
8944,2973,3128,0.37798,3.53553,1
8945,2973,3162,0.37798,3.53553,1
8946,3128,3165,0.37798,3.53553,1
8947,3162,3165,0.37798,3.53553,1
8948,2972,3166,0.37798,2.50000,1
8949,3166,3164,0.37798,2.50000,1
8950,2973,3167,0.37798,2.50000,1
8951,3167,3165,0.37798,2.50000,1
