cell,perm,strut,x1,y1,z1,x2,y2,z2,share
2,1,0,0.0,0.0,0.0,0.5,0.0,0.0,0.25
2,1,1,0.0,1.0,0.0,0.5,1.0,0.0,0.25
2,1,2,0.0,0.0,1.0,0.5,0.0,1.0,0.25
2,1,3,0.0,1.0,1.0,0.5,1.0,1.0,0.25
2,1,4,1.0,0.0,0.0,0.5,0.0,0.0,0.25
2,1,5,1.0,1.0,0.0,0.5,1.0,0.0,0.25
2,1,6,1.0,0.0,1.0,0.5,0.0,1.0,0.25
2,1,7,1.0,1.0,1.0,0.5,1.0,1.0,0.25
2,1,8,0.0,0.0,0.0,0.0,0.0,0.5,0.25
2,1,9,0.0,1.0,0.0,0.0,1.0,0.5,0.25
2,1,10,0.0,0.0,1.0,0.0,0.0,0.5,0.25
2,1,11,0.0,1.0,1.0,0.0,1.0,0.5,0.25
2,1,12,1.0,0.0,0.0,1.0,0.0,0.5,0.25
2,1,13,1.0,1.0,0.0,1.0,1.0,0.5,0.25
2,1,14,1.0,0.0,1.0,1.0,0.0,0.5,0.25
2,1,15,1.0,1.0,1.0,1.0,1.0,0.5,0.25
2,1,16,0.0,0.0,0.0,0.0,0.5,0.0,0.25
2,1,17,0.0,1.0,0.0,0.0,0.5,0.0,0.25
2,1,18,0.0,0.0,1.0,0.0,0.5,1.0,0.25
2,1,19,0.0,1.0,1.0,0.0,0.5,1.0,0.25
2,1,20,1.0,0.0,0.0,1.0,0.5,0.0,0.25
2,1,21,1.0,1.0,0.0,1.0,0.5,0.0,0.25
2,1,22,1.0,0.0,1.0,1.0,0.5,1.0,0.25
2,1,23,1.0,1.0,1.0,1.0,0.5,1.0,0.25
2,1,24,0.0,0.0,0.0,0.5,0.0,0.5,0.5
2,1,25,0.0,1.0,0.0,0.5,1.0,0.5,0.5
2,1,26,0.0,0.0,1.0,0.5,0.0,0.5,0.5
2,1,27,0.0,1.0,1.0,0.5,1.0,0.5,0.5
2,1,28,1.0,0.0,0.0,0.5,0.0,0.5,0.5
2,1,29,1.0,1.0,0.0,0.5,1.0,0.5,0.5
2,1,30,1.0,0.0,1.0,0.5,0.0,0.5,0.5
2,1,31,1.0,1.0,1.0,0.5,1.0,0.5,0.5
2,1,32,0.0,0.5,0.0,0.5,0.5,0.5,1.0
2,1,33,0.0,0.5,1.0,0.5,0.5,0.5,1.0
2,1,34,1.0,0.5,0.0,0.5,0.5,0.5,1.0
2,1,35,1.0,0.5,1.0,0.5,0.5,0.5,1.0
5,1,0,0.0,0.0,0.0,0.5,0.0,0.0,0.25
5,1,1,0.0,1.0,0.0,0.5,1.0,0.0,0.25
5,1,2,0.0,0.0,1.0,0.5,0.0,1.0,0.25
5,1,3,0.0,1.0,1.0,0.5,1.0,1.0,0.25
5,1,4,1.0,0.0,0.0,0.5,0.0,0.0,0.25
5,1,5,1.0,1.0,0.0,0.5,1.0,0.0,0.25
5,1,6,1.0,0.0,1.0,0.5,0.0,1.0,0.25
5,1,7,1.0,1.0,1.0,0.5,1.0,1.0,0.25
5,1,8,0.0,0.0,0.0,0.0,0.0,0.5,0.25
5,1,9,0.0,1.0,0.0,0.0,1.0,0.5,0.25
5,1,10,0.0,0.0,1.0,0.0,0.0,0.5,0.25
5,1,11,0.0,1.0,1.0,0.0,1.0,0.5,0.25
5,1,12,1.0,0.0,0.0,1.0,0.0,0.5,0.25
5,1,13,1.0,1.0,0.0,1.0,1.0,0.5,0.25
5,1,14,1.0,0.0,1.0,1.0,0.0,0.5,0.25
5,1,15,1.0,1.0,1.0,1.0,1.0,0.5,0.25
5,1,16,0.0,0.0,0.0,0.0,0.5,0.0,0.25
5,1,17,0.0,1.0,0.0,0.0,0.5,0.0,0.25
5,1,18,0.0,0.0,1.0,0.0,0.5,1.0,0.25
5,1,19,0.0,1.0,1.0,0.0,0.5,1.0,0.25
5,1,20,1.0,0.0,0.0,1.0,0.5,0.0,0.25
5,1,21,1.0,1.0,0.0,1.0,0.5,0.0,0.25
5,1,22,1.0,0.0,1.0,1.0,0.5,1.0,0.25
5,1,23,1.0,1.0,1.0,1.0,0.5,1.0,0.25
5,1,24,0.0,0.0,0.0,0.5,0.5,0.5,1.0
5,1,25,0.0,1.0,0.0,0.5,0.5,0.5,1.0
5,1,26,0.0,0.0,1.0,0.5,0.5,0.5,1.0
5,1,27,0.0,1.0,1.0,0.5,0.5,0.5,1.0
5,1,28,1.0,0.0,0.0,0.5,0.5,0.5,1.0
5,1,29,1.0,1.0,0.0,0.5,0.5,0.5,1.0
5,1,30,1.0,0.0,1.0,0.5,0.5,0.5,1.0
5,1,31,1.0,1.0,1.0,0.5,0.5,0.5,1.0
5,1,32,0.5,0.0,0.0,0.0,0.0,0.5,0.5
5,1,33,0.5,1.0,0.0,0.0,1.0,0.5,0.5
5,1,34,0.5,0.0,1.0,0.0,0.0,0.5,0.5
5,1,35,0.5,1.0,1.0,0.0,1.0,0.5,0.5
5,1,36,0.5,0.0,0.0,1.0,0.0,0.5,0.5
5,1,37,0.5,1.0,0.0,1.0,1.0,0.5,0.5
5,1,38,0.5,0.0,1.0,1.0,0.0,0.5,0.5
5,1,39,0.5,1.0,1.0,1.0,1.0,0.5,0.5
7,2,0,0.0,0.0,0.0,0.0,0.5,0.0,0.25
7,2,1,0.0,0.0,1.0,0.0,0.5,1.0,0.25
7,2,2,1.0,0.0,0.0,1.0,0.5,0.0,0.25
7,2,3,1.0,0.0,1.0,1.0,0.5,1.0,0.25
7,2,4,0.0,1.0,0.0,0.0,0.5,0.0,0.25
7,2,5,0.0,1.0,1.0,0.0,0.5,1.0,0.25
7,2,6,1.0,1.0,0.0,1.0,0.5,0.0,0.25
7,2,7,1.0,1.0,1.0,1.0,0.5,1.0,0.25
7,2,8,0.0,0.0,0.0,0.5,0.0,0.0,0.25
7,2,9,0.0,0.0,1.0,0.5,0.0,1.0,0.25
7,2,10,1.0,0.0,0.0,0.5,0.0,0.0,0.25
7,2,11,1.0,0.0,1.0,0.5,0.0,1.0,0.25
7,2,12,0.0,1.0,0.0,0.5,1.0,0.0,0.25
7,2,13,0.0,1.0,1.0,0.5,1.0,1.0,0.25
7,2,14,1.0,1.0,0.0,0.5,1.0,0.0,0.25
7,2,15,1.0,1.0,1.0,0.5,1.0,1.0,0.25
7,2,16,0.0,0.0,0.0,0.0,0.0,0.5,0.25
7,2,17,0.0,0.0,1.0,0.0,0.0,0.5,0.25
7,2,18,1.0,0.0,0.0,1.0,0.0,0.5,0.25
7,2,19,1.0,0.0,1.0,1.0,0.0,0.5,0.25
7,2,20,0.0,1.0,0.0,0.0,1.0,0.5,0.25
7,2,21,0.0,1.0,1.0,0.0,1.0,0.5,0.25
7,2,22,1.0,1.0,0.0,1.0,1.0,0.5,0.25
7,2,23,1.0,1.0,1.0,1.0,1.0,0.5,0.25
7,2,24,0.0,0.0,0.0,0.5,0.5,0.5,1.0
7,2,25,0.0,0.0,1.0,0.5,0.5,0.5,1.0
7,2,26,1.0,0.0,0.0,0.5,0.5,0.5,1.0
7,2,27,1.0,0.0,1.0,0.5,0.5,0.5,1.0
7,2,28,0.0,1.0,0.0,0.5,0.5,0.5,1.0
7,2,29,0.0,1.0,1.0,0.5,0.5,0.5,1.0
7,2,30,1.0,1.0,0.0,0.5,0.5,0.5,1.0
7,2,31,1.0,1.0,1.0,0.5,0.5,0.5,1.0
7,2,32,0.0,0.5,0.0,0.5,0.0,0.5,1.0
7,2,33,0.0,0.5,1.0,0.5,0.0,0.5,1.0
7,2,34,1.0,0.5,0.0,0.5,0.0,0.5,1.0
7,2,35,1.0,0.5,1.0,0.5,0.0,0.5,1.0
7,2,36,0.0,0.5,0.0,0.5,1.0,0.5,1.0
7,2,37,0.0,0.5,1.0,0.5,1.0,0.5,1.0
7,2,38,1.0,0.5,0.0,0.5,1.0,0.5,1.0
7,2,39,1.0,0.5,1.0,0.5,1.0,0.5,1.0
22,1,0,0.0,0.0,0.0,0.5,0.0,0.0,0.25
22,1,1,0.0,1.0,0.0,0.5,1.0,0.0,0.25
22,1,2,0.0,0.0,1.0,0.5,0.0,1.0,0.25
22,1,3,0.0,1.0,1.0,0.5,1.0,1.0,0.25
22,1,4,1.0,0.0,0.0,0.5,0.0,0.0,0.25
22,1,5,1.0,1.0,0.0,0.5,1.0,0.0,0.25
22,1,6,1.0,0.0,1.0,0.5,0.0,1.0,0.25
22,1,7,1.0,1.0,1.0,0.5,1.0,1.0,0.25
22,1,8,0.0,0.0,0.0,0.0,0.0,0.5,0.25
22,1,9,0.0,1.0,0.0,0.0,1.0,0.5,0.25
22,1,10,0.0,0.0,1.0,0.0,0.0,0.5,0.25
22,1,11,0.0,1.0,1.0,0.0,1.0,0.5,0.25
22,1,12,1.0,0.0,0.0,1.0,0.0,0.5,0.25
22,1,13,1.0,1.0,0.0,1.0,1.0,0.5,0.25
22,1,14,1.0,0.0,1.0,1.0,0.0,0.5,0.25
22,1,15,1.0,1.0,1.0,1.0,1.0,0.5,0.25
22,1,16,0.0,0.0,0.0,0.0,0.5,0.0,0.25
22,1,17,0.0,1.0,0.0,0.0,0.5,0.0,0.25
22,1,18,0.0,0.0,1.0,0.0,0.5,1.0,0.25
22,1,19,0.0,1.0,1.0,0.0,0.5,1.0,0.25
22,1,20,1.0,0.0,0.0,1.0,0.5,0.0,0.25
22,1,21,1.0,1.0,0.0,1.0,0.5,0.0,0.25
22,1,22,1.0,0.0,1.0,1.0,0.5,1.0,0.25
22,1,23,1.0,1.0,1.0,1.0,0.5,1.0,0.25
22,1,24,0.5,0.0,0.0,0.5,0.5,0.5,1.0
22,1,25,0.5,1.0,0.0,0.5,0.5,0.5,1.0
22,1,26,0.5,0.0,1.0,0.5,0.5,0.5,1.0
22,1,27,0.5,1.0,1.0,0.5,0.5,0.5,1.0
22,1,28,0.0,0.0,0.5,0.5,0.5,0.5,1.0
22,1,29,0.0,1.0,0.5,0.5,0.5,0.5,1.0
22,1,30,1.0,0.0,0.5,0.5,0.5,0.5,1.0
22,1,31,1.0,1.0,0.5,0.5,0.5,0.5,1.0
44,1,0,0.0,0.0,0.0,0.5,0.0,0.0,0.25
44,1,1,0.0,1.0,0.0,0.5,1.0,0.0,0.25
44,1,2,0.0,0.0,1.0,0.5,0.0,1.0,0.25
44,1,3,0.0,1.0,1.0,0.5,1.0,1.0,0.25
44,1,4,1.0,0.0,0.0,0.5,0.0,0.0,0.25
44,1,5,1.0,1.0,0.0,0.5,1.0,0.0,0.25
44,1,6,1.0,0.0,1.0,0.5,0.0,1.0,0.25
44,1,7,1.0,1.0,1.0,0.5,1.0,1.0,0.25
44,1,8,0.0,0.0,0.0,0.0,0.0,0.5,0.25
44,1,9,0.0,1.0,0.0,0.0,1.0,0.5,0.25
44,1,10,0.0,0.0,1.0,0.0,0.0,0.5,0.25
44,1,11,0.0,1.0,1.0,0.0,1.0,0.5,0.25
44,1,12,1.0,0.0,0.0,1.0,0.0,0.5,0.25
44,1,13,1.0,1.0,0.0,1.0,1.0,0.5,0.25
44,1,14,1.0,0.0,1.0,1.0,0.0,0.5,0.25
44,1,15,1.0,1.0,1.0,1.0,1.0,0.5,0.25
44,1,16,0.0,0.0,0.0,0.0,0.5,0.0,0.25
44,1,17,0.0,1.0,0.0,0.0,0.5,0.0,0.25
44,1,18,0.0,0.0,1.0,0.0,0.5,1.0,0.25
44,1,19,0.0,1.0,1.0,0.0,0.5,1.0,0.25
44,1,20,1.0,0.0,0.0,1.0,0.5,0.0,0.25
44,1,21,1.0,1.0,0.0,1.0,0.5,0.0,0.25
44,1,22,1.0,0.0,1.0,1.0,0.5,1.0,0.25
44,1,23,1.0,1.0,1.0,1.0,0.5,1.0,0.25
44,1,24,0.0,0.0,0.0,0.5,0.0,0.5,0.5
44,1,25,0.0,1.0,0.0,0.5,1.0,0.5,0.5
44,1,26,0.0,0.0,1.0,0.5,0.0,0.5,0.5
44,1,27,0.0,1.0,1.0,0.5,1.0,0.5,0.5
44,1,28,1.0,0.0,0.0,0.5,0.0,0.5,0.5
44,1,29,1.0,1.0,0.0,0.5,1.0,0.5,0.5
44,1,30,1.0,0.0,1.0,0.5,0.0,0.5,0.5
44,1,31,1.0,1.0,1.0,0.5,1.0,0.5,0.5
44,1,32,0.5,0.0,0.0,0.0,0.0,0.5,0.5
44,1,33,0.5,1.0,0.0,0.0,1.0,0.5,0.5
44,1,34,0.5,0.0,1.0,0.0,0.0,0.5,0.5
44,1,35,0.5,1.0,1.0,0.0,1.0,0.5,0.5
44,1,36,0.5,0.0,0.0,1.0,0.0,0.5,0.5
44,1,37,0.5,1.0,0.0,1.0,1.0,0.5,0.5
44,1,38,0.5,0.0,1.0,1.0,0.0,0.5,0.5
44,1,39,0.5,1.0,1.0,1.0,1.0,0.5,0.5
44,4,0,0.0,0.0,0.0,0.0,0.0,0.5,0.25
44,4,1,0.0,1.0,0.0,0.0,1.0,0.5,0.25
44,4,2,1.0,0.0,0.0,1.0,0.0,0.5,0.25
44,4,3,1.0,1.0,0.0,1.0,1.0,0.5,0.25
44,4,4,0.0,0.0,1.0,0.0,0.0,0.5,0.25
44,4,5,0.0,1.0,1.0,0.0,1.0,0.5,0.25
44,4,6,1.0,0.0,1.0,1.0,0.0,0.5,0.25
44,4,7,1.0,1.0,1.0,1.0,1.0,0.5,0.25
44,4,8,0.0,0.0,0.0,0.5,0.0,0.0,0.25
44,4,9,0.0,1.0,0.0,0.5,1.0,0.0,0.25
44,4,10,1.0,0.0,0.0,0.5,0.0,0.0,0.25
44,4,11,1.0,1.0,0.0,0.5,1.0,0.0,0.25
44,4,12,0.0,0.0,1.0,0.5,0.0,1.0,0.25
44,4,13,0.0,1.0,1.0,0.5,1.0,1.0,0.25
44,4,14,1.0,0.0,1.0,0.5,0.0,1.0,0.25
44,4,15,1.0,1.0,1.0,0.5,1.0,1.0,0.25
44,4,16,0.0,0.0,0.0,0.0,0.5,0.0,0.25
44,4,17,0.0,1.0,0.0,0.0,0.5,0.0,0.25
44,4,18,1.0,0.0,0.0,1.0,0.5,0.0,0.25
44,4,19,1.0,1.0,0.0,1.0,0.5,0.0,0.25
44,4,20,0.0,0.0,1.0,0.0,0.5,1.0,0.25
44,4,21,0.0,1.0,1.0,0.0,0.5,1.0,0.25
44,4,22,1.0,0.0,1.0,1.0,0.5,1.0,0.25
44,4,23,1.0,1.0,1.0,1.0,0.5,1.0,0.25
44,4,24,0.0,0.0,0.0,0.5,0.0,0.5,0.5
44,4,25,0.0,1.0,0.0,0.5,1.0,0.5,0.5
44,4,26,1.0,0.0,0.0,0.5,0.0,0.5,0.5
44,4,27,1.0,1.0,0.0,0.5,1.0,0.5,0.5
44,4,28,0.0,0.0,1.0,0.5,0.0,0.5,0.5
44,4,29,0.0,1.0,1.0,0.5,1.0,0.5,0.5
44,4,30,1.0,0.0,1.0,0.5,0.0,0.5,0.5
44,4,31,1.0,1.0,1.0,0.5,1.0,0.5,0.5
44,4,32,0.0,0.0,0.5,0.5,0.0,0.0,0.5
44,4,33,0.0,1.0,0.5,0.5,1.0,0.0,0.5
44,4,34,1.0,0.0,0.5,0.5,0.0,0.0,0.5
44,4,35,1.0,1.0,0.5,0.5,1.0,0.0,0.5
44,4,36,0.0,0.0,0.5,0.5,0.0,1.0,0.5
44,4,37,0.0,1.0,0.5,0.5,1.0,1.0,0.5
44,4,38,1.0,0.0,0.5,0.5,0.0,1.0,0.5
44,4,39,1.0,1.0,0.5,0.5,1.0,1.0,0.5
83,1,0,0.0,0.0,0.0,0.5,0.0,0.0,0.25
83,1,1,0.0,1.0,0.0,0.5,1.0,0.0,0.25
83,1,2,0.0,0.0,1.0,0.5,0.0,1.0,0.25
83,1,3,0.0,1.0,1.0,0.5,1.0,1.0,0.25
83,1,4,1.0,0.0,0.0,0.5,0.0,0.0,0.25
83,1,5,1.0,1.0,0.0,0.5,1.0,0.0,0.25
83,1,6,1.0,0.0,1.0,0.5,0.0,1.0,0.25
83,1,7,1.0,1.0,1.0,0.5,1.0,1.0,0.25
83,1,8,0.0,0.0,0.0,0.0,0.0,0.5,0.25
83,1,9,0.0,1.0,0.0,0.0,1.0,0.5,0.25
83,1,10,0.0,0.0,1.0,0.0,0.0,0.5,0.25
83,1,11,0.0,1.0,1.0,0.0,1.0,0.5,0.25
83,1,12,1.0,0.0,0.0,1.0,0.0,0.5,0.25
83,1,13,1.0,1.0,0.0,1.0,1.0,0.5,0.25
83,1,14,1.0,0.0,1.0,1.0,0.0,0.5,0.25
83,1,15,1.0,1.0,1.0,1.0,1.0,0.5,0.25
83,1,16,0.0,0.0,0.0,0.0,0.5,0.0,0.25
83,1,17,0.0,1.0,0.0,0.0,0.5,0.0,0.25
83,1,18,0.0,0.0,1.0,0.0,0.5,1.0,0.25
83,1,19,0.0,1.0,1.0,0.0,0.5,1.0,0.25
83,1,20,1.0,0.0,0.0,1.0,0.5,0.0,0.25
83,1,21,1.0,1.0,0.0,1.0,0.5,0.0,0.25
83,1,22,1.0,0.0,1.0,1.0,0.5,1.0,0.25
83,1,23,1.0,1.0,1.0,1.0,0.5,1.0,0.25
83,1,24,0.0,0.0,0.0,0.5,0.0,0.5,0.5
83,1,25,0.0,1.0,0.0,0.5,1.0,0.5,0.5
83,1,26,0.0,0.0,1.0,0.5,0.0,0.5,0.5
83,1,27,0.0,1.0,1.0,0.5,1.0,0.5,0.5
83,1,28,1.0,0.0,0.0,0.5,0.0,0.5,0.5
83,1,29,1.0,1.0,0.0,0.5,1.0,0.5,0.5
83,1,30,1.0,0.0,1.0,0.5,0.0,0.5,0.5
83,1,31,1.0,1.0,1.0,0.5,1.0,0.5,0.5
83,1,32,0.0,0.5,0.0,0.5,0.5,0.5,1.0
83,1,33,0.0,0.5,1.0,0.5,0.5,0.5,1.0
83,1,34,1.0,0.5,0.0,0.5,0.5,0.5,1.0
83,1,35,1.0,0.5,1.0,0.5,0.5,0.5,1.0
83,1,36,0.5,0.0,0.5,0.5,0.5,0.5,1.0
83,1,37,0.5,1.0,0.5,0.5,0.5,0.5,1.0
117,0,0,0.0,0.0,0.0,0.5,0.0,0.0,0.25
117,0,1,0.0,0.0,1.0,0.5,0.0,1.0,0.25
117,0,2,0.0,1.0,0.0,0.5,1.0,0.0,0.25
117,0,3,0.0,1.0,1.0,0.5,1.0,1.0,0.25
117,0,4,1.0,0.0,0.0,0.5,0.0,0.0,0.25
117,0,5,1.0,0.0,1.0,0.5,0.0,1.0,0.25
117,0,6,1.0,1.0,0.0,0.5,1.0,0.0,0.25
117,0,7,1.0,1.0,1.0,0.5,1.0,1.0,0.25
117,0,8,0.0,0.0,0.0,0.0,0.5,0.0,0.25
117,0,9,0.0,0.0,1.0,0.0,0.5,1.0,0.25
117,0,10,0.0,1.0,0.0,0.0,0.5,0.0,0.25
117,0,11,0.0,1.0,1.0,0.0,0.5,1.0,0.25
117,0,12,1.0,0.0,0.0,1.0,0.5,0.0,0.25
117,0,13,1.0,0.0,1.0,1.0,0.5,1.0,0.25
117,0,14,1.0,1.0,0.0,1.0,0.5,0.0,0.25
117,0,15,1.0,1.0,1.0,1.0,0.5,1.0,0.25
117,0,16,0.0,0.0,0.0,0.0,0.0,0.5,0.25
117,0,17,0.0,0.0,1.0,0.0,0.0,0.5,0.25
117,0,18,0.0,1.0,0.0,0.0,1.0,0.5,0.25
117,0,19,0.0,1.0,1.0,0.0,1.0,0.5,0.25
117,0,20,1.0,0.0,0.0,1.0,0.0,0.5,0.25
117,0,21,1.0,0.0,1.0,1.0,0.0,0.5,0.25
117,0,22,1.0,1.0,0.0,1.0,1.0,0.5,0.25
117,0,23,1.0,1.0,1.0,1.0,1.0,0.5,0.25
117,0,24,0.5,0.0,0.0,0.0,0.5,0.0,0.5
117,0,25,0.5,0.0,1.0,0.0,0.5,1.0,0.5
117,0,26,0.5,1.0,0.0,0.0,0.5,0.0,0.5
117,0,27,0.5,1.0,1.0,0.0,0.5,1.0,0.5
117,0,28,0.5,0.0,0.0,1.0,0.5,0.0,0.5
117,0,29,0.5,0.0,1.0,1.0,0.5,1.0,0.5
117,0,30,0.5,1.0,0.0,1.0,0.5,0.0,0.5
117,0,31,0.5,1.0,1.0,1.0,0.5,1.0,0.5
117,0,32,0.5,0.0,0.0,0.0,0.0,0.5,0.5
117,0,33,0.5,0.0,1.0,0.0,0.0,0.5,0.5
117,0,34,0.5,1.0,0.0,0.0,1.0,0.5,0.5
117,0,35,0.5,1.0,1.0,0.0,1.0,0.5,0.5
117,0,36,0.5,0.0,0.0,1.0,0.0,0.5,0.5
117,0,37,0.5,0.0,1.0,1.0,0.0,0.5,0.5
117,0,38,0.5,1.0,0.0,1.0,1.0,0.5,0.5
117,0,39,0.5,1.0,1.0,1.0,1.0,0.5,0.5
378,0,0,0.0,0.0,0.0,0.5,0.0,0.0,0.25
378,0,1,0.0,0.0,1.0,0.5,0.0,1.0,0.25
378,0,2,0.0,1.0,0.0,0.5,1.0,0.0,0.25
378,0,3,0.0,1.0,1.0,0.5,1.0,1.0,0.25
378,0,4,1.0,0.0,0.0,0.5,0.0,0.0,0.25
378,0,5,1.0,0.0,1.0,0.5,0.0,1.0,0.25
378,0,6,1.0,1.0,0.0,0.5,1.0,0.0,0.25
378,0,7,1.0,1.0,1.0,0.5,1.0,1.0,0.25
378,0,8,0.0,0.0,0.0,0.0,0.5,0.0,0.25
378,0,9,0.0,0.0,1.0,0.0,0.5,1.0,0.25
378,0,10,0.0,1.0,0.0,0.0,0.5,0.0,0.25
378,0,11,0.0,1.0,1.0,0.0,0.5,1.0,0.25
378,0,12,1.0,0.0,0.0,1.0,0.5,0.0,0.25
378,0,13,1.0,0.0,1.0,1.0,0.5,1.0,0.25
378,0,14,1.0,1.0,0.0,1.0,0.5,0.0,0.25
378,0,15,1.0,1.0,1.0,1.0,0.5,1.0,0.25
378,0,16,0.0,0.0,0.0,0.0,0.0,0.5,0.25
378,0,17,0.0,0.0,1.0,0.0,0.0,0.5,0.25
378,0,18,0.0,1.0,0.0,0.0,1.0,0.5,0.25
378,0,19,0.0,1.0,1.0,0.0,1.0,0.5,0.25
378,0,20,1.0,0.0,0.0,1.0,0.0,0.5,0.25
378,0,21,1.0,0.0,1.0,1.0,0.0,0.5,0.25
378,0,22,1.0,1.0,0.0,1.0,1.0,0.5,0.25
378,0,23,1.0,1.0,1.0,1.0,1.0,0.5,0.25
378,0,24,0.0,0.0,0.0,0.5,0.5,0.0,0.5
378,0,25,0.0,0.0,1.0,0.5,0.5,1.0,0.5
378,0,26,0.0,1.0,0.0,0.5,0.5,0.0,0.5
378,0,27,0.0,1.0,1.0,0.5,0.5,1.0,0.5
378,0,28,1.0,0.0,0.0,0.5,0.5,0.0,0.5
378,0,29,1.0,0.0,1.0,0.5,0.5,1.0,0.5
378,0,30,1.0,1.0,0.0,0.5,0.5,0.0,0.5
378,0,31,1.0,1.0,1.0,0.5,0.5,1.0,0.5
378,0,32,0.5,0.0,0.0,0.0,0.5,0.0,0.5
378,0,33,0.5,0.0,1.0,0.0,0.5,1.0,0.5
378,0,34,0.5,1.0,0.0,0.0,0.5,0.0,0.5
378,0,35,0.5,1.0,1.0,0.0,0.5,1.0,0.5
378,0,36,0.5,0.0,0.0,1.0,0.5,0.0,0.5
378,0,37,0.5,0.0,1.0,1.0,0.5,1.0,0.5
378,0,38,0.5,1.0,0.0,1.0,0.5,0.0,0.5
378,0,39,0.5,1.0,1.0,1.0,0.5,1.0,0.5
378,0,40,0.5,0.0,0.0,0.0,0.0,0.5,0.5
378,0,41,0.5,0.0,1.0,0.0,0.0,0.5,0.5
378,0,42,0.5,1.0,0.0,0.0,1.0,0.5,0.5
378,0,43,0.5,1.0,1.0,0.0,1.0,0.5,0.5
378,0,44,0.5,0.0,0.0,1.0,0.0,0.5,0.5
378,0,45,0.5,0.0,1.0,1.0,0.0,0.5,0.5
378,0,46,0.5,1.0,0.0,1.0,1.0,0.5,0.5
378,0,47,0.5,1.0,1.0,1.0,1.0,0.5,0.5
378,0,48,0.0,0.0,0.5,0.5,0.5,0.5,1.0
378,0,49,0.0,1.0,0.5,0.5,0.5,0.5,1.0
378,0,50,1.0,0.0,0.5,0.5,0.5,0.5,1.0
378,0,51,1.0,1.0,0.5,0.5,0.5,0.5,1.0
380,0,0,0.0,0.0,0.0,0.5,0.0,0.0,0.25
380,0,1,0.0,0.0,1.0,0.5,0.0,1.0,0.25
380,0,2,0.0,1.0,0.0,0.5,1.0,0.0,0.25
380,0,3,0.0,1.0,1.0,0.5,1.0,1.0,0.25
380,0,4,1.0,0.0,0.0,0.5,0.0,0.0,0.25
380,0,5,1.0,0.0,1.0,0.5,0.0,1.0,0.25
380,0,6,1.0,1.0,0.0,0.5,1.0,0.0,0.25
380,0,7,1.0,1.0,1.0,0.5,1.0,1.0,0.25
380,0,8,0.0,0.0,0.0,0.0,0.5,0.0,0.25
380,0,9,0.0,0.0,1.0,0.0,0.5,1.0,0.25
380,0,10,0.0,1.0,0.0,0.0,0.5,0.0,0.25
380,0,11,0.0,1.0,1.0,0.0,0.5,1.0,0.25
380,0,12,1.0,0.0,0.0,1.0,0.5,0.0,0.25
380,0,13,1.0,0.0,1.0,1.0,0.5,1.0,0.25
380,0,14,1.0,1.0,0.0,1.0,0.5,0.0,0.25
380,0,15,1.0,1.0,1.0,1.0,0.5,1.0,0.25
380,0,16,0.0,0.0,0.0,0.0,0.0,0.5,0.25
380,0,17,0.0,0.0,1.0,0.0,0.0,0.5,0.25
380,0,18,0.0,1.0,0.0,0.0,1.0,0.5,0.25
380,0,19,0.0,1.0,1.0,0.0,1.0,0.5,0.25
380,0,20,1.0,0.0,0.0,1.0,0.0,0.5,0.25
380,0,21,1.0,0.0,1.0,1.0,0.0,0.5,0.25
380,0,22,1.0,1.0,0.0,1.0,1.0,0.5,0.25
380,0,23,1.0,1.0,1.0,1.0,1.0,0.5,0.25
380,0,24,0.0,0.0,0.0,0.5,0.5,0.0,0.5
380,0,25,0.0,0.0,1.0,0.5,0.5,1.0,0.5
380,0,26,0.0,1.0,0.0,0.5,0.5,0.0,0.5
380,0,27,0.0,1.0,1.0,0.5,0.5,1.0,0.5
380,0,28,1.0,0.0,0.0,0.5,0.5,0.0,0.5
380,0,29,1.0,0.0,1.0,0.5,0.5,1.0,0.5
380,0,30,1.0,1.0,0.0,0.5,0.5,0.0,0.5
380,0,31,1.0,1.0,1.0,0.5,0.5,1.0,0.5
380,0,32,0.5,0.0,0.0,0.0,0.5,0.0,0.5
380,0,33,0.5,0.0,1.0,0.0,0.5,1.0,0.5
380,0,34,0.5,1.0,0.0,0.0,0.5,0.0,0.5
380,0,35,0.5,1.0,1.0,0.0,0.5,1.0,0.5
380,0,36,0.5,0.0,0.0,1.0,0.5,0.0,0.5
380,0,37,0.5,0.0,1.0,1.0,0.5,1.0,0.5
380,0,38,0.5,1.0,0.0,1.0,0.5,0.0,0.5
380,0,39,0.5,1.0,1.0,1.0,0.5,1.0,0.5
380,0,40,0.5,0.0,0.0,0.0,0.0,0.5,0.5
380,0,41,0.5,0.0,1.0,0.0,0.0,0.5,0.5
380,0,42,0.5,1.0,0.0,0.0,1.0,0.5,0.5
380,0,43,0.5,1.0,1.0,0.0,1.0,0.5,0.5
380,0,44,0.5,0.0,0.0,1.0,0.0,0.5,0.5
380,0,45,0.5,0.0,1.0,1.0,0.0,0.5,0.5
380,0,46,0.5,1.0,0.0,1.0,1.0,0.5,0.5
380,0,47,0.5,1.0,1.0,1.0,1.0,0.5,0.5
383,4,0,0.0,0.0,0.0,0.0,0.0,0.5,0.25
383,4,1,0.0,1.0,0.0,0.0,1.0,0.5,0.25
383,4,2,1.0,0.0,0.0,1.0,0.0,0.5,0.25
383,4,3,1.0,1.0,0.0,1.0,1.0,0.5,0.25
383,4,4,0.0,0.0,1.0,0.0,0.0,0.5,0.25
383,4,5,0.0,1.0,1.0,0.0,1.0,0.5,0.25
383,4,6,1.0,0.0,1.0,1.0,0.0,0.5,0.25
383,4,7,1.0,1.0,1.0,1.0,1.0,0.5,0.25
383,4,8,0.0,0.0,0.0,0.5,0.0,0.0,0.25
383,4,9,0.0,1.0,0.0,0.5,1.0,0.0,0.25
383,4,10,1.0,0.0,0.0,0.5,0.0,0.0,0.25
383,4,11,1.0,1.0,0.0,0.5,1.0,0.0,0.25
383,4,12,0.0,0.0,1.0,0.5,0.0,1.0,0.25
383,4,13,0.0,1.0,1.0,0.5,1.0,1.0,0.25
383,4,14,1.0,0.0,1.0,0.5,0.0,1.0,0.25
383,4,15,1.0,1.0,1.0,0.5,1.0,1.0,0.25
383,4,16,0.0,0.0,0.0,0.0,0.5,0.0,0.25
383,4,17,0.0,1.0,0.0,0.0,0.5,0.0,0.25
383,4,18,1.0,0.0,0.0,1.0,0.5,0.0,0.25
383,4,19,1.0,1.0,0.0,1.0,0.5,0.0,0.25
383,4,20,0.0,0.0,1.0,0.0,0.5,1.0,0.25
383,4,21,0.0,1.0,1.0,0.0,0.5,1.0,0.25
383,4,22,1.0,0.0,1.0,1.0,0.5,1.0,0.25
383,4,23,1.0,1.0,1.0,1.0,0.5,1.0,0.25
383,4,24,0.0,0.0,0.0,0.5,0.0,0.5,0.5
383,4,25,0.0,1.0,0.0,0.5,1.0,0.5,0.5
383,4,26,1.0,0.0,0.0,0.5,0.0,0.5,0.5
383,4,27,1.0,1.0,0.0,0.5,1.0,0.5,0.5
383,4,28,0.0,0.0,1.0,0.5,0.0,0.5,0.5
383,4,29,0.0,1.0,1.0,0.5,1.0,0.5,0.5
383,4,30,1.0,0.0,1.0,0.5,0.0,0.5,0.5
383,4,31,1.0,1.0,1.0,0.5,1.0,0.5,0.5
383,4,32,0.0,0.0,0.5,0.5,0.0,0.0,0.5
383,4,33,0.0,1.0,0.5,0.5,1.0,0.0,0.5
383,4,34,1.0,0.0,0.5,0.5,0.0,0.0,0.5
383,4,35,1.0,1.0,0.5,0.5,1.0,0.0,0.5
383,4,36,0.0,0.0,0.5,0.5,0.0,1.0,0.5
383,4,37,0.0,1.0,0.5,0.5,1.0,1.0,0.5
383,4,38,1.0,0.0,0.5,0.5,0.0,1.0,0.5
383,4,39,1.0,1.0,0.5,0.5,1.0,1.0,0.5
383,4,40,0.0,0.0,0.5,0.5,0.0,0.5,0.5
383,4,41,0.0,1.0,0.5,0.5,1.0,0.5,0.5
383,4,42,1.0,0.0,0.5,0.5,0.0,0.5,0.5
383,4,43,1.0,1.0,0.5,0.5,1.0,0.5,0.5
383,4,44,0.0,0.5,0.0,0.5,0.5,0.5,1.0
383,4,45,1.0,0.5,0.0,0.5,0.5,0.5,1.0
383,4,46,0.0,0.5,1.0,0.5,0.5,0.5,1.0
383,4,47,1.0,0.5,1.0,0.5,0.5,0.5,1.0
414,2,0,0.0,0.0,0.0,0.0,0.5,0.0,0.25
414,2,1,0.0,0.0,1.0,0.0,0.5,1.0,0.25
414,2,2,1.0,0.0,0.0,1.0,0.5,0.0,0.25
414,2,3,1.0,0.0,1.0,1.0,0.5,1.0,0.25
414,2,4,0.0,1.0,0.0,0.0,0.5,0.0,0.25
414,2,5,0.0,1.0,1.0,0.0,0.5,1.0,0.25
414,2,6,1.0,1.0,0.0,1.0,0.5,0.0,0.25
414,2,7,1.0,1.0,1.0,1.0,0.5,1.0,0.25
414,2,8,0.0,0.0,0.0,0.5,0.0,0.0,0.25
414,2,9,0.0,0.0,1.0,0.5,0.0,1.0,0.25
414,2,10,1.0,0.0,0.0,0.5,0.0,0.0,0.25
414,2,11,1.0,0.0,1.0,0.5,0.0,1.0,0.25
414,2,12,0.0,1.0,0.0,0.5,1.0,0.0,0.25
414,2,13,0.0,1.0,1.0,0.5,1.0,1.0,0.25
414,2,14,1.0,1.0,0.0,0.5,1.0,0.0,0.25
414,2,15,1.0,1.0,1.0,0.5,1.0,1.0,0.25
414,2,16,0.0,0.0,0.0,0.0,0.0,0.5,0.25
414,2,17,0.0,0.0,1.0,0.0,0.0,0.5,0.25
414,2,18,1.0,0.0,0.0,1.0,0.0,0.5,0.25
414,2,19,1.0,0.0,1.0,1.0,0.0,0.5,0.25
414,2,20,0.0,1.0,0.0,0.0,1.0,0.5,0.25
414,2,21,0.0,1.0,1.0,0.0,1.0,0.5,0.25
414,2,22,1.0,1.0,0.0,1.0,1.0,0.5,0.25
414,2,23,1.0,1.0,1.0,1.0,1.0,0.5,0.25
414,2,24,0.0,0.0,0.0,0.5,0.5,0.0,0.5
414,2,25,0.0,0.0,1.0,0.5,0.5,1.0,0.5
414,2,26,1.0,0.0,0.0,0.5,0.5,0.0,0.5
414,2,27,1.0,0.0,1.0,0.5,0.5,1.0,0.5
414,2,28,0.0,1.0,0.0,0.5,0.5,0.0,0.5
414,2,29,0.0,1.0,1.0,0.5,0.5,1.0,0.5
414,2,30,1.0,1.0,0.0,0.5,0.5,0.0,0.5
414,2,31,1.0,1.0,1.0,0.5,0.5,1.0,0.5
414,2,32,0.0,0.5,0.0,0.5,0.0,0.0,0.5
414,2,33,0.0,0.5,1.0,0.5,0.0,1.0,0.5
414,2,34,1.0,0.5,0.0,0.5,0.0,0.0,0.5
414,2,35,1.0,0.5,1.0,0.5,0.0,1.0,0.5
414,2,36,0.0,0.5,0.0,0.5,1.0,0.0,0.5
414,2,37,0.0,0.5,1.0,0.5,1.0,1.0,0.5
414,2,38,1.0,0.5,0.0,0.5,1.0,0.0,0.5
414,2,39,1.0,0.5,1.0,0.5,1.0,1.0,0.5
414,2,40,0.0,0.0,0.5,0.5,0.5,0.5,1.0
414,2,41,1.0,0.0,0.5,0.5,0.5,0.5,1.0
414,2,42,0.0,1.0,0.5,0.5,0.5,0.5,1.0
414,2,43,1.0,1.0,0.5,0.5,0.5,0.5,1.0
414,2,44,0.5,0.5,0.0,0.5,0.5,0.5,1.0
414,2,45,0.5,0.5,1.0,0.5,0.5,0.5,1.0
414,4,0,0.0,0.0,0.0,0.0,0.0,0.5,0.25
414,4,1,0.0,1.0,0.0,0.0,1.0,0.5,0.25
414,4,2,1.0,0.0,0.0,1.0,0.0,0.5,0.25
414,4,3,1.0,1.0,0.0,1.0,1.0,0.5,0.25
414,4,4,0.0,0.0,1.0,0.0,0.0,0.5,0.25
414,4,5,0.0,1.0,1.0,0.0,1.0,0.5,0.25
414,4,6,1.0,0.0,1.0,1.0,0.0,0.5,0.25
414,4,7,1.0,1.0,1.0,1.0,1.0,0.5,0.25
414,4,8,0.0,0.0,0.0,0.5,0.0,0.0,0.25
414,4,9,0.0,1.0,0.0,0.5,1.0,0.0,0.25
414,4,10,1.0,0.0,0.0,0.5,0.0,0.0,0.25
414,4,11,1.0,1.0,0.0,0.5,1.0,0.0,0.25
414,4,12,0.0,0.0,1.0,0.5,0.0,1.0,0.25
414,4,13,0.0,1.0,1.0,0.5,1.0,1.0,0.25
414,4,14,1.0,0.0,1.0,0.5,0.0,1.0,0.25
414,4,15,1.0,1.0,1.0,0.5,1.0,1.0,0.25
414,4,16,0.0,0.0,0.0,0.0,0.5,0.0,0.25
414,4,17,0.0,1.0,0.0,0.0,0.5,0.0,0.25
414,4,18,1.0,0.0,0.0,1.0,0.5,0.0,0.25
414,4,19,1.0,1.0,0.0,1.0,0.5,0.0,0.25
414,4,20,0.0,0.0,1.0,0.0,0.5,1.0,0.25
414,4,21,0.0,1.0,1.0,0.0,0.5,1.0,0.25
414,4,22,1.0,0.0,1.0,1.0,0.5,1.0,0.25
414,4,23,1.0,1.0,1.0,1.0,0.5,1.0,0.25
414,4,24,0.0,0.0,0.0,0.5,0.0,0.5,0.5
414,4,25,0.0,1.0,0.0,0.5,1.0,0.5,0.5
414,4,26,1.0,0.0,0.0,0.5,0.0,0.5,0.5
414,4,27,1.0,1.0,0.0,0.5,1.0,0.5,0.5
414,4,28,0.0,0.0,1.0,0.5,0.0,0.5,0.5
414,4,29,0.0,1.0,1.0,0.5,1.0,0.5,0.5
414,4,30,1.0,0.0,1.0,0.5,0.0,0.5,0.5
414,4,31,1.0,1.0,1.0,0.5,1.0,0.5,0.5
414,4,32,0.0,0.0,0.5,0.5,0.0,0.0,0.5
414,4,33,0.0,1.0,0.5,0.5,1.0,0.0,0.5
414,4,34,1.0,0.0,0.5,0.5,0.0,0.0,0.5
414,4,35,1.0,1.0,0.5,0.5,1.0,0.0,0.5
414,4,36,0.0,0.0,0.5,0.5,0.0,1.0,0.5
414,4,37,0.0,1.0,0.5,0.5,1.0,1.0,0.5
414,4,38,1.0,0.0,0.5,0.5,0.0,1.0,0.5
414,4,39,1.0,1.0,0.5,0.5,1.0,1.0,0.5
414,4,40,0.0,0.5,0.0,0.5,0.5,0.5,1.0
414,4,41,1.0,0.5,0.0,0.5,0.5,0.5,1.0
414,4,42,0.0,0.5,1.0,0.5,0.5,0.5,1.0
414,4,43,1.0,0.5,1.0,0.5,0.5,0.5,1.0
414,4,44,0.5,0.0,0.5,0.5,0.5,0.5,1.0
414,4,45,0.5,1.0,0.5,0.5,0.5,0.5,1.0
543,4,0,0.0,0.0,0.0,0.0,0.0,0.5,0.25
543,4,1,0.0,1.0,0.0,0.0,1.0,0.5,0.25
543,4,2,1.0,0.0,0.0,1.0,0.0,0.5,0.25
543,4,3,1.0,1.0,0.0,1.0,1.0,0.5,0.25
543,4,4,0.0,0.0,1.0,0.0,0.0,0.5,0.25
543,4,5,0.0,1.0,1.0,0.0,1.0,0.5,0.25
543,4,6,1.0,0.0,1.0,1.0,0.0,0.5,0.25
543,4,7,1.0,1.0,1.0,1.0,1.0,0.5,0.25
543,4,8,0.0,0.0,0.0,0.5,0.0,0.0,0.25
543,4,9,0.0,1.0,0.0,0.5,1.0,0.0,0.25
543,4,10,1.0,0.0,0.0,0.5,0.0,0.0,0.25
543,4,11,1.0,1.0,0.0,0.5,1.0,0.0,0.25
543,4,12,0.0,0.0,1.0,0.5,0.0,1.0,0.25
543,4,13,0.0,1.0,1.0,0.5,1.0,1.0,0.25
543,4,14,1.0,0.0,1.0,0.5,0.0,1.0,0.25
543,4,15,1.0,1.0,1.0,0.5,1.0,1.0,0.25
543,4,16,0.0,0.0,0.0,0.0,0.5,0.0,0.25
543,4,17,0.0,1.0,0.0,0.0,0.5,0.0,0.25
543,4,18,1.0,0.0,0.0,1.0,0.5,0.0,0.25
543,4,19,1.0,1.0,0.0,1.0,0.5,0.0,0.25
543,4,20,0.0,0.0,1.0,0.0,0.5,1.0,0.25
543,4,21,0.0,1.0,1.0,0.0,0.5,1.0,0.25
543,4,22,1.0,0.0,1.0,1.0,0.5,1.0,0.25
543,4,23,1.0,1.0,1.0,1.0,0.5,1.0,0.25
543,4,24,0.0,0.0,0.0,0.5,0.0,0.5,0.5
543,4,25,0.0,1.0,0.0,0.5,1.0,0.5,0.5
543,4,26,1.0,0.0,0.0,0.5,0.0,0.5,0.5
543,4,27,1.0,1.0,0.0,0.5,1.0,0.5,0.5
543,4,28,0.0,0.0,1.0,0.5,0.0,0.5,0.5
543,4,29,0.0,1.0,1.0,0.5,1.0,0.5,0.5
543,4,30,1.0,0.0,1.0,0.5,0.0,0.5,0.5
543,4,31,1.0,1.0,1.0,0.5,1.0,0.5,0.5
543,4,32,0.0,0.0,0.5,0.5,0.0,0.5,0.5
543,4,33,0.0,1.0,0.5,0.5,1.0,0.5,0.5
543,4,34,1.0,0.0,0.5,0.5,0.0,0.5,0.5
543,4,35,1.0,1.0,0.5,0.5,1.0,0.5,0.5
543,4,36,0.0,0.5,0.0,0.5,0.5,0.0,0.5
543,4,37,1.0,0.5,0.0,0.5,0.5,0.0,0.5
543,4,38,0.0,0.5,1.0,0.5,0.5,1.0,0.5
543,4,39,1.0,0.5,1.0,0.5,0.5,1.0,0.5
552,4,0,0.0,0.0,0.0,0.0,0.0,0.5,0.25
552,4,1,0.0,1.0,0.0,0.0,1.0,0.5,0.25
552,4,2,1.0,0.0,0.0,1.0,0.0,0.5,0.25
552,4,3,1.0,1.0,0.0,1.0,1.0,0.5,0.25
552,4,4,0.0,0.0,1.0,0.0,0.0,0.5,0.25
552,4,5,0.0,1.0,1.0,0.0,1.0,0.5,0.25
552,4,6,1.0,0.0,1.0,1.0,0.0,0.5,0.25
552,4,7,1.0,1.0,1.0,1.0,1.0,0.5,0.25
552,4,8,0.0,0.0,0.0,0.5,0.0,0.0,0.25
552,4,9,0.0,1.0,0.0,0.5,1.0,0.0,0.25
552,4,10,1.0,0.0,0.0,0.5,0.0,0.0,0.25
552,4,11,1.0,1.0,0.0,0.5,1.0,0.0,0.25
552,4,12,0.0,0.0,1.0,0.5,0.0,1.0,0.25
552,4,13,0.0,1.0,1.0,0.5,1.0,1.0,0.25
552,4,14,1.0,0.0,1.0,0.5,0.0,1.0,0.25
552,4,15,1.0,1.0,1.0,0.5,1.0,1.0,0.25
552,4,16,0.0,0.0,0.0,0.0,0.5,0.0,0.25
552,4,17,0.0,1.0,0.0,0.0,0.5,0.0,0.25
552,4,18,1.0,0.0,0.0,1.0,0.5,0.0,0.25
552,4,19,1.0,1.0,0.0,1.0,0.5,0.0,0.25
552,4,20,0.0,0.0,1.0,0.0,0.5,1.0,0.25
552,4,21,0.0,1.0,1.0,0.0,0.5,1.0,0.25
552,4,22,1.0,0.0,1.0,1.0,0.5,1.0,0.25
552,4,23,1.0,1.0,1.0,1.0,0.5,1.0,0.25
552,4,24,0.0,0.0,0.0,0.5,0.0,0.5,0.5
552,4,25,0.0,1.0,0.0,0.5,1.0,0.5,0.5
552,4,26,1.0,0.0,0.0,0.5,0.0,0.5,0.5
552,4,27,1.0,1.0,0.0,0.5,1.0,0.5,0.5
552,4,28,0.0,0.0,1.0,0.5,0.0,0.5,0.5
552,4,29,0.0,1.0,1.0,0.5,1.0,0.5,0.5
552,4,30,1.0,0.0,1.0,0.5,0.0,0.5,0.5
552,4,31,1.0,1.0,1.0,0.5,1.0,0.5,0.5
552,4,32,0.0,0.0,0.5,0.5,0.0,0.5,0.5
552,4,33,0.0,1.0,0.5,0.5,1.0,0.5,0.5
552,4,34,1.0,0.0,0.5,0.5,0.0,0.5,0.5
552,4,35,1.0,1.0,0.5,0.5,1.0,0.5,0.5
552,4,36,0.5,0.0,0.5,0.5,0.5,0.0,1.0
552,4,37,0.5,1.0,0.5,0.5,0.5,0.0,1.0
552,4,38,0.5,0.0,0.5,0.5,0.5,1.0,1.0
552,4,39,0.5,1.0,0.5,0.5,0.5,1.0,1.0
1328,2,0,0.0,0.0,0.0,0.0,0.5,0.0,0.25
1328,2,1,0.0,0.0,1.0,0.0,0.5,1.0,0.25
1328,2,2,1.0,0.0,0.0,1.0,0.5,0.0,0.25
1328,2,3,1.0,0.0,1.0,1.0,0.5,1.0,0.25
1328,2,4,0.0,1.0,0.0,0.0,0.5,0.0,0.25
1328,2,5,0.0,1.0,1.0,0.0,0.5,1.0,0.25
1328,2,6,1.0,1.0,0.0,1.0,0.5,0.0,0.25
1328,2,7,1.0,1.0,1.0,1.0,0.5,1.0,0.25
1328,2,8,0.0,0.0,0.0,0.5,0.0,0.0,0.25
1328,2,9,0.0,0.0,1.0,0.5,0.0,1.0,0.25
1328,2,10,1.0,0.0,0.0,0.5,0.0,0.0,0.25
1328,2,11,1.0,0.0,1.0,0.5,0.0,1.0,0.25
1328,2,12,0.0,1.0,0.0,0.5,1.0,0.0,0.25
1328,2,13,0.0,1.0,1.0,0.5,1.0,1.0,0.25
1328,2,14,1.0,1.0,0.0,0.5,1.0,0.0,0.25
1328,2,15,1.0,1.0,1.0,0.5,1.0,1.0,0.25
1328,2,16,0.0,0.0,0.0,0.0,0.0,0.5,0.25
1328,2,17,0.0,0.0,1.0,0.0,0.0,0.5,0.25
1328,2,18,1.0,0.0,0.0,1.0,0.0,0.5,0.25
1328,2,19,1.0,0.0,1.0,1.0,0.0,0.5,0.25
1328,2,20,0.0,1.0,0.0,0.0,1.0,0.5,0.25
1328,2,21,0.0,1.0,1.0,0.0,1.0,0.5,0.25
1328,2,22,1.0,1.0,0.0,1.0,1.0,0.5,0.25
1328,2,23,1.0,1.0,1.0,1.0,1.0,0.5,0.25
1328,2,24,0.0,0.5,0.0,0.5,0.5,0.0,0.5
1328,2,25,0.0,0.5,1.0,0.5,0.5,1.0,0.5
1328,2,26,1.0,0.5,0.0,0.5,0.5,0.0,0.5
1328,2,27,1.0,0.5,1.0,0.5,0.5,1.0,0.5
1328,2,28,0.5,0.0,0.0,0.0,0.5,0.5,1.0
1328,2,29,0.5,0.0,1.0,0.0,0.5,0.5,1.0
1328,2,30,0.5,0.0,0.0,1.0,0.5,0.5,1.0
1328,2,31,0.5,0.0,1.0,1.0,0.5,0.5,1.0
1328,2,32,0.5,1.0,0.0,0.0,0.5,0.5,1.0
1328,2,33,0.5,1.0,1.0,0.0,0.5,0.5,1.0
1328,2,34,0.5,1.0,0.0,1.0,0.5,0.5,1.0
1328,2,35,0.5,1.0,1.0,1.0,0.5,0.5,1.0
1328,2,36,0.0,0.0,0.5,0.5,0.0,0.5,0.5
1328,2,37,1.0,0.0,0.5,0.5,0.0,0.5,0.5
1328,2,38,0.0,1.0,0.5,0.5,1.0,0.5,0.5
1328,2,39,1.0,1.0,0.5,0.5,1.0,0.5,0.5
1328,2,40,0.0,0.5,0.5,0.5,0.5,0.5,1.0
1328,2,41,1.0,0.5,0.5,0.5,0.5,0.5,1.0
1328,4,0,0.0,0.0,0.0,0.0,0.0,0.5,0.25
1328,4,1,0.0,1.0,0.0,0.0,1.0,0.5,0.25
1328,4,2,1.0,0.0,0.0,1.0,0.0,0.5,0.25
1328,4,3,1.0,1.0,0.0,1.0,1.0,0.5,0.25
1328,4,4,0.0,0.0,1.0,0.0,0.0,0.5,0.25
1328,4,5,0.0,1.0,1.0,0.0,1.0,0.5,0.25
1328,4,6,1.0,0.0,1.0,1.0,0.0,0.5,0.25
1328,4,7,1.0,1.0,1.0,1.0,1.0,0.5,0.25
1328,4,8,0.0,0.0,0.0,0.5,0.0,0.0,0.25
1328,4,9,0.0,1.0,0.0,0.5,1.0,0.0,0.25
1328,4,10,1.0,0.0,0.0,0.5,0.0,0.0,0.25
1328,4,11,1.0,1.0,0.0,0.5,1.0,0.0,0.25
1328,4,12,0.0,0.0,1.0,0.5,0.0,1.0,0.25
1328,4,13,0.0,1.0,1.0,0.5,1.0,1.0,0.25
1328,4,14,1.0,0.0,1.0,0.5,0.0,1.0,0.25
1328,4,15,1.0,1.0,1.0,0.5,1.0,1.0,0.25
1328,4,16,0.0,0.0,0.0,0.0,0.5,0.0,0.25
1328,4,17,0.0,1.0,0.0,0.0,0.5,0.0,0.25
1328,4,18,1.0,0.0,0.0,1.0,0.5,0.0,0.25
1328,4,19,1.0,1.0,0.0,1.0,0.5,0.0,0.25
1328,4,20,0.0,0.0,1.0,0.0,0.5,1.0,0.25
1328,4,21,0.0,1.0,1.0,0.0,0.5,1.0,0.25
1328,4,22,1.0,0.0,1.0,1.0,0.5,1.0,0.25
1328,4,23,1.0,1.0,1.0,1.0,0.5,1.0,0.25
1328,4,24,0.0,0.0,0.5,0.5,0.0,0.5,0.5
1328,4,25,0.0,1.0,0.5,0.5,1.0,0.5,0.5
1328,4,26,1.0,0.0,0.5,0.5,0.0,0.5,0.5
1328,4,27,1.0,1.0,0.5,0.5,1.0,0.5,0.5
1328,4,28,0.5,0.0,0.0,0.0,0.5,0.5,1.0
1328,4,29,0.5,1.0,0.0,0.0,0.5,0.5,1.0
1328,4,30,0.5,0.0,0.0,1.0,0.5,0.5,1.0
1328,4,31,0.5,1.0,0.0,1.0,0.5,0.5,1.0
1328,4,32,0.5,0.0,1.0,0.0,0.5,0.5,1.0
1328,4,33,0.5,1.0,1.0,0.0,0.5,0.5,1.0
1328,4,34,0.5,0.0,1.0,1.0,0.5,0.5,1.0
1328,4,35,0.5,1.0,1.0,1.0,0.5,0.5,1.0
1328,4,36,0.0,0.5,0.0,0.5,0.5,0.0,0.5
1328,4,37,1.0,0.5,0.0,0.5,0.5,0.0,0.5
1328,4,38,0.0,0.5,1.0,0.5,0.5,1.0,0.5
1328,4,39,1.0,0.5,1.0,0.5,0.5,1.0,0.5
1328,4,40,0.0,0.5,0.5,0.5,0.5,0.5,1.0
1328,4,41,1.0,0.5,0.5,0.5,0.5,0.5,1.0
1354,5,0,0.0,0.0,0.0,0.0,0.0,0.5,0.25
1354,5,1,1.0,0.0,0.0,1.0,0.0,0.5,0.25
1354,5,2,0.0,1.0,0.0,0.0,1.0,0.5,0.25
1354,5,3,1.0,1.0,0.0,1.0,1.0,0.5,0.25
1354,5,4,0.0,0.0,1.0,0.0,0.0,0.5,0.25
1354,5,5,1.0,0.0,1.0,1.0,0.0,0.5,0.25
1354,5,6,0.0,1.0,1.0,0.0,1.0,0.5,0.25
1354,5,7,1.0,1.0,1.0,1.0,1.0,0.5,0.25
1354,5,8,0.0,0.0,0.0,0.0,0.5,0.0,0.25
1354,5,9,1.0,0.0,0.0,1.0,0.5,0.0,0.25
1354,5,10,0.0,1.0,0.0,0.0,0.5,0.0,0.25
1354,5,11,1.0,1.0,0.0,1.0,0.5,0.0,0.25
1354,5,12,0.0,0.0,1.0,0.0,0.5,1.0,0.25
1354,5,13,1.0,0.0,1.0,1.0,0.5,1.0,0.25
1354,5,14,0.0,1.0,1.0,0.0,0.5,1.0,0.25
1354,5,15,1.0,1.0,1.0,1.0,0.5,1.0,0.25
1354,5,16,0.0,0.0,0.0,0.5,0.0,0.0,0.25
1354,5,17,1.0,0.0,0.0,0.5,0.0,0.0,0.25
1354,5,18,0.0,1.0,0.0,0.5,1.0,0.0,0.25
1354,5,19,1.0,1.0,0.0,0.5,1.0,0.0,0.25
1354,5,20,0.0,0.0,1.0,0.5,0.0,1.0,0.25
1354,5,21,1.0,0.0,1.0,0.5,0.0,1.0,0.25
1354,5,22,0.0,1.0,1.0,0.5,1.0,1.0,0.25
1354,5,23,1.0,1.0,1.0,0.5,1.0,1.0,0.25
1354,5,24,0.0,0.0,0.5,0.0,0.5,0.5,0.5
1354,5,25,1.0,0.0,0.5,1.0,0.5,0.5,0.5
1354,5,26,0.0,1.0,0.5,0.0,0.5,0.5,0.5
1354,5,27,1.0,1.0,0.5,1.0,0.5,0.5,0.5
1354,5,28,0.0,0.5,0.0,0.5,0.5,0.0,0.5
1354,5,29,1.0,0.5,0.0,0.5,0.5,0.0,0.5
1354,5,30,0.0,0.5,1.0,0.5,0.5,1.0,0.5
1354,5,31,1.0,0.5,1.0,0.5,0.5,1.0,0.5
1354,5,32,0.0,0.5,0.5,0.5,0.5,0.0,1.0
1354,5,33,1.0,0.5,0.5,0.5,0.5,0.0,1.0
1354,5,34,0.0,0.5,0.5,0.5,0.5,1.0,1.0
1354,5,35,1.0,0.5,0.5,0.5,0.5,1.0,1.0
1499,0,0,0.0,0.0,0.0,0.5,0.0,0.0,0.25
1499,0,1,0.0,0.0,1.0,0.5,0.0,1.0,0.25
1499,0,2,0.0,1.0,0.0,0.5,1.0,0.0,0.25
1499,0,3,0.0,1.0,1.0,0.5,1.0,1.0,0.25
1499,0,4,1.0,0.0,0.0,0.5,0.0,0.0,0.25
1499,0,5,1.0,0.0,1.0,0.5,0.0,1.0,0.25
1499,0,6,1.0,1.0,0.0,0.5,1.0,0.0,0.25
1499,0,7,1.0,1.0,1.0,0.5,1.0,1.0,0.25
1499,0,8,0.0,0.0,0.0,0.0,0.5,0.0,0.25
1499,0,9,0.0,0.0,1.0,0.0,0.5,1.0,0.25
1499,0,10,0.0,1.0,0.0,0.0,0.5,0.0,0.25
1499,0,11,0.0,1.0,1.0,0.0,0.5,1.0,0.25
1499,0,12,1.0,0.0,0.0,1.0,0.5,0.0,0.25
1499,0,13,1.0,0.0,1.0,1.0,0.5,1.0,0.25
1499,0,14,1.0,1.0,0.0,1.0,0.5,0.0,0.25
1499,0,15,1.0,1.0,1.0,1.0,0.5,1.0,0.25
1499,0,16,0.0,0.0,0.0,0.0,0.0,0.5,0.25
1499,0,17,0.0,0.0,1.0,0.0,0.0,0.5,0.25
1499,0,18,0.0,1.0,0.0,0.0,1.0,0.5,0.25
1499,0,19,0.0,1.0,1.0,0.0,1.0,0.5,0.25
1499,0,20,1.0,0.0,0.0,1.0,0.0,0.5,0.25
1499,0,21,1.0,0.0,1.0,1.0,0.0,0.5,0.25
1499,0,22,1.0,1.0,0.0,1.0,1.0,0.5,0.25
1499,0,23,1.0,1.0,1.0,1.0,1.0,0.5,0.25
1499,0,24,0.0,0.0,0.0,0.5,0.5,0.0,0.5
1499,0,25,0.0,0.0,1.0,0.5,0.5,1.0,0.5
1499,0,26,0.0,1.0,0.0,0.5,0.5,0.0,0.5
1499,0,27,0.0,1.0,1.0,0.5,0.5,1.0,0.5
1499,0,28,1.0,0.0,0.0,0.5,0.5,0.0,0.5
1499,0,29,1.0,0.0,1.0,0.5,0.5,1.0,0.5
1499,0,30,1.0,1.0,0.0,0.5,0.5,0.0,0.5
1499,0,31,1.0,1.0,1.0,0.5,0.5,1.0,0.5
1499,0,32,0.0,0.0,0.0,0.5,0.0,0.5,0.5
1499,0,33,0.0,0.0,1.0,0.5,0.0,0.5,0.5
1499,0,34,0.0,1.0,0.0,0.5,1.0,0.5,0.5
1499,0,35,0.0,1.0,1.0,0.5,1.0,0.5,0.5
1499,0,36,1.0,0.0,0.0,0.5,0.0,0.5,0.5
1499,0,37,1.0,0.0,1.0,0.5,0.0,0.5,0.5
1499,0,38,1.0,1.0,0.0,0.5,1.0,0.5,0.5
1499,0,39,1.0,1.0,1.0,0.5,1.0,0.5,0.5
1499,0,40,0.0,0.0,0.0,0.5,0.5,0.5,1.0
1499,0,41,0.0,0.0,1.0,0.5,0.5,0.5,1.0
1499,0,42,0.0,1.0,0.0,0.5,0.5,0.5,1.0
1499,0,43,0.0,1.0,1.0,0.5,0.5,0.5,1.0
1499,0,44,1.0,0.0,0.0,0.5,0.5,0.5,1.0
1499,0,45,1.0,0.0,1.0,0.5,0.5,0.5,1.0
1499,0,46,1.0,1.0,0.0,0.5,0.5,0.5,1.0
1499,0,47,1.0,1.0,1.0,0.5,0.5,0.5,1.0
1499,0,48,0.5,0.0,0.0,0.0,0.5,0.0,0.5
1499,0,49,0.5,0.0,1.0,0.0,0.5,1.0,0.5
1499,0,50,0.5,1.0,0.0,0.0,0.5,0.0,0.5
1499,0,51,0.5,1.0,1.0,0.0,0.5,1.0,0.5
1499,0,52,0.5,0.0,0.0,1.0,0.5,0.0,0.5
1499,0,53,0.5,0.0,1.0,1.0,0.5,1.0,0.5
1499,0,54,0.5,1.0,0.0,1.0,0.5,0.0,0.5
1499,0,55,0.5,1.0,1.0,1.0,0.5,1.0,0.5
1499,0,56,0.5,0.0,0.0,0.0,0.0,0.5,0.5
1499,0,57,0.5,0.0,1.0,0.0,0.0,0.5,0.5
1499,0,58,0.5,1.0,0.0,0.0,1.0,0.5,0.5
1499,0,59,0.5,1.0,1.0,0.0,1.0,0.5,0.5
1499,0,60,0.5,0.0,0.0,1.0,0.0,0.5,0.5
1499,0,61,0.5,0.0,1.0,1.0,0.0,0.5,0.5
1499,0,62,0.5,1.0,0.0,1.0,1.0,0.5,0.5
1499,0,63,0.5,1.0,1.0,1.0,1.0,0.5,0.5
1499,1,0,0.0,0.0,0.0,0.5,0.0,0.0,0.25
1499,1,1,0.0,1.0,0.0,0.5,1.0,0.0,0.25
1499,1,2,0.0,0.0,1.0,0.5,0.0,1.0,0.25
1499,1,3,0.0,1.0,1.0,0.5,1.0,1.0,0.25
1499,1,4,1.0,0.0,0.0,0.5,0.0,0.0,0.25
1499,1,5,1.0,1.0,0.0,0.5,1.0,0.0,0.25
1499,1,6,1.0,0.0,1.0,0.5,0.0,1.0,0.25
1499,1,7,1.0,1.0,1.0,0.5,1.0,1.0,0.25
1499,1,8,0.0,0.0,0.0,0.0,0.0,0.5,0.25
1499,1,9,0.0,1.0,0.0,0.0,1.0,0.5,0.25
1499,1,10,0.0,0.0,1.0,0.0,0.0,0.5,0.25
1499,1,11,0.0,1.0,1.0,0.0,1.0,0.5,0.25
1499,1,12,1.0,0.0,0.0,1.0,0.0,0.5,0.25
1499,1,13,1.0,1.0,0.0,1.0,1.0,0.5,0.25
1499,1,14,1.0,0.0,1.0,1.0,0.0,0.5,0.25
1499,1,15,1.0,1.0,1.0,1.0,1.0,0.5,0.25
1499,1,16,0.0,0.0,0.0,0.0,0.5,0.0,0.25
1499,1,17,0.0,1.0,0.0,0.0,0.5,0.0,0.25
1499,1,18,0.0,0.0,1.0,0.0,0.5,1.0,0.25
1499,1,19,0.0,1.0,1.0,0.0,0.5,1.0,0.25
1499,1,20,1.0,0.0,0.0,1.0,0.5,0.0,0.25
1499,1,21,1.0,1.0,0.0,1.0,0.5,0.0,0.25
1499,1,22,1.0,0.0,1.0,1.0,0.5,1.0,0.25
1499,1,23,1.0,1.0,1.0,1.0,0.5,1.0,0.25
1499,1,24,0.0,0.0,0.0,0.5,0.0,0.5,0.5
1499,1,25,0.0,1.0,0.0,0.5,1.0,0.5,0.5
1499,1,26,0.0,0.0,1.0,0.5,0.0,0.5,0.5
1499,1,27,0.0,1.0,1.0,0.5,1.0,0.5,0.5
1499,1,28,1.0,0.0,0.0,0.5,0.0,0.5,0.5
1499,1,29,1.0,1.0,0.0,0.5,1.0,0.5,0.5
1499,1,30,1.0,0.0,1.0,0.5,0.0,0.5,0.5
1499,1,31,1.0,1.0,1.0,0.5,1.0,0.5,0.5
1499,1,32,0.0,0.0,0.0,0.5,0.5,0.0,0.5
1499,1,33,0.0,1.0,0.0,0.5,0.5,0.0,0.5
1499,1,34,0.0,0.0,1.0,0.5,0.5,1.0,0.5
1499,1,35,0.0,1.0,1.0,0.5,0.5,1.0,0.5
1499,1,36,1.0,0.0,0.0,0.5,0.5,0.0,0.5
1499,1,37,1.0,1.0,0.0,0.5,0.5,0.0,0.5
1499,1,38,1.0,0.0,1.0,0.5,0.5,1.0,0.5
1499,1,39,1.0,1.0,1.0,0.5,0.5,1.0,0.5
1499,1,40,0.0,0.0,0.0,0.5,0.5,0.5,1.0
1499,1,41,0.0,1.0,0.0,0.5,0.5,0.5,1.0
1499,1,42,0.0,0.0,1.0,0.5,0.5,0.5,1.0
1499,1,43,0.0,1.0,1.0,0.5,0.5,0.5,1.0
1499,1,44,1.0,0.0,0.0,0.5,0.5,0.5,1.0
1499,1,45,1.0,1.0,0.0,0.5,0.5,0.5,1.0
1499,1,46,1.0,0.0,1.0,0.5,0.5,0.5,1.0
1499,1,47,1.0,1.0,1.0,0.5,0.5,0.5,1.0
1499,1,48,0.5,0.0,0.0,0.0,0.0,0.5,0.5
1499,1,49,0.5,1.0,0.0,0.0,1.0,0.5,0.5
1499,1,50,0.5,0.0,1.0,0.0,0.0,0.5,0.5
1499,1,51,0.5,1.0,1.0,0.0,1.0,0.5,0.5
1499,1,52,0.5,0.0,0.0,1.0,0.0,0.5,0.5
1499,1,53,0.5,1.0,0.0,1.0,1.0,0.5,0.5
1499,1,54,0.5,0.0,1.0,1.0,0.0,0.5,0.5
1499,1,55,0.5,1.0,1.0,1.0,1.0,0.5,0.5
1499,1,56,0.5,0.0,0.0,0.0,0.5,0.0,0.5
1499,1,57,0.5,1.0,0.0,0.0,0.5,0.0,0.5
1499,1,58,0.5,0.0,1.0,0.0,0.5,1.0,0.5
1499,1,59,0.5,1.0,1.0,0.0,0.5,1.0,0.5
1499,1,60,0.5,0.0,0.0,1.0,0.5,0.0,0.5
1499,1,61,0.5,1.0,0.0,1.0,0.5,0.0,0.5
1499,1,62,0.5,0.0,1.0,1.0,0.5,1.0,0.5
1499,1,63,0.5,1.0,1.0,1.0,0.5,1.0,0.5
1605,1,0,0.0,0.0,0.0,0.5,0.0,0.0,0.25
1605,1,1,0.0,1.0,0.0,0.5,1.0,0.0,0.25
1605,1,2,0.0,0.0,1.0,0.5,0.0,1.0,0.25
1605,1,3,0.0,1.0,1.0,0.5,1.0,1.0,0.25
1605,1,4,1.0,0.0,0.0,0.5,0.0,0.0,0.25
1605,1,5,1.0,1.0,0.0,0.5,1.0,0.0,0.25
1605,1,6,1.0,0.0,1.0,0.5,0.0,1.0,0.25
1605,1,7,1.0,1.0,1.0,0.5,1.0,1.0,0.25
1605,1,8,0.0,0.0,0.0,0.0,0.0,0.5,0.25
1605,1,9,0.0,1.0,0.0,0.0,1.0,0.5,0.25
1605,1,10,0.0,0.0,1.0,0.0,0.0,0.5,0.25
1605,1,11,0.0,1.0,1.0,0.0,1.0,0.5,0.25
1605,1,12,1.0,0.0,0.0,1.0,0.0,0.5,0.25
1605,1,13,1.0,1.0,0.0,1.0,1.0,0.5,0.25
1605,1,14,1.0,0.0,1.0,1.0,0.0,0.5,0.25
1605,1,15,1.0,1.0,1.0,1.0,1.0,0.5,0.25
1605,1,16,0.0,0.0,0.0,0.0,0.5,0.0,0.25
1605,1,17,0.0,1.0,0.0,0.0,0.5,0.0,0.25
1605,1,18,0.0,0.0,1.0,0.0,0.5,1.0,0.25
1605,1,19,0.0,1.0,1.0,0.0,0.5,1.0,0.25
1605,1,20,1.0,0.0,0.0,1.0,0.5,0.0,0.25
1605,1,21,1.0,1.0,0.0,1.0,0.5,0.0,0.25
1605,1,22,1.0,0.0,1.0,1.0,0.5,1.0,0.25
1605,1,23,1.0,1.0,1.0,1.0,0.5,1.0,0.25
1605,1,24,0.0,0.0,0.0,0.5,0.0,0.5,0.5
1605,1,25,0.0,1.0,0.0,0.5,1.0,0.5,0.5
1605,1,26,0.0,0.0,1.0,0.5,0.0,0.5,0.5
1605,1,27,0.0,1.0,1.0,0.5,1.0,0.5,0.5
1605,1,28,1.0,0.0,0.0,0.5,0.0,0.5,0.5
1605,1,29,1.0,1.0,0.0,0.5,1.0,0.5,0.5
1605,1,30,1.0,0.0,1.0,0.5,0.0,0.5,0.5
1605,1,31,1.0,1.0,1.0,0.5,1.0,0.5,0.5
1605,1,32,0.0,0.0,0.0,0.5,0.5,0.0,0.5
1605,1,33,0.0,1.0,0.0,0.5,0.5,0.0,0.5
1605,1,34,0.0,0.0,1.0,0.5,0.5,1.0,0.5
1605,1,35,0.0,1.0,1.0,0.5,0.5,1.0,0.5
1605,1,36,1.0,0.0,0.0,0.5,0.5,0.0,0.5
1605,1,37,1.0,1.0,0.0,0.5,0.5,0.0,0.5
1605,1,38,1.0,0.0,1.0,0.5,0.5,1.0,0.5
1605,1,39,1.0,1.0,1.0,0.5,0.5,1.0,0.5
1605,1,40,0.5,0.0,0.0,0.0,0.0,0.5,0.5
1605,1,41,0.5,1.0,0.0,0.0,1.0,0.5,0.5
1605,1,42,0.5,0.0,1.0,0.0,0.0,0.5,0.5
1605,1,43,0.5,1.0,1.0,0.0,1.0,0.5,0.5
1605,1,44,0.5,0.0,0.0,1.0,0.0,0.5,0.5
1605,1,45,0.5,1.0,0.0,1.0,1.0,0.5,0.5
1605,1,46,0.5,0.0,1.0,1.0,0.0,0.5,0.5
1605,1,47,0.5,1.0,1.0,1.0,1.0,0.5,0.5
1605,1,48,0.5,0.0,0.0,0.0,0.5,0.0,0.5
1605,1,49,0.5,1.0,0.0,0.0,0.5,0.0,0.5
1605,1,50,0.5,0.0,1.0,0.0,0.5,1.0,0.5
1605,1,51,0.5,1.0,1.0,0.0,0.5,1.0,0.5
1605,1,52,0.5,0.0,0.0,1.0,0.5,0.0,0.5
1605,1,53,0.5,1.0,0.0,1.0,0.5,0.0,0.5
1605,1,54,0.5,0.0,1.0,1.0,0.5,1.0,0.5
1605,1,55,0.5,1.0,1.0,1.0,0.5,1.0,0.5
1605,1,56,0.0,0.0,0.5,0.5,0.5,0.5,1.0
1605,1,57,0.0,1.0,0.5,0.5,0.5,0.5,1.0
1605,1,58,1.0,0.0,0.5,0.5,0.5,0.5,1.0
1605,1,59,1.0,1.0,0.5,0.5,0.5,0.5,1.0
1607,0,0,0.0,0.0,0.0,0.5,0.0,0.0,0.25
1607,0,1,0.0,0.0,1.0,0.5,0.0,1.0,0.25
1607,0,2,0.0,1.0,0.0,0.5,1.0,0.0,0.25
1607,0,3,0.0,1.0,1.0,0.5,1.0,1.0,0.25
1607,0,4,1.0,0.0,0.0,0.5,0.0,0.0,0.25
1607,0,5,1.0,0.0,1.0,0.5,0.0,1.0,0.25
1607,0,6,1.0,1.0,0.0,0.5,1.0,0.0,0.25
1607,0,7,1.0,1.0,1.0,0.5,1.0,1.0,0.25
1607,0,8,0.0,0.0,0.0,0.0,0.5,0.0,0.25
1607,0,9,0.0,0.0,1.0,0.0,0.5,1.0,0.25
1607,0,10,0.0,1.0,0.0,0.0,0.5,0.0,0.25
1607,0,11,0.0,1.0,1.0,0.0,0.5,1.0,0.25
1607,0,12,1.0,0.0,0.0,1.0,0.5,0.0,0.25
1607,0,13,1.0,0.0,1.0,1.0,0.5,1.0,0.25
1607,0,14,1.0,1.0,0.0,1.0,0.5,0.0,0.25
1607,0,15,1.0,1.0,1.0,1.0,0.5,1.0,0.25
1607,0,16,0.0,0.0,0.0,0.0,0.0,0.5,0.25
1607,0,17,0.0,0.0,1.0,0.0,0.0,0.5,0.25
1607,0,18,0.0,1.0,0.0,0.0,1.0,0.5,0.25
1607,0,19,0.0,1.0,1.0,0.0,1.0,0.5,0.25
1607,0,20,1.0,0.0,0.0,1.0,0.0,0.5,0.25
1607,0,21,1.0,0.0,1.0,1.0,0.0,0.5,0.25
1607,0,22,1.0,1.0,0.0,1.0,1.0,0.5,0.25
1607,0,23,1.0,1.0,1.0,1.0,1.0,0.5,0.25
1607,0,24,0.0,0.0,0.0,0.5,0.5,0.0,0.5
1607,0,25,0.0,0.0,1.0,0.5,0.5,1.0,0.5
1607,0,26,0.0,1.0,0.0,0.5,0.5,0.0,0.5
1607,0,27,0.0,1.0,1.0,0.5,0.5,1.0,0.5
1607,0,28,1.0,0.0,0.0,0.5,0.5,0.0,0.5
1607,0,29,1.0,0.0,1.0,0.5,0.5,1.0,0.5
1607,0,30,1.0,1.0,0.0,0.5,0.5,0.0,0.5
1607,0,31,1.0,1.0,1.0,0.5,0.5,1.0,0.5
1607,0,32,0.0,0.0,0.0,0.5,0.0,0.5,0.5
1607,0,33,0.0,0.0,1.0,0.5,0.0,0.5,0.5
1607,0,34,0.0,1.0,0.0,0.5,1.0,0.5,0.5
1607,0,35,0.0,1.0,1.0,0.5,1.0,0.5,0.5
1607,0,36,1.0,0.0,0.0,0.5,0.0,0.5,0.5
1607,0,37,1.0,0.0,1.0,0.5,0.0,0.5,0.5
1607,0,38,1.0,1.0,0.0,0.5,1.0,0.5,0.5
1607,0,39,1.0,1.0,1.0,0.5,1.0,0.5,0.5
1607,0,40,0.5,0.0,0.0,0.0,0.5,0.0,0.5
1607,0,41,0.5,0.0,1.0,0.0,0.5,1.0,0.5
1607,0,42,0.5,1.0,0.0,0.0,0.5,0.0,0.5
1607,0,43,0.5,1.0,1.0,0.0,0.5,1.0,0.5
1607,0,44,0.5,0.0,0.0,1.0,0.5,0.0,0.5
1607,0,45,0.5,0.0,1.0,1.0,0.5,1.0,0.5
1607,0,46,0.5,1.0,0.0,1.0,0.5,0.0,0.5
1607,0,47,0.5,1.0,1.0,1.0,0.5,1.0,0.5
1607,0,48,0.5,0.0,0.0,0.0,0.0,0.5,0.5
1607,0,49,0.5,0.0,1.0,0.0,0.0,0.5,0.5
1607,0,50,0.5,1.0,0.0,0.0,1.0,0.5,0.5
1607,0,51,0.5,1.0,1.0,0.0,1.0,0.5,0.5
1607,0,52,0.5,0.0,0.0,1.0,0.0,0.5,0.5
1607,0,53,0.5,0.0,1.0,1.0,0.0,0.5,0.5
1607,0,54,0.5,1.0,0.0,1.0,1.0,0.5,0.5
1607,0,55,0.5,1.0,1.0,1.0,1.0,0.5,0.5
1607,1,0,0.0,0.0,0.0,0.5,0.0,0.0,0.25
1607,1,1,0.0,1.0,0.0,0.5,1.0,0.0,0.25
1607,1,2,0.0,0.0,1.0,0.5,0.0,1.0,0.25
1607,1,3,0.0,1.0,1.0,0.5,1.0,1.0,0.25
1607,1,4,1.0,0.0,0.0,0.5,0.0,0.0,0.25
1607,1,5,1.0,1.0,0.0,0.5,1.0,0.0,0.25
1607,1,6,1.0,0.0,1.0,0.5,0.0,1.0,0.25
1607,1,7,1.0,1.0,1.0,0.5,1.0,1.0,0.25
1607,1,8,0.0,0.0,0.0,0.0,0.0,0.5,0.25
1607,1,9,0.0,1.0,0.0,0.0,1.0,0.5,0.25
1607,1,10,0.0,0.0,1.0,0.0,0.0,0.5,0.25
1607,1,11,0.0,1.0,1.0,0.0,1.0,0.5,0.25
1607,1,12,1.0,0.0,0.0,1.0,0.0,0.5,0.25
1607,1,13,1.0,1.0,0.0,1.0,1.0,0.5,0.25
1607,1,14,1.0,0.0,1.0,1.0,0.0,0.5,0.25
1607,1,15,1.0,1.0,1.0,1.0,1.0,0.5,0.25
1607,1,16,0.0,0.0,0.0,0.0,0.5,0.0,0.25
1607,1,17,0.0,1.0,0.0,0.0,0.5,0.0,0.25
1607,1,18,0.0,0.0,1.0,0.0,0.5,1.0,0.25
1607,1,19,0.0,1.0,1.0,0.0,0.5,1.0,0.25
1607,1,20,1.0,0.0,0.0,1.0,0.5,0.0,0.25
1607,1,21,1.0,1.0,0.0,1.0,0.5,0.0,0.25
1607,1,22,1.0,0.0,1.0,1.0,0.5,1.0,0.25
1607,1,23,1.0,1.0,1.0,1.0,0.5,1.0,0.25
1607,1,24,0.0,0.0,0.0,0.5,0.0,0.5,0.5
1607,1,25,0.0,1.0,0.0,0.5,1.0,0.5,0.5
1607,1,26,0.0,0.0,1.0,0.5,0.0,0.5,0.5
1607,1,27,0.0,1.0,1.0,0.5,1.0,0.5,0.5
1607,1,28,1.0,0.0,0.0,0.5,0.0,0.5,0.5
1607,1,29,1.0,1.0,0.0,0.5,1.0,0.5,0.5
1607,1,30,1.0,0.0,1.0,0.5,0.0,0.5,0.5
1607,1,31,1.0,1.0,1.0,0.5,1.0,0.5,0.5
1607,1,32,0.0,0.0,0.0,0.5,0.5,0.0,0.5
1607,1,33,0.0,1.0,0.0,0.5,0.5,0.0,0.5
1607,1,34,0.0,0.0,1.0,0.5,0.5,1.0,0.5
1607,1,35,0.0,1.0,1.0,0.5,0.5,1.0,0.5
1607,1,36,1.0,0.0,0.0,0.5,0.5,0.0,0.5
1607,1,37,1.0,1.0,0.0,0.5,0.5,0.0,0.5
1607,1,38,1.0,0.0,1.0,0.5,0.5,1.0,0.5
1607,1,39,1.0,1.0,1.0,0.5,0.5,1.0,0.5
1607,1,40,0.5,0.0,0.0,0.0,0.0,0.5,0.5
1607,1,41,0.5,1.0,0.0,0.0,1.0,0.5,0.5
1607,1,42,0.5,0.0,1.0,0.0,0.0,0.5,0.5
1607,1,43,0.5,1.0,1.0,0.0,1.0,0.5,0.5
1607,1,44,0.5,0.0,0.0,1.0,0.0,0.5,0.5
1607,1,45,0.5,1.0,0.0,1.0,1.0,0.5,0.5
1607,1,46,0.5,0.0,1.0,1.0,0.0,0.5,0.5
1607,1,47,0.5,1.0,1.0,1.0,1.0,0.5,0.5
1607,1,48,0.5,0.0,0.0,0.0,0.5,0.0,0.5
1607,1,49,0.5,1.0,0.0,0.0,0.5,0.0,0.5
1607,1,50,0.5,0.0,1.0,0.0,0.5,1.0,0.5
1607,1,51,0.5,1.0,1.0,0.0,0.5,1.0,0.5
1607,1,52,0.5,0.0,0.0,1.0,0.5,0.0,0.5
1607,1,53,0.5,1.0,0.0,1.0,0.5,0.0,0.5
1607,1,54,0.5,0.0,1.0,1.0,0.5,1.0,0.5
1607,1,55,0.5,1.0,1.0,1.0,0.5,1.0,0.5
1684,2,0,0.0,0.0,0.0,0.0,0.5,0.0,0.25
1684,2,1,0.0,0.0,1.0,0.0,0.5,1.0,0.25
1684,2,2,1.0,0.0,0.0,1.0,0.5,0.0,0.25
1684,2,3,1.0,0.0,1.0,1.0,0.5,1.0,0.25
1684,2,4,0.0,1.0,0.0,0.0,0.5,0.0,0.25
1684,2,5,0.0,1.0,1.0,0.0,0.5,1.0,0.25
1684,2,6,1.0,1.0,0.0,1.0,0.5,0.0,0.25
1684,2,7,1.0,1.0,1.0,1.0,0.5,1.0,0.25
1684,2,8,0.0,0.0,0.0,0.5,0.0,0.0,0.25
1684,2,9,0.0,0.0,1.0,0.5,0.0,1.0,0.25
1684,2,10,1.0,0.0,0.0,0.5,0.0,0.0,0.25
1684,2,11,1.0,0.0,1.0,0.5,0.0,1.0,0.25
1684,2,12,0.0,1.0,0.0,0.5,1.0,0.0,0.25
1684,2,13,0.0,1.0,1.0,0.5,1.0,1.0,0.25
1684,2,14,1.0,1.0,0.0,0.5,1.0,0.0,0.25
1684,2,15,1.0,1.0,1.0,0.5,1.0,1.0,0.25
1684,2,16,0.0,0.0,0.0,0.0,0.0,0.5,0.25
1684,2,17,0.0,0.0,1.0,0.0,0.0,0.5,0.25
1684,2,18,1.0,0.0,0.0,1.0,0.0,0.5,0.25
1684,2,19,1.0,0.0,1.0,1.0,0.0,0.5,0.25
1684,2,20,0.0,1.0,0.0,0.0,1.0,0.5,0.25
1684,2,21,0.0,1.0,1.0,0.0,1.0,0.5,0.25
1684,2,22,1.0,1.0,0.0,1.0,1.0,0.5,0.25
1684,2,23,1.0,1.0,1.0,1.0,1.0,0.5,0.25
1684,2,24,0.0,0.0,0.0,0.5,0.5,0.0,0.5
1684,2,25,0.0,0.0,1.0,0.5,0.5,1.0,0.5
1684,2,26,1.0,0.0,0.0,0.5,0.5,0.0,0.5
1684,2,27,1.0,0.0,1.0,0.5,0.5,1.0,0.5
1684,2,28,0.0,1.0,0.0,0.5,0.5,0.0,0.5
1684,2,29,0.0,1.0,1.0,0.5,0.5,1.0,0.5
1684,2,30,1.0,1.0,0.0,0.5,0.5,0.0,0.5
1684,2,31,1.0,1.0,1.0,0.5,0.5,1.0,0.5
1684,2,32,0.0,0.0,0.0,0.0,0.5,0.5,0.5
1684,2,33,0.0,0.0,1.0,0.0,0.5,0.5,0.5
1684,2,34,1.0,0.0,0.0,1.0,0.5,0.5,0.5
1684,2,35,1.0,0.0,1.0,1.0,0.5,0.5,0.5
1684,2,36,0.0,1.0,0.0,0.0,0.5,0.5,0.5
1684,2,37,0.0,1.0,1.0,0.0,0.5,0.5,0.5
1684,2,38,1.0,1.0,0.0,1.0,0.5,0.5,0.5
1684,2,39,1.0,1.0,1.0,1.0,0.5,0.5,0.5
1684,2,40,0.0,0.5,0.0,0.5,0.0,0.0,0.5
1684,2,41,0.0,0.5,1.0,0.5,0.0,1.0,0.5
1684,2,42,1.0,0.5,0.0,0.5,0.0,0.0,0.5
1684,2,43,1.0,0.5,1.0,0.5,0.0,1.0,0.5
1684,2,44,0.0,0.5,0.0,0.5,1.0,0.0,0.5
1684,2,45,0.0,0.5,1.0,0.5,1.0,1.0,0.5
1684,2,46,1.0,0.5,0.0,0.5,1.0,0.0,0.5
1684,2,47,1.0,0.5,1.0,0.5,1.0,1.0,0.5
1684,2,48,0.0,0.0,0.5,0.5,0.5,0.5,1.0
1684,2,49,1.0,0.0,0.5,0.5,0.5,0.5,1.0
1684,2,50,0.0,1.0,0.5,0.5,0.5,0.5,1.0
1684,2,51,1.0,1.0,0.5,0.5,0.5,0.5,1.0
1684,2,52,0.0,0.5,0.5,0.5,0.0,0.5,1.0
1684,2,53,1.0,0.5,0.5,0.5,0.0,0.5,1.0
1684,2,54,0.0,0.5,0.5,0.5,1.0,0.5,1.0
1684,2,55,1.0,0.5,0.5,0.5,1.0,0.5,1.0
1684,4,0,0.0,0.0,0.0,0.0,0.0,0.5,0.25
1684,4,1,0.0,1.0,0.0,0.0,1.0,0.5,0.25
1684,4,2,1.0,0.0,0.0,1.0,0.0,0.5,0.25
1684,4,3,1.0,1.0,0.0,1.0,1.0,0.5,0.25
1684,4,4,0.0,0.0,1.0,0.0,0.0,0.5,0.25
1684,4,5,0.0,1.0,1.0,0.0,1.0,0.5,0.25
1684,4,6,1.0,0.0,1.0,1.0,0.0,0.5,0.25
1684,4,7,1.0,1.0,1.0,1.0,1.0,0.5,0.25
1684,4,8,0.0,0.0,0.0,0.5,0.0,0.0,0.25
1684,4,9,0.0,1.0,0.0,0.5,1.0,0.0,0.25
1684,4,10,1.0,0.0,0.0,0.5,0.0,0.0,0.25
1684,4,11,1.0,1.0,0.0,0.5,1.0,0.0,0.25
1684,4,12,0.0,0.0,1.0,0.5,0.0,1.0,0.25
1684,4,13,0.0,1.0,1.0,0.5,1.0,1.0,0.25
1684,4,14,1.0,0.0,1.0,0.5,0.0,1.0,0.25
1684,4,15,1.0,1.0,1.0,0.5,1.0,1.0,0.25
1684,4,16,0.0,0.0,0.0,0.0,0.5,0.0,0.25
1684,4,17,0.0,1.0,0.0,0.0,0.5,0.0,0.25
1684,4,18,1.0,0.0,0.0,1.0,0.5,0.0,0.25
1684,4,19,1.0,1.0,0.0,1.0,0.5,0.0,0.25
1684,4,20,0.0,0.0,1.0,0.0,0.5,1.0,0.25
1684,4,21,0.0,1.0,1.0,0.0,0.5,1.0,0.25
1684,4,22,1.0,0.0,1.0,1.0,0.5,1.0,0.25
1684,4,23,1.0,1.0,1.0,1.0,0.5,1.0,0.25
1684,4,24,0.0,0.0,0.0,0.5,0.0,0.5,0.5
1684,4,25,0.0,1.0,0.0,0.5,1.0,0.5,0.5
1684,4,26,1.0,0.0,0.0,0.5,0.0,0.5,0.5
1684,4,27,1.0,1.0,0.0,0.5,1.0,0.5,0.5
1684,4,28,0.0,0.0,1.0,0.5,0.0,0.5,0.5
1684,4,29,0.0,1.0,1.0,0.5,1.0,0.5,0.5
1684,4,30,1.0,0.0,1.0,0.5,0.0,0.5,0.5
1684,4,31,1.0,1.0,1.0,0.5,1.0,0.5,0.5
1684,4,32,0.0,0.0,0.0,0.0,0.5,0.5,0.5
1684,4,33,0.0,1.0,0.0,0.0,0.5,0.5,0.5
1684,4,34,1.0,0.0,0.0,1.0,0.5,0.5,0.5
1684,4,35,1.0,1.0,0.0,1.0,0.5,0.5,0.5
1684,4,36,0.0,0.0,1.0,0.0,0.5,0.5,0.5
1684,4,37,0.0,1.0,1.0,0.0,0.5,0.5,0.5
1684,4,38,1.0,0.0,1.0,1.0,0.5,0.5,0.5
1684,4,39,1.0,1.0,1.0,1.0,0.5,0.5,0.5
1684,4,40,0.0,0.0,0.5,0.5,0.0,0.0,0.5
1684,4,41,0.0,1.0,0.5,0.5,1.0,0.0,0.5
1684,4,42,1.0,0.0,0.5,0.5,0.0,0.0,0.5
1684,4,43,1.0,1.0,0.5,0.5,1.0,0.0,0.5
1684,4,44,0.0,0.0,0.5,0.5,0.0,1.0,0.5
1684,4,45,0.0,1.0,0.5,0.5,1.0,1.0,0.5
1684,4,46,1.0,0.0,0.5,0.5,0.0,1.0,0.5
1684,4,47,1.0,1.0,0.5,0.5,1.0,1.0,0.5
1684,4,48,0.0,0.5,0.0,0.5,0.5,0.5,1.0
1684,4,49,1.0,0.5,0.0,0.5,0.5,0.5,1.0
1684,4,50,0.0,0.5,1.0,0.5,0.5,0.5,1.0
1684,4,51,1.0,0.5,1.0,0.5,0.5,0.5,1.0
1684,4,52,0.0,0.5,0.5,0.5,0.5,0.0,1.0
1684,4,53,1.0,0.5,0.5,0.5,0.5,0.0,1.0
1684,4,54,0.0,0.5,0.5,0.5,0.5,1.0,1.0
1684,4,55,1.0,0.5,0.5,0.5,0.5,1.0,1.0
1759,4,0,0.0,0.0,0.0,0.0,0.0,0.5,0.25
1759,4,1,0.0,1.0,0.0,0.0,1.0,0.5,0.25
1759,4,2,1.0,0.0,0.0,1.0,0.0,0.5,0.25
1759,4,3,1.0,1.0,0.0,1.0,1.0,0.5,0.25
1759,4,4,0.0,0.0,1.0,0.0,0.0,0.5,0.25
1759,4,5,0.0,1.0,1.0,0.0,1.0,0.5,0.25
1759,4,6,1.0,0.0,1.0,1.0,0.0,0.5,0.25
1759,4,7,1.0,1.0,1.0,1.0,1.0,0.5,0.25
1759,4,8,0.0,0.0,0.0,0.5,0.0,0.0,0.25
1759,4,9,0.0,1.0,0.0,0.5,1.0,0.0,0.25
1759,4,10,1.0,0.0,0.0,0.5,0.0,0.0,0.25
1759,4,11,1.0,1.0,0.0,0.5,1.0,0.0,0.25
1759,4,12,0.0,0.0,1.0,0.5,0.0,1.0,0.25
1759,4,13,0.0,1.0,1.0,0.5,1.0,1.0,0.25
1759,4,14,1.0,0.0,1.0,0.5,0.0,1.0,0.25
1759,4,15,1.0,1.0,1.0,0.5,1.0,1.0,0.25
1759,4,16,0.0,0.0,0.0,0.0,0.5,0.0,0.25
1759,4,17,0.0,1.0,0.0,0.0,0.5,0.0,0.25
1759,4,18,1.0,0.0,0.0,1.0,0.5,0.0,0.25
1759,4,19,1.0,1.0,0.0,1.0,0.5,0.0,0.25
1759,4,20,0.0,0.0,1.0,0.0,0.5,1.0,0.25
1759,4,21,0.0,1.0,1.0,0.0,0.5,1.0,0.25
1759,4,22,1.0,0.0,1.0,1.0,0.5,1.0,0.25
1759,4,23,1.0,1.0,1.0,1.0,0.5,1.0,0.25
1759,4,24,0.0,0.0,0.0,0.5,0.0,0.5,0.5
1759,4,25,0.0,1.0,0.0,0.5,1.0,0.5,0.5
1759,4,26,1.0,0.0,0.0,0.5,0.0,0.5,0.5
1759,4,27,1.0,1.0,0.0,0.5,1.0,0.5,0.5
1759,4,28,0.0,0.0,1.0,0.5,0.0,0.5,0.5
1759,4,29,0.0,1.0,1.0,0.5,1.0,0.5,0.5
1759,4,30,1.0,0.0,1.0,0.5,0.0,0.5,0.5
1759,4,31,1.0,1.0,1.0,0.5,1.0,0.5,0.5
1759,4,32,0.0,0.0,0.0,0.0,0.5,0.5,0.5
1759,4,33,0.0,1.0,0.0,0.0,0.5,0.5,0.5
1759,4,34,1.0,0.0,0.0,1.0,0.5,0.5,0.5
1759,4,35,1.0,1.0,0.0,1.0,0.5,0.5,0.5
1759,4,36,0.0,0.0,1.0,0.0,0.5,0.5,0.5
1759,4,37,0.0,1.0,1.0,0.0,0.5,0.5,0.5
1759,4,38,1.0,0.0,1.0,1.0,0.5,0.5,0.5
1759,4,39,1.0,1.0,1.0,1.0,0.5,0.5,0.5
1759,4,40,0.0,0.0,0.5,0.5,0.0,0.5,0.5
1759,4,41,0.0,1.0,0.5,0.5,1.0,0.5,0.5
1759,4,42,1.0,0.0,0.5,0.5,0.0,0.5,0.5
1759,4,43,1.0,1.0,0.5,0.5,1.0,0.5,0.5
1759,4,44,0.0,0.5,0.0,0.5,0.5,0.0,0.5
1759,4,45,1.0,0.5,0.0,0.5,0.5,0.0,0.5
1759,4,46,0.0,0.5,1.0,0.5,0.5,1.0,0.5
1759,4,47,1.0,0.5,1.0,0.5,0.5,1.0,0.5
1759,4,48,0.0,0.5,0.5,0.5,0.5,0.5,1.0
1759,4,49,1.0,0.5,0.5,0.5,0.5,0.5,1.0
1919,0,0,0.0,0.0,0.0,0.5,0.0,0.0,0.25
1919,0,1,0.0,0.0,1.0,0.5,0.0,1.0,0.25
1919,0,2,0.0,1.0,0.0,0.5,1.0,0.0,0.25
1919,0,3,0.0,1.0,1.0,0.5,1.0,1.0,0.25
1919,0,4,1.0,0.0,0.0,0.5,0.0,0.0,0.25
1919,0,5,1.0,0.0,1.0,0.5,0.0,1.0,0.25
1919,0,6,1.0,1.0,0.0,0.5,1.0,0.0,0.25
1919,0,7,1.0,1.0,1.0,0.5,1.0,1.0,0.25
1919,0,8,0.0,0.0,0.0,0.0,0.5,0.0,0.25
1919,0,9,0.0,0.0,1.0,0.0,0.5,1.0,0.25
1919,0,10,0.0,1.0,0.0,0.0,0.5,0.0,0.25
1919,0,11,0.0,1.0,1.0,0.0,0.5,1.0,0.25
1919,0,12,1.0,0.0,0.0,1.0,0.5,0.0,0.25
1919,0,13,1.0,0.0,1.0,1.0,0.5,1.0,0.25
1919,0,14,1.0,1.0,0.0,1.0,0.5,0.0,0.25
1919,0,15,1.0,1.0,1.0,1.0,0.5,1.0,0.25
1919,0,16,0.0,0.0,0.0,0.0,0.0,0.5,0.25
1919,0,17,0.0,0.0,1.0,0.0,0.0,0.5,0.25
1919,0,18,0.0,1.0,0.0,0.0,1.0,0.5,0.25
1919,0,19,0.0,1.0,1.0,0.0,1.0,0.5,0.25
1919,0,20,1.0,0.0,0.0,1.0,0.0,0.5,0.25
1919,0,21,1.0,0.0,1.0,1.0,0.0,0.5,0.25
1919,0,22,1.0,1.0,0.0,1.0,1.0,0.5,0.25
1919,0,23,1.0,1.0,1.0,1.0,1.0,0.5,0.25
1919,0,24,0.0,0.0,0.0,0.5,0.5,0.0,0.5
1919,0,25,0.0,0.0,1.0,0.5,0.5,1.0,0.5
1919,0,26,0.0,1.0,0.0,0.5,0.5,0.0,0.5
1919,0,27,0.0,1.0,1.0,0.5,0.5,1.0,0.5
1919,0,28,1.0,0.0,0.0,0.5,0.5,0.0,0.5
1919,0,29,1.0,0.0,1.0,0.5,0.5,1.0,0.5
1919,0,30,1.0,1.0,0.0,0.5,0.5,0.0,0.5
1919,0,31,1.0,1.0,1.0,0.5,0.5,1.0,0.5
1919,0,32,0.0,0.0,0.0,0.5,0.0,0.5,0.5
1919,0,33,0.0,0.0,1.0,0.5,0.0,0.5,0.5
1919,0,34,0.0,1.0,0.0,0.5,1.0,0.5,0.5
1919,0,35,0.0,1.0,1.0,0.5,1.0,0.5,0.5
1919,0,36,1.0,0.0,0.0,0.5,0.0,0.5,0.5
1919,0,37,1.0,0.0,1.0,0.5,0.0,0.5,0.5
1919,0,38,1.0,1.0,0.0,0.5,1.0,0.5,0.5
1919,0,39,1.0,1.0,1.0,0.5,1.0,0.5,0.5
1919,0,40,0.0,0.5,0.0,0.5,0.5,0.0,0.5
1919,0,41,0.0,0.5,1.0,0.5,0.5,1.0,0.5
1919,0,42,1.0,0.5,0.0,0.5,0.5,0.0,0.5
1919,0,43,1.0,0.5,1.0,0.5,0.5,1.0,0.5
1919,0,44,0.0,0.0,0.5,0.5,0.0,0.5,0.5
1919,0,45,0.0,1.0,0.5,0.5,1.0,0.5,0.5
1919,0,46,1.0,0.0,0.5,0.5,0.0,0.5,0.5
1919,0,47,1.0,1.0,0.5,0.5,1.0,0.5,0.5
1919,1,0,0.0,0.0,0.0,0.5,0.0,0.0,0.25
1919,1,1,0.0,1.0,0.0,0.5,1.0,0.0,0.25
1919,1,2,0.0,0.0,1.0,0.5,0.0,1.0,0.25
1919,1,3,0.0,1.0,1.0,0.5,1.0,1.0,0.25
1919,1,4,1.0,0.0,0.0,0.5,0.0,0.0,0.25
1919,1,5,1.0,1.0,0.0,0.5,1.0,0.0,0.25
1919,1,6,1.0,0.0,1.0,0.5,0.0,1.0,0.25
1919,1,7,1.0,1.0,1.0,0.5,1.0,1.0,0.25
1919,1,8,0.0,0.0,0.0,0.0,0.0,0.5,0.25
1919,1,9,0.0,1.0,0.0,0.0,1.0,0.5,0.25
1919,1,10,0.0,0.0,1.0,0.0,0.0,0.5,0.25
1919,1,11,0.0,1.0,1.0,0.0,1.0,0.5,0.25
1919,1,12,1.0,0.0,0.0,1.0,0.0,0.5,0.25
1919,1,13,1.0,1.0,0.0,1.0,1.0,0.5,0.25
1919,1,14,1.0,0.0,1.0,1.0,0.0,0.5,0.25
1919,1,15,1.0,1.0,1.0,1.0,1.0,0.5,0.25
1919,1,16,0.0,0.0,0.0,0.0,0.5,0.0,0.25
1919,1,17,0.0,1.0,0.0,0.0,0.5,0.0,0.25
1919,1,18,0.0,0.0,1.0,0.0,0.5,1.0,0.25
1919,1,19,0.0,1.0,1.0,0.0,0.5,1.0,0.25
1919,1,20,1.0,0.0,0.0,1.0,0.5,0.0,0.25
1919,1,21,1.0,1.0,0.0,1.0,0.5,0.0,0.25
1919,1,22,1.0,0.0,1.0,1.0,0.5,1.0,0.25
1919,1,23,1.0,1.0,1.0,1.0,0.5,1.0,0.25
1919,1,24,0.0,0.0,0.0,0.5,0.0,0.5,0.5
1919,1,25,0.0,1.0,0.0,0.5,1.0,0.5,0.5
1919,1,26,0.0,0.0,1.0,0.5,0.0,0.5,0.5
1919,1,27,0.0,1.0,1.0,0.5,1.0,0.5,0.5
1919,1,28,1.0,0.0,0.0,0.5,0.0,0.5,0.5
1919,1,29,1.0,1.0,0.0,0.5,1.0,0.5,0.5
1919,1,30,1.0,0.0,1.0,0.5,0.0,0.5,0.5
1919,1,31,1.0,1.0,1.0,0.5,1.0,0.5,0.5
1919,1,32,0.0,0.0,0.0,0.5,0.5,0.0,0.5
1919,1,33,0.0,1.0,0.0,0.5,0.5,0.0,0.5
1919,1,34,0.0,0.0,1.0,0.5,0.5,1.0,0.5
1919,1,35,0.0,1.0,1.0,0.5,0.5,1.0,0.5
1919,1,36,1.0,0.0,0.0,0.5,0.5,0.0,0.5
1919,1,37,1.0,1.0,0.0,0.5,0.5,0.0,0.5
1919,1,38,1.0,0.0,1.0,0.5,0.5,1.0,0.5
1919,1,39,1.0,1.0,1.0,0.5,0.5,1.0,0.5
1919,1,40,0.0,0.0,0.5,0.5,0.0,0.5,0.5
1919,1,41,0.0,1.0,0.5,0.5,1.0,0.5,0.5
1919,1,42,1.0,0.0,0.5,0.5,0.0,0.5,0.5
1919,1,43,1.0,1.0,0.5,0.5,1.0,0.5,0.5
1919,1,44,0.0,0.5,0.0,0.5,0.5,0.0,0.5
1919,1,45,0.0,0.5,1.0,0.5,0.5,1.0,0.5
1919,1,46,1.0,0.5,0.0,0.5,0.5,0.0,0.5
1919,1,47,1.0,0.5,1.0,0.5,0.5,1.0,0.5
2635,0,0,0.0,0.0,0.0,0.5,0.0,0.0,0.25
2635,0,1,0.0,0.0,1.0,0.5,0.0,1.0,0.25
2635,0,2,0.0,1.0,0.0,0.5,1.0,0.0,0.25
2635,0,3,0.0,1.0,1.0,0.5,1.0,1.0,0.25
2635,0,4,1.0,0.0,0.0,0.5,0.0,0.0,0.25
2635,0,5,1.0,0.0,1.0,0.5,0.0,1.0,0.25
2635,0,6,1.0,1.0,0.0,0.5,1.0,0.0,0.25
2635,0,7,1.0,1.0,1.0,0.5,1.0,1.0,0.25
2635,0,8,0.0,0.0,0.0,0.0,0.5,0.0,0.25
2635,0,9,0.0,0.0,1.0,0.0,0.5,1.0,0.25
2635,0,10,0.0,1.0,0.0,0.0,0.5,0.0,0.25
2635,0,11,0.0,1.0,1.0,0.0,0.5,1.0,0.25
2635,0,12,1.0,0.0,0.0,1.0,0.5,0.0,0.25
2635,0,13,1.0,0.0,1.0,1.0,0.5,1.0,0.25
2635,0,14,1.0,1.0,0.0,1.0,0.5,0.0,0.25
2635,0,15,1.0,1.0,1.0,1.0,0.5,1.0,0.25
2635,0,16,0.0,0.0,0.0,0.0,0.0,0.5,0.25
2635,0,17,0.0,0.0,1.0,0.0,0.0,0.5,0.25
2635,0,18,0.0,1.0,0.0,0.0,1.0,0.5,0.25
2635,0,19,0.0,1.0,1.0,0.0,1.0,0.5,0.25
2635,0,20,1.0,0.0,0.0,1.0,0.0,0.5,0.25
2635,0,21,1.0,0.0,1.0,1.0,0.0,0.5,0.25
2635,0,22,1.0,1.0,0.0,1.0,1.0,0.5,0.25
2635,0,23,1.0,1.0,1.0,1.0,1.0,0.5,0.25
2635,0,24,0.0,0.0,0.0,0.5,0.5,0.0,0.5
2635,0,25,0.0,0.0,1.0,0.5,0.5,1.0,0.5
2635,0,26,0.0,1.0,0.0,0.5,0.5,0.0,0.5
2635,0,27,0.0,1.0,1.0,0.5,0.5,1.0,0.5
2635,0,28,1.0,0.0,0.0,0.5,0.5,0.0,0.5
2635,0,29,1.0,0.0,1.0,0.5,0.5,1.0,0.5
2635,0,30,1.0,1.0,0.0,0.5,0.5,0.0,0.5
2635,0,31,1.0,1.0,1.0,0.5,0.5,1.0,0.5
2635,0,32,0.5,0.0,0.0,0.0,0.5,0.0,0.5
2635,0,33,0.5,0.0,1.0,0.0,0.5,1.0,0.5
2635,0,34,0.5,1.0,0.0,0.0,0.5,0.0,0.5
2635,0,35,0.5,1.0,1.0,0.0,0.5,1.0,0.5
2635,0,36,0.5,0.0,0.0,1.0,0.5,0.0,0.5
2635,0,37,0.5,0.0,1.0,1.0,0.5,1.0,0.5
2635,0,38,0.5,1.0,0.0,1.0,0.5,0.0,0.5
2635,0,39,0.5,1.0,1.0,1.0,0.5,1.0,0.5
2635,0,40,0.5,0.0,0.0,0.0,0.0,0.5,0.5
2635,0,41,0.5,0.0,1.0,0.0,0.0,0.5,0.5
2635,0,42,0.5,1.0,0.0,0.0,1.0,0.5,0.5
2635,0,43,0.5,1.0,1.0,0.0,1.0,0.5,0.5
2635,0,44,0.5,0.0,0.0,1.0,0.0,0.5,0.5
2635,0,45,0.5,0.0,1.0,1.0,0.0,0.5,0.5
2635,0,46,0.5,1.0,0.0,1.0,1.0,0.5,0.5
2635,0,47,0.5,1.0,1.0,1.0,1.0,0.5,0.5
2635,0,48,0.0,0.5,0.0,0.5,0.5,0.5,1.0
2635,0,49,0.0,0.5,1.0,0.5,0.5,0.5,1.0
2635,0,50,1.0,0.5,0.0,0.5,0.5,0.5,1.0
2635,0,51,1.0,0.5,1.0,0.5,0.5,0.5,1.0
2635,0,52,0.0,0.0,0.5,0.5,0.5,0.5,1.0
2635,0,53,0.0,1.0,0.5,0.5,0.5,0.5,1.0
2635,0,54,1.0,0.0,0.5,0.5,0.5,0.5,1.0
2635,0,55,1.0,1.0,0.5,0.5,0.5,0.5,1.0
2678,4,0,0.0,0.0,0.0,0.0,0.0,0.5,0.25
2678,4,1,0.0,1.0,0.0,0.0,1.0,0.5,0.25
2678,4,2,1.0,0.0,0.0,1.0,0.0,0.5,0.25
2678,4,3,1.0,1.0,0.0,1.0,1.0,0.5,0.25
2678,4,4,0.0,0.0,1.0,0.0,0.0,0.5,0.25
2678,4,5,0.0,1.0,1.0,0.0,1.0,0.5,0.25
2678,4,6,1.0,0.0,1.0,1.0,0.0,0.5,0.25
2678,4,7,1.0,1.0,1.0,1.0,1.0,0.5,0.25
2678,4,8,0.0,0.0,0.0,0.5,0.0,0.0,0.25
2678,4,9,0.0,1.0,0.0,0.5,1.0,0.0,0.25
2678,4,10,1.0,0.0,0.0,0.5,0.0,0.0,0.25
2678,4,11,1.0,1.0,0.0,0.5,1.0,0.0,0.25
2678,4,12,0.0,0.0,1.0,0.5,0.0,1.0,0.25
2678,4,13,0.0,1.0,1.0,0.5,1.0,1.0,0.25
2678,4,14,1.0,0.0,1.0,0.5,0.0,1.0,0.25
2678,4,15,1.0,1.0,1.0,0.5,1.0,1.0,0.25
2678,4,16,0.0,0.0,0.0,0.0,0.5,0.0,0.25
2678,4,17,0.0,1.0,0.0,0.0,0.5,0.0,0.25
2678,4,18,1.0,0.0,0.0,1.0,0.5,0.0,0.25
2678,4,19,1.0,1.0,0.0,1.0,0.5,0.0,0.25
2678,4,20,0.0,0.0,1.0,0.0,0.5,1.0,0.25
2678,4,21,0.0,1.0,1.0,0.0,0.5,1.0,0.25
2678,4,22,1.0,0.0,1.0,1.0,0.5,1.0,0.25
2678,4,23,1.0,1.0,1.0,1.0,0.5,1.0,0.25
2678,4,24,0.0,0.0,0.0,0.5,0.0,0.5,0.5
2678,4,25,0.0,1.0,0.0,0.5,1.0,0.5,0.5
2678,4,26,1.0,0.0,0.0,0.5,0.0,0.5,0.5
2678,4,27,1.0,1.0,0.0,0.5,1.0,0.5,0.5
2678,4,28,0.0,0.0,1.0,0.5,0.0,0.5,0.5
2678,4,29,0.0,1.0,1.0,0.5,1.0,0.5,0.5
2678,4,30,1.0,0.0,1.0,0.5,0.0,0.5,0.5
2678,4,31,1.0,1.0,1.0,0.5,1.0,0.5,0.5
2678,4,32,0.0,0.0,0.5,0.5,0.0,0.0,0.5
2678,4,33,0.0,1.0,0.5,0.5,1.0,0.0,0.5
2678,4,34,1.0,0.0,0.5,0.5,0.0,0.0,0.5
2678,4,35,1.0,1.0,0.5,0.5,1.0,0.0,0.5
2678,4,36,0.0,0.0,0.5,0.5,0.0,1.0,0.5
2678,4,37,0.0,1.0,0.5,0.5,1.0,1.0,0.5
2678,4,38,1.0,0.0,0.5,0.5,0.0,1.0,0.5
2678,4,39,1.0,1.0,0.5,0.5,1.0,1.0,0.5
2678,4,40,0.0,0.0,0.5,0.5,0.0,0.5,0.5
2678,4,41,0.0,1.0,0.5,0.5,1.0,0.5,0.5
2678,4,42,1.0,0.0,0.5,0.5,0.0,0.5,0.5
2678,4,43,1.0,1.0,0.5,0.5,1.0,0.5,0.5
2678,4,44,0.0,0.0,0.5,0.5,0.5,0.5,1.0
2678,4,45,0.0,1.0,0.5,0.5,0.5,0.5,1.0
2678,4,46,1.0,0.0,0.5,0.5,0.5,0.5,1.0
2678,4,47,1.0,1.0,0.5,0.5,0.5,0.5,1.0
2678,4,48,0.0,0.5,0.0,0.5,0.5,0.5,1.0
2678,4,49,1.0,0.5,0.0,0.5,0.5,0.5,1.0
2678,4,50,0.0,0.5,1.0,0.5,0.5,0.5,1.0
2678,4,51,1.0,0.5,1.0,0.5,0.5,0.5,1.0
2684,0,0,0.0,0.0,0.0,0.5,0.0,0.0,0.25
2684,0,1,0.0,0.0,1.0,0.5,0.0,1.0,0.25
2684,0,2,0.0,1.0,0.0,0.5,1.0,0.0,0.25
2684,0,3,0.0,1.0,1.0,0.5,1.0,1.0,0.25
2684,0,4,1.0,0.0,0.0,0.5,0.0,0.0,0.25
2684,0,5,1.0,0.0,1.0,0.5,0.0,1.0,0.25
2684,0,6,1.0,1.0,0.0,0.5,1.0,0.0,0.25
2684,0,7,1.0,1.0,1.0,0.5,1.0,1.0,0.25
2684,0,8,0.0,0.0,0.0,0.0,0.5,0.0,0.25
2684,0,9,0.0,0.0,1.0,0.0,0.5,1.0,0.25
2684,0,10,0.0,1.0,0.0,0.0,0.5,0.0,0.25
2684,0,11,0.0,1.0,1.0,0.0,0.5,1.0,0.25
2684,0,12,1.0,0.0,0.0,1.0,0.5,0.0,0.25
2684,0,13,1.0,0.0,1.0,1.0,0.5,1.0,0.25
2684,0,14,1.0,1.0,0.0,1.0,0.5,0.0,0.25
2684,0,15,1.0,1.0,1.0,1.0,0.5,1.0,0.25
2684,0,16,0.0,0.0,0.0,0.0,0.0,0.5,0.25
2684,0,17,0.0,0.0,1.0,0.0,0.0,0.5,0.25
2684,0,18,0.0,1.0,0.0,0.0,1.0,0.5,0.25
2684,0,19,0.0,1.0,1.0,0.0,1.0,0.5,0.25
2684,0,20,1.0,0.0,0.0,1.0,0.0,0.5,0.25
2684,0,21,1.0,0.0,1.0,1.0,0.0,0.5,0.25
2684,0,22,1.0,1.0,0.0,1.0,1.0,0.5,0.25
2684,0,23,1.0,1.0,1.0,1.0,1.0,0.5,0.25
2684,0,24,0.0,0.0,0.0,0.5,0.5,0.0,0.5
2684,0,25,0.0,0.0,1.0,0.5,0.5,1.0,0.5
2684,0,26,0.0,1.0,0.0,0.5,0.5,0.0,0.5
2684,0,27,0.0,1.0,1.0,0.5,0.5,1.0,0.5
2684,0,28,1.0,0.0,0.0,0.5,0.5,0.0,0.5
2684,0,29,1.0,0.0,1.0,0.5,0.5,1.0,0.5
2684,0,30,1.0,1.0,0.0,0.5,0.5,0.0,0.5
2684,0,31,1.0,1.0,1.0,0.5,0.5,1.0,0.5
2684,0,32,0.5,0.0,0.0,0.0,0.5,0.0,0.5
2684,0,33,0.5,0.0,1.0,0.0,0.5,1.0,0.5
2684,0,34,0.5,1.0,0.0,0.0,0.5,0.0,0.5
2684,0,35,0.5,1.0,1.0,0.0,0.5,1.0,0.5
2684,0,36,0.5,0.0,0.0,1.0,0.5,0.0,0.5
2684,0,37,0.5,0.0,1.0,1.0,0.5,1.0,0.5
2684,0,38,0.5,1.0,0.0,1.0,0.5,0.0,0.5
2684,0,39,0.5,1.0,1.0,1.0,0.5,1.0,0.5
2684,0,40,0.5,0.0,0.0,0.5,0.5,0.0,0.5
2684,0,41,0.5,0.0,1.0,0.5,0.5,1.0,0.5
2684,0,42,0.5,1.0,0.0,0.5,0.5,0.0,0.5
2684,0,43,0.5,1.0,1.0,0.5,0.5,1.0,0.5
2684,0,44,0.0,0.5,0.0,0.5,0.5,0.0,0.5
2684,0,45,0.0,0.5,1.0,0.5,0.5,1.0,0.5
2684,0,46,1.0,0.5,0.0,0.5,0.5,0.0,0.5
2684,0,47,1.0,0.5,1.0,0.5,0.5,1.0,0.5
2684,1,0,0.0,0.0,0.0,0.5,0.0,0.0,0.25
2684,1,1,0.0,1.0,0.0,0.5,1.0,0.0,0.25
2684,1,2,0.0,0.0,1.0,0.5,0.0,1.0,0.25
2684,1,3,0.0,1.0,1.0,0.5,1.0,1.0,0.25
2684,1,4,1.0,0.0,0.0,0.5,0.0,0.0,0.25
2684,1,5,1.0,1.0,0.0,0.5,1.0,0.0,0.25
2684,1,6,1.0,0.0,1.0,0.5,0.0,1.0,0.25
2684,1,7,1.0,1.0,1.0,0.5,1.0,1.0,0.25
2684,1,8,0.0,0.0,0.0,0.0,0.0,0.5,0.25
2684,1,9,0.0,1.0,0.0,0.0,1.0,0.5,0.25
2684,1,10,0.0,0.0,1.0,0.0,0.0,0.5,0.25
2684,1,11,0.0,1.0,1.0,0.0,1.0,0.5,0.25
2684,1,12,1.0,0.0,0.0,1.0,0.0,0.5,0.25
2684,1,13,1.0,1.0,0.0,1.0,1.0,0.5,0.25
2684,1,14,1.0,0.0,1.0,1.0,0.0,0.5,0.25
2684,1,15,1.0,1.0,1.0,1.0,1.0,0.5,0.25
2684,1,16,0.0,0.0,0.0,0.0,0.5,0.0,0.25
2684,1,17,0.0,1.0,0.0,0.0,0.5,0.0,0.25
2684,1,18,0.0,0.0,1.0,0.0,0.5,1.0,0.25
2684,1,19,0.0,1.0,1.0,0.0,0.5,1.0,0.25
2684,1,20,1.0,0.0,0.0,1.0,0.5,0.0,0.25
2684,1,21,1.0,1.0,0.0,1.0,0.5,0.0,0.25
2684,1,22,1.0,0.0,1.0,1.0,0.5,1.0,0.25
2684,1,23,1.0,1.0,1.0,1.0,0.5,1.0,0.25
2684,1,24,0.0,0.0,0.0,0.5,0.0,0.5,0.5
2684,1,25,0.0,1.0,0.0,0.5,1.0,0.5,0.5
2684,1,26,0.0,0.0,1.0,0.5,0.0,0.5,0.5
2684,1,27,0.0,1.0,1.0,0.5,1.0,0.5,0.5
2684,1,28,1.0,0.0,0.0,0.5,0.0,0.5,0.5
2684,1,29,1.0,1.0,0.0,0.5,1.0,0.5,0.5
2684,1,30,1.0,0.0,1.0,0.5,0.0,0.5,0.5
2684,1,31,1.0,1.0,1.0,0.5,1.0,0.5,0.5
2684,1,32,0.5,0.0,0.0,0.0,0.0,0.5,0.5
2684,1,33,0.5,1.0,0.0,0.0,1.0,0.5,0.5
2684,1,34,0.5,0.0,1.0,0.0,0.0,0.5,0.5
2684,1,35,0.5,1.0,1.0,0.0,1.0,0.5,0.5
2684,1,36,0.5,0.0,0.0,1.0,0.0,0.5,0.5
2684,1,37,0.5,1.0,0.0,1.0,1.0,0.5,0.5
2684,1,38,0.5,0.0,1.0,1.0,0.0,0.5,0.5
2684,1,39,0.5,1.0,1.0,1.0,1.0,0.5,0.5
2684,1,40,0.5,0.0,0.0,0.5,0.0,0.5,0.5
2684,1,41,0.5,1.0,0.0,0.5,1.0,0.5,0.5
2684,1,42,0.5,0.0,1.0,0.5,0.0,0.5,0.5
2684,1,43,0.5,1.0,1.0,0.5,1.0,0.5,0.5
2684,1,44,0.0,0.0,0.5,0.5,0.0,0.5,0.5
2684,1,45,0.0,1.0,0.5,0.5,1.0,0.5,0.5
2684,1,46,1.0,0.0,0.5,0.5,0.0,0.5,0.5
2684,1,47,1.0,1.0,0.5,0.5,1.0,0.5,0.5
2684,4,0,0.0,0.0,0.0,0.0,0.0,0.5,0.25
2684,4,1,0.0,1.0,0.0,0.0,1.0,0.5,0.25
2684,4,2,1.0,0.0,0.0,1.0,0.0,0.5,0.25
2684,4,3,1.0,1.0,0.0,1.0,1.0,0.5,0.25
2684,4,4,0.0,0.0,1.0,0.0,0.0,0.5,0.25
2684,4,5,0.0,1.0,1.0,0.0,1.0,0.5,0.25
2684,4,6,1.0,0.0,1.0,1.0,0.0,0.5,0.25
2684,4,7,1.0,1.0,1.0,1.0,1.0,0.5,0.25
2684,4,8,0.0,0.0,0.0,0.5,0.0,0.0,0.25
2684,4,9,0.0,1.0,0.0,0.5,1.0,0.0,0.25
2684,4,10,1.0,0.0,0.0,0.5,0.0,0.0,0.25
2684,4,11,1.0,1.0,0.0,0.5,1.0,0.0,0.25
2684,4,12,0.0,0.0,1.0,0.5,0.0,1.0,0.25
2684,4,13,0.0,1.0,1.0,0.5,1.0,1.0,0.25
2684,4,14,1.0,0.0,1.0,0.5,0.0,1.0,0.25
2684,4,15,1.0,1.0,1.0,0.5,1.0,1.0,0.25
2684,4,16,0.0,0.0,0.0,0.0,0.5,0.0,0.25
2684,4,17,0.0,1.0,0.0,0.0,0.5,0.0,0.25
2684,4,18,1.0,0.0,0.0,1.0,0.5,0.0,0.25
2684,4,19,1.0,1.0,0.0,1.0,0.5,0.0,0.25
2684,4,20,0.0,0.0,1.0,0.0,0.5,1.0,0.25
2684,4,21,0.0,1.0,1.0,0.0,0.5,1.0,0.25
2684,4,22,1.0,0.0,1.0,1.0,0.5,1.0,0.25
2684,4,23,1.0,1.0,1.0,1.0,0.5,1.0,0.25
2684,4,24,0.0,0.0,0.0,0.5,0.0,0.5,0.5
2684,4,25,0.0,1.0,0.0,0.5,1.0,0.5,0.5
2684,4,26,1.0,0.0,0.0,0.5,0.0,0.5,0.5
2684,4,27,1.0,1.0,0.0,0.5,1.0,0.5,0.5
2684,4,28,0.0,0.0,1.0,0.5,0.0,0.5,0.5
2684,4,29,0.0,1.0,1.0,0.5,1.0,0.5,0.5
2684,4,30,1.0,0.0,1.0,0.5,0.0,0.5,0.5
2684,4,31,1.0,1.0,1.0,0.5,1.0,0.5,0.5
2684,4,32,0.0,0.0,0.5,0.5,0.0,0.0,0.5
2684,4,33,0.0,1.0,0.5,0.5,1.0,0.0,0.5
2684,4,34,1.0,0.0,0.5,0.5,0.0,0.0,0.5
2684,4,35,1.0,1.0,0.5,0.5,1.0,0.0,0.5
2684,4,36,0.0,0.0,0.5,0.5,0.0,1.0,0.5
2684,4,37,0.0,1.0,0.5,0.5,1.0,1.0,0.5
2684,4,38,1.0,0.0,0.5,0.5,0.0,1.0,0.5
2684,4,39,1.0,1.0,0.5,0.5,1.0,1.0,0.5
2684,4,40,0.0,0.0,0.5,0.5,0.0,0.5,0.5
2684,4,41,0.0,1.0,0.5,0.5,1.0,0.5,0.5
2684,4,42,1.0,0.0,0.5,0.5,0.0,0.5,0.5
2684,4,43,1.0,1.0,0.5,0.5,1.0,0.5,0.5
2684,4,44,0.5,0.0,0.0,0.5,0.0,0.5,0.5
2684,4,45,0.5,1.0,0.0,0.5,1.0,0.5,0.5
2684,4,46,0.5,0.0,1.0,0.5,0.0,0.5,0.5
2684,4,47,0.5,1.0,1.0,0.5,1.0,0.5,0.5
2684,5,0,0.0,0.0,0.0,0.0,0.0,0.5,0.25
2684,5,1,1.0,0.0,0.0,1.0,0.0,0.5,0.25
2684,5,2,0.0,1.0,0.0,0.0,1.0,0.5,0.25
2684,5,3,1.0,1.0,0.0,1.0,1.0,0.5,0.25
2684,5,4,0.0,0.0,1.0,0.0,0.0,0.5,0.25
2684,5,5,1.0,0.0,1.0,1.0,0.0,0.5,0.25
2684,5,6,0.0,1.0,1.0,0.0,1.0,0.5,0.25
2684,5,7,1.0,1.0,1.0,1.0,1.0,0.5,0.25
2684,5,8,0.0,0.0,0.0,0.0,0.5,0.0,0.25
2684,5,9,1.0,0.0,0.0,1.0,0.5,0.0,0.25
2684,5,10,0.0,1.0,0.0,0.0,0.5,0.0,0.25
2684,5,11,1.0,1.0,0.0,1.0,0.5,0.0,0.25
2684,5,12,0.0,0.0,1.0,0.0,0.5,1.0,0.25
2684,5,13,1.0,0.0,1.0,1.0,0.5,1.0,0.25
2684,5,14,0.0,1.0,1.0,0.0,0.5,1.0,0.25
2684,5,15,1.0,1.0,1.0,1.0,0.5,1.0,0.25
2684,5,16,0.0,0.0,0.0,0.5,0.0,0.0,0.25
2684,5,17,1.0,0.0,0.0,0.5,0.0,0.0,0.25
2684,5,18,0.0,1.0,0.0,0.5,1.0,0.0,0.25
2684,5,19,1.0,1.0,0.0,0.5,1.0,0.0,0.25
2684,5,20,0.0,0.0,1.0,0.5,0.0,1.0,0.25
2684,5,21,1.0,0.0,1.0,0.5,0.0,1.0,0.25
2684,5,22,0.0,1.0,1.0,0.5,1.0,1.0,0.25
2684,5,23,1.0,1.0,1.0,0.5,1.0,1.0,0.25
2684,5,24,0.0,0.0,0.0,0.0,0.5,0.5,0.5
2684,5,25,1.0,0.0,0.0,1.0,0.5,0.5,0.5
2684,5,26,0.0,1.0,0.0,0.0,0.5,0.5,0.5
2684,5,27,1.0,1.0,0.0,1.0,0.5,0.5,0.5
2684,5,28,0.0,0.0,1.0,0.0,0.5,0.5,0.5
2684,5,29,1.0,0.0,1.0,1.0,0.5,0.5,0.5
2684,5,30,0.0,1.0,1.0,0.0,0.5,0.5,0.5
2684,5,31,1.0,1.0,1.0,1.0,0.5,0.5,0.5
2684,5,32,0.0,0.0,0.5,0.0,0.5,0.0,0.5
2684,5,33,1.0,0.0,0.5,1.0,0.5,0.0,0.5
2684,5,34,0.0,1.0,0.5,0.0,0.5,0.0,0.5
2684,5,35,1.0,1.0,0.5,1.0,0.5,0.0,0.5
2684,5,36,0.0,0.0,0.5,0.0,0.5,1.0,0.5
2684,5,37,1.0,0.0,0.5,1.0,0.5,1.0,0.5
2684,5,38,0.0,1.0,0.5,0.0,0.5,1.0,0.5
2684,5,39,1.0,1.0,0.5,1.0,0.5,1.0,0.5
2684,5,40,0.0,0.0,0.5,0.0,0.5,0.5,0.5
2684,5,41,1.0,0.0,0.5,1.0,0.5,0.5,0.5
2684,5,42,0.0,1.0,0.5,0.0,0.5,0.5,0.5
2684,5,43,1.0,1.0,0.5,1.0,0.5,0.5,0.5
2684,5,44,0.0,0.5,0.0,0.0,0.5,0.5,0.5
2684,5,45,1.0,0.5,0.0,1.0,0.5,0.5,0.5
2684,5,46,0.0,0.5,1.0,0.0,0.5,0.5,0.5
2684,5,47,1.0,0.5,1.0,1.0,0.5,0.5,0.5
2822,1,0,0.0,0.0,0.0,0.5,0.0,0.0,0.25
2822,1,1,0.0,1.0,0.0,0.5,1.0,0.0,0.25
2822,1,2,0.0,0.0,1.0,0.5,0.0,1.0,0.25
2822,1,3,0.0,1.0,1.0,0.5,1.0,1.0,0.25
2822,1,4,1.0,0.0,0.0,0.5,0.0,0.0,0.25
2822,1,5,1.0,1.0,0.0,0.5,1.0,0.0,0.25
2822,1,6,1.0,0.0,1.0,0.5,0.0,1.0,0.25
2822,1,7,1.0,1.0,1.0,0.5,1.0,1.0,0.25
2822,1,8,0.0,0.0,0.0,0.0,0.0,0.5,0.25
2822,1,9,0.0,1.0,0.0,0.0,1.0,0.5,0.25
2822,1,10,0.0,0.0,1.0,0.0,0.0,0.5,0.25
2822,1,11,0.0,1.0,1.0,0.0,1.0,0.5,0.25
2822,1,12,1.0,0.0,0.0,1.0,0.0,0.5,0.25
2822,1,13,1.0,1.0,0.0,1.0,1.0,0.5,0.25
2822,1,14,1.0,0.0,1.0,1.0,0.0,0.5,0.25
2822,1,15,1.0,1.0,1.0,1.0,1.0,0.5,0.25
2822,1,16,0.0,0.0,0.0,0.0,0.5,0.0,0.25
2822,1,17,0.0,1.0,0.0,0.0,0.5,0.0,0.25
2822,1,18,0.0,0.0,1.0,0.0,0.5,1.0,0.25
2822,1,19,0.0,1.0,1.0,0.0,0.5,1.0,0.25
2822,1,20,1.0,0.0,0.0,1.0,0.5,0.0,0.25
2822,1,21,1.0,1.0,0.0,1.0,0.5,0.0,0.25
2822,1,22,1.0,0.0,1.0,1.0,0.5,1.0,0.25
2822,1,23,1.0,1.0,1.0,1.0,0.5,1.0,0.25
2822,1,24,0.0,0.0,0.0,0.5,0.0,0.5,0.5
2822,1,25,0.0,1.0,0.0,0.5,1.0,0.5,0.5
2822,1,26,0.0,0.0,1.0,0.5,0.0,0.5,0.5
2822,1,27,0.0,1.0,1.0,0.5,1.0,0.5,0.5
2822,1,28,1.0,0.0,0.0,0.5,0.0,0.5,0.5
2822,1,29,1.0,1.0,0.0,0.5,1.0,0.5,0.5
2822,1,30,1.0,0.0,1.0,0.5,0.0,0.5,0.5
2822,1,31,1.0,1.0,1.0,0.5,1.0,0.5,0.5
2822,1,32,0.5,0.0,0.0,0.0,0.0,0.5,0.5
2822,1,33,0.5,1.0,0.0,0.0,1.0,0.5,0.5
2822,1,34,0.5,0.0,1.0,0.0,0.0,0.5,0.5
2822,1,35,0.5,1.0,1.0,0.0,1.0,0.5,0.5
2822,1,36,0.5,0.0,0.0,1.0,0.0,0.5,0.5
2822,1,37,0.5,1.0,0.0,1.0,1.0,0.5,0.5
2822,1,38,0.5,0.0,1.0,1.0,0.0,0.5,0.5
2822,1,39,0.5,1.0,1.0,1.0,1.0,0.5,0.5
2822,1,40,0.5,0.0,0.0,0.0,0.5,0.5,1.0
2822,1,41,0.5,1.0,0.0,0.0,0.5,0.5,1.0
2822,1,42,0.5,0.0,1.0,0.0,0.5,0.5,1.0
2822,1,43,0.5,1.0,1.0,0.0,0.5,0.5,1.0
2822,1,44,0.5,0.0,0.0,1.0,0.5,0.5,1.0
2822,1,45,0.5,1.0,0.0,1.0,0.5,0.5,1.0
2822,1,46,0.5,0.0,1.0,1.0,0.5,0.5,1.0
2822,1,47,0.5,1.0,1.0,1.0,0.5,0.5,1.0
2822,1,48,0.0,0.5,0.0,0.5,0.5,0.5,1.0
2822,1,49,0.0,0.5,1.0,0.5,0.5,0.5,1.0
2822,1,50,1.0,0.5,0.0,0.5,0.5,0.5,1.0
2822,1,51,1.0,0.5,1.0,0.5,0.5,0.5,1.0
2822,1,52,0.5,0.5,0.0,0.0,0.5,0.5,1.0
2822,1,53,0.5,0.5,1.0,0.0,0.5,0.5,1.0
2822,1,54,0.5,0.5,0.0,1.0,0.5,0.5,1.0
2822,1,55,0.5,0.5,1.0,1.0,0.5,0.5,1.0
4084,0,0,0.0,0.0,0.0,0.5,0.0,0.0,0.25
4084,0,1,0.0,0.0,1.0,0.5,0.0,1.0,0.25
4084,0,2,0.0,1.0,0.0,0.5,1.0,0.0,0.25
4084,0,3,0.0,1.0,1.0,0.5,1.0,1.0,0.25
4084,0,4,1.0,0.0,0.0,0.5,0.0,0.0,0.25
4084,0,5,1.0,0.0,1.0,0.5,0.0,1.0,0.25
4084,0,6,1.0,1.0,0.0,0.5,1.0,0.0,0.25
4084,0,7,1.0,1.0,1.0,0.5,1.0,1.0,0.25
4084,0,8,0.0,0.0,0.0,0.0,0.5,0.0,0.25
4084,0,9,0.0,0.0,1.0,0.0,0.5,1.0,0.25
4084,0,10,0.0,1.0,0.0,0.0,0.5,0.0,0.25
4084,0,11,0.0,1.0,1.0,0.0,0.5,1.0,0.25
4084,0,12,1.0,0.0,0.0,1.0,0.5,0.0,0.25
4084,0,13,1.0,0.0,1.0,1.0,0.5,1.0,0.25
4084,0,14,1.0,1.0,0.0,1.0,0.5,0.0,0.25
4084,0,15,1.0,1.0,1.0,1.0,0.5,1.0,0.25
4084,0,16,0.0,0.0,0.0,0.0,0.0,0.5,0.25
4084,0,17,0.0,0.0,1.0,0.0,0.0,0.5,0.25
4084,0,18,0.0,1.0,0.0,0.0,1.0,0.5,0.25
4084,0,19,0.0,1.0,1.0,0.0,1.0,0.5,0.25
4084,0,20,1.0,0.0,0.0,1.0,0.0,0.5,0.25
4084,0,21,1.0,0.0,1.0,1.0,0.0,0.5,0.25
4084,0,22,1.0,1.0,0.0,1.0,1.0,0.5,0.25
4084,0,23,1.0,1.0,1.0,1.0,1.0,0.5,0.25
4084,0,24,0.0,0.0,0.0,0.5,0.5,0.0,0.5
4084,0,25,0.0,0.0,1.0,0.5,0.5,1.0,0.5
4084,0,26,0.0,1.0,0.0,0.5,0.5,0.0,0.5
4084,0,27,0.0,1.0,1.0,0.5,0.5,1.0,0.5
4084,0,28,1.0,0.0,0.0,0.5,0.5,0.0,0.5
4084,0,29,1.0,0.0,1.0,0.5,0.5,1.0,0.5
4084,0,30,1.0,1.0,0.0,0.5,0.5,0.0,0.5
4084,0,31,1.0,1.0,1.0,0.5,0.5,1.0,0.5
4084,0,32,0.5,0.0,0.0,0.5,0.0,0.5,0.5
4084,0,33,0.5,0.0,1.0,0.5,0.0,0.5,0.5
4084,0,34,0.5,1.0,0.0,0.5,1.0,0.5,0.5
4084,0,35,0.5,1.0,1.0,0.5,1.0,0.5,0.5
4084,0,36,0.0,0.0,0.5,0.5,0.0,0.5,0.5
4084,0,37,0.0,1.0,0.5,0.5,1.0,0.5,0.5
4084,0,38,1.0,0.0,0.5,0.5,0.0,0.5,0.5
4084,0,39,1.0,1.0,0.5,0.5,1.0,0.5,0.5
4084,0,40,0.5,0.5,0.0,0.5,0.0,0.5,1.0
4084,0,41,0.5,0.5,1.0,0.5,0.0,0.5,1.0
4084,0,42,0.5,0.5,0.0,0.5,1.0,0.5,1.0
4084,0,43,0.5,0.5,1.0,0.5,1.0,0.5,1.0
4776,4,0,0.0,0.0,0.0,0.0,0.0,0.5,0.25
4776,4,1,0.0,1.0,0.0,0.0,1.0,0.5,0.25
4776,4,2,1.0,0.0,0.0,1.0,0.0,0.5,0.25
4776,4,3,1.0,1.0,0.0,1.0,1.0,0.5,0.25
4776,4,4,0.0,0.0,1.0,0.0,0.0,0.5,0.25
4776,4,5,0.0,1.0,1.0,0.0,1.0,0.5,0.25
4776,4,6,1.0,0.0,1.0,1.0,0.0,0.5,0.25
4776,4,7,1.0,1.0,1.0,1.0,1.0,0.5,0.25
4776,4,8,0.0,0.0,0.0,0.5,0.0,0.0,0.25
4776,4,9,0.0,1.0,0.0,0.5,1.0,0.0,0.25
4776,4,10,1.0,0.0,0.0,0.5,0.0,0.0,0.25
4776,4,11,1.0,1.0,0.0,0.5,1.0,0.0,0.25
4776,4,12,0.0,0.0,1.0,0.5,0.0,1.0,0.25
4776,4,13,0.0,1.0,1.0,0.5,1.0,1.0,0.25
4776,4,14,1.0,0.0,1.0,0.5,0.0,1.0,0.25
4776,4,15,1.0,1.0,1.0,0.5,1.0,1.0,0.25
4776,4,16,0.0,0.0,0.0,0.0,0.5,0.0,0.25
4776,4,17,0.0,1.0,0.0,0.0,0.5,0.0,0.25
4776,4,18,1.0,0.0,0.0,1.0,0.5,0.0,0.25
4776,4,19,1.0,1.0,0.0,1.0,0.5,0.0,0.25
4776,4,20,0.0,0.0,1.0,0.0,0.5,1.0,0.25
4776,4,21,0.0,1.0,1.0,0.0,0.5,1.0,0.25
4776,4,22,1.0,0.0,1.0,1.0,0.5,1.0,0.25
4776,4,23,1.0,1.0,1.0,1.0,0.5,1.0,0.25
4776,4,24,0.0,0.0,0.0,0.5,0.5,0.5,1.0
4776,4,25,0.0,1.0,0.0,0.5,0.5,0.5,1.0
4776,4,26,1.0,0.0,0.0,0.5,0.5,0.5,1.0
4776,4,27,1.0,1.0,0.0,0.5,0.5,0.5,1.0
4776,4,28,0.0,0.0,1.0,0.5,0.5,0.5,1.0
4776,4,29,0.0,1.0,1.0,0.5,0.5,0.5,1.0
4776,4,30,1.0,0.0,1.0,0.5,0.5,0.5,1.0
4776,4,31,1.0,1.0,1.0,0.5,0.5,0.5,1.0
4776,4,32,0.0,0.0,0.5,0.5,0.0,0.0,0.5
4776,4,33,0.0,1.0,0.5,0.5,1.0,0.0,0.5
4776,4,34,1.0,0.0,0.5,0.5,0.0,0.0,0.5
4776,4,35,1.0,1.0,0.5,0.5,1.0,0.0,0.5
4776,4,36,0.0,0.0,0.5,0.5,0.0,1.0,0.5
4776,4,37,0.0,1.0,0.5,0.5,1.0,1.0,0.5
4776,4,38,1.0,0.0,0.5,0.5,0.0,1.0,0.5
4776,4,39,1.0,1.0,0.5,0.5,1.0,1.0,0.5
4776,4,40,0.0,0.0,0.5,0.5,0.5,0.0,1.0
4776,4,41,0.0,1.0,0.5,0.5,0.5,0.0,1.0
4776,4,42,1.0,0.0,0.5,0.5,0.5,0.0,1.0
4776,4,43,1.0,1.0,0.5,0.5,0.5,0.0,1.0
4776,4,44,0.0,0.0,0.5,0.5,0.5,1.0,1.0
4776,4,45,0.0,1.0,0.5,0.5,0.5,1.0,1.0
4776,4,46,1.0,0.0,0.5,0.5,0.5,1.0,1.0
4776,4,47,1.0,1.0,0.5,0.5,0.5,1.0,1.0
4776,4,48,0.0,0.0,0.5,0.5,0.5,0.5,1.0
4776,4,49,0.0,1.0,0.5,0.5,0.5,0.5,1.0
4776,4,50,1.0,0.0,0.5,0.5,0.5,0.5,1.0
4776,4,51,1.0,1.0,0.5,0.5,0.5,0.5,1.0
4776,4,52,0.0,0.5,0.0,0.5,0.5,0.5,1.0
4776,4,53,1.0,0.5,0.0,0.5,0.5,0.5,1.0
4776,4,54,0.0,0.5,1.0,0.5,0.5,0.5,1.0
4776,4,55,1.0,0.5,1.0,0.5,0.5,0.5,1.0
5449,0,0,0.0,0.0,0.0,0.5,0.0,0.0,0.25
5449,0,1,0.0,0.0,1.0,0.5,0.0,1.0,0.25
5449,0,2,0.0,1.0,0.0,0.5,1.0,0.0,0.25
5449,0,3,0.0,1.0,1.0,0.5,1.0,1.0,0.25
5449,0,4,1.0,0.0,0.0,0.5,0.0,0.0,0.25
5449,0,5,1.0,0.0,1.0,0.5,0.0,1.0,0.25
5449,0,6,1.0,1.0,0.0,0.5,1.0,0.0,0.25
5449,0,7,1.0,1.0,1.0,0.5,1.0,1.0,0.25
5449,0,8,0.0,0.0,0.0,0.0,0.5,0.0,0.25
5449,0,9,0.0,0.0,1.0,0.0,0.5,1.0,0.25
5449,0,10,0.0,1.0,0.0,0.0,0.5,0.0,0.25
5449,0,11,0.0,1.0,1.0,0.0,0.5,1.0,0.25
5449,0,12,1.0,0.0,0.0,1.0,0.5,0.0,0.25
5449,0,13,1.0,0.0,1.0,1.0,0.5,1.0,0.25
5449,0,14,1.0,1.0,0.0,1.0,0.5,0.0,0.25
5449,0,15,1.0,1.0,1.0,1.0,0.5,1.0,0.25
5449,0,16,0.0,0.0,0.0,0.0,0.0,0.5,0.25
5449,0,17,0.0,0.0,1.0,0.0,0.0,0.5,0.25
5449,0,18,0.0,1.0,0.0,0.0,1.0,0.5,0.25
5449,0,19,0.0,1.0,1.0,0.0,1.0,0.5,0.25
5449,0,20,1.0,0.0,0.0,1.0,0.0,0.5,0.25
5449,0,21,1.0,0.0,1.0,1.0,0.0,0.5,0.25
5449,0,22,1.0,1.0,0.0,1.0,1.0,0.5,0.25
5449,0,23,1.0,1.0,1.0,1.0,1.0,0.5,0.25
5449,0,24,0.5,0.0,0.0,0.0,0.5,0.0,0.5
5449,0,25,0.5,0.0,1.0,0.0,0.5,1.0,0.5
5449,0,26,0.5,1.0,0.0,0.0,0.5,0.0,0.5
5449,0,27,0.5,1.0,1.0,0.0,0.5,1.0,0.5
5449,0,28,0.5,0.0,0.0,1.0,0.5,0.0,0.5
5449,0,29,0.5,0.0,1.0,1.0,0.5,1.0,0.5
5449,0,30,0.5,1.0,0.0,1.0,0.5,0.0,0.5
5449,0,31,0.5,1.0,1.0,1.0,0.5,1.0,0.5
5449,0,32,0.5,0.0,0.0,0.0,0.0,0.5,0.5
5449,0,33,0.5,0.0,1.0,0.0,0.0,0.5,0.5
5449,0,34,0.5,1.0,0.0,0.0,1.0,0.5,0.5
5449,0,35,0.5,1.0,1.0,0.0,1.0,0.5,0.5
5449,0,36,0.5,0.0,0.0,1.0,0.0,0.5,0.5
5449,0,37,0.5,0.0,1.0,1.0,0.0,0.5,0.5
5449,0,38,0.5,1.0,0.0,1.0,1.0,0.5,0.5
5449,0,39,0.5,1.0,1.0,1.0,1.0,0.5,0.5
5449,0,40,0.0,0.5,0.0,0.5,0.5,0.0,0.5
5449,0,41,0.0,0.5,1.0,0.5,0.5,1.0,0.5
5449,0,42,1.0,0.5,0.0,0.5,0.5,0.0,0.5
5449,0,43,1.0,0.5,1.0,0.5,0.5,1.0,0.5
5449,0,44,0.0,0.0,0.5,0.5,0.0,0.5,0.5
5449,0,45,0.0,1.0,0.5,0.5,1.0,0.5,0.5
5449,0,46,1.0,0.0,0.5,0.5,0.0,0.5,0.5
5449,0,47,1.0,1.0,0.5,0.5,1.0,0.5,0.5
5874,2,0,0.0,0.0,0.0,0.0,0.5,0.0,0.25
5874,2,1,0.0,0.0,1.0,0.0,0.5,1.0,0.25
5874,2,2,1.0,0.0,0.0,1.0,0.5,0.0,0.25
5874,2,3,1.0,0.0,1.0,1.0,0.5,1.0,0.25
5874,2,4,0.0,1.0,0.0,0.0,0.5,0.0,0.25
5874,2,5,0.0,1.0,1.0,0.0,0.5,1.0,0.25
5874,2,6,1.0,1.0,0.0,1.0,0.5,0.0,0.25
5874,2,7,1.0,1.0,1.0,1.0,0.5,1.0,0.25
5874,2,8,0.0,0.0,0.0,0.5,0.0,0.0,0.25
5874,2,9,0.0,0.0,1.0,0.5,0.0,1.0,0.25
5874,2,10,1.0,0.0,0.0,0.5,0.0,0.0,0.25
5874,2,11,1.0,0.0,1.0,0.5,0.0,1.0,0.25
5874,2,12,0.0,1.0,0.0,0.5,1.0,0.0,0.25
5874,2,13,0.0,1.0,1.0,0.5,1.0,1.0,0.25
5874,2,14,1.0,1.0,0.0,0.5,1.0,0.0,0.25
5874,2,15,1.0,1.0,1.0,0.5,1.0,1.0,0.25
5874,2,16,0.0,0.0,0.0,0.0,0.0,0.5,0.25
5874,2,17,0.0,0.0,1.0,0.0,0.0,0.5,0.25
5874,2,18,1.0,0.0,0.0,1.0,0.0,0.5,0.25
5874,2,19,1.0,0.0,1.0,1.0,0.0,0.5,0.25
5874,2,20,0.0,1.0,0.0,0.0,1.0,0.5,0.25
5874,2,21,0.0,1.0,1.0,0.0,1.0,0.5,0.25
5874,2,22,1.0,1.0,0.0,1.0,1.0,0.5,0.25
5874,2,23,1.0,1.0,1.0,1.0,1.0,0.5,0.25
5874,2,24,0.0,0.5,0.0,0.5,0.0,0.0,0.5
5874,2,25,0.0,0.5,1.0,0.5,0.0,1.0,0.5
5874,2,26,1.0,0.5,0.0,0.5,0.0,0.0,0.5
5874,2,27,1.0,0.5,1.0,0.5,0.0,1.0,0.5
5874,2,28,0.0,0.5,0.0,0.5,1.0,0.0,0.5
5874,2,29,0.0,0.5,1.0,0.5,1.0,1.0,0.5
5874,2,30,1.0,0.5,0.0,0.5,1.0,0.0,0.5
5874,2,31,1.0,0.5,1.0,0.5,1.0,1.0,0.5
5874,2,32,0.0,0.5,0.0,0.5,0.5,0.0,0.5
5874,2,33,0.0,0.5,1.0,0.5,0.5,1.0,0.5
5874,2,34,1.0,0.5,0.0,0.5,0.5,0.0,0.5
5874,2,35,1.0,0.5,1.0,0.5,0.5,1.0,0.5
5874,2,36,0.0,0.0,0.5,0.5,0.0,0.5,0.5
5874,2,37,1.0,0.0,0.5,0.5,0.0,0.5,0.5
5874,2,38,0.0,1.0,0.5,0.5,1.0,0.5,0.5
5874,2,39,1.0,1.0,0.5,0.5,1.0,0.5,0.5
5874,2,40,0.5,0.5,0.0,0.0,0.5,0.5,1.0
5874,2,41,0.5,0.5,1.0,0.0,0.5,0.5,1.0
5874,2,42,0.5,0.5,0.0,1.0,0.5,0.5,1.0
5874,2,43,0.5,0.5,1.0,1.0,0.5,0.5,1.0
5874,2,44,0.0,0.5,0.5,0.5,0.5,0.5,1.0
5874,2,45,1.0,0.5,0.5,0.5,0.5,0.5,1.0
100342,0,0,0.0,0.0,0.0,0.5,0.0,0.0,0.25
100342,0,1,0.0,0.0,1.0,0.5,0.0,1.0,0.25
100342,0,2,0.0,1.0,0.0,0.5,1.0,0.0,0.25
100342,0,3,0.0,1.0,1.0,0.5,1.0,1.0,0.25
100342,0,4,1.0,0.0,0.0,0.5,0.0,0.0,0.25
100342,0,5,1.0,0.0,1.0,0.5,0.0,1.0,0.25
100342,0,6,1.0,1.0,0.0,0.5,1.0,0.0,0.25
100342,0,7,1.0,1.0,1.0,0.5,1.0,1.0,0.25
100342,0,8,0.0,0.0,0.0,0.0,0.5,0.0,0.25
100342,0,9,0.0,0.0,1.0,0.0,0.5,1.0,0.25
100342,0,10,0.0,1.0,0.0,0.0,0.5,0.0,0.25
100342,0,11,0.0,1.0,1.0,0.0,0.5,1.0,0.25
100342,0,12,1.0,0.0,0.0,1.0,0.5,0.0,0.25
100342,0,13,1.0,0.0,1.0,1.0,0.5,1.0,0.25
100342,0,14,1.0,1.0,0.0,1.0,0.5,0.0,0.25
100342,0,15,1.0,1.0,1.0,1.0,0.5,1.0,0.25
100342,0,16,0.0,0.0,0.0,0.0,0.0,0.5,0.25
100342,0,17,0.0,0.0,1.0,0.0,0.0,0.5,0.25
100342,0,18,0.0,1.0,0.0,0.0,1.0,0.5,0.25
100342,0,19,0.0,1.0,1.0,0.0,1.0,0.5,0.25
100342,0,20,1.0,0.0,0.0,1.0,0.0,0.5,0.25
100342,0,21,1.0,0.0,1.0,1.0,0.0,0.5,0.25
100342,0,22,1.0,1.0,0.0,1.0,1.0,0.5,0.25
100342,0,23,1.0,1.0,1.0,1.0,1.0,0.5,0.25
100342,0,24,0.0,0.0,0.0,0.5,0.5,0.0,0.5
100342,0,25,0.0,0.0,1.0,0.5,0.5,1.0,0.5
100342,0,26,0.0,1.0,0.0,0.5,0.5,0.0,0.5
100342,0,27,0.0,1.0,1.0,0.5,0.5,1.0,0.5
100342,0,28,1.0,0.0,0.0,0.5,0.5,0.0,0.5
100342,0,29,1.0,0.0,1.0,0.5,0.5,1.0,0.5
100342,0,30,1.0,1.0,0.0,0.5,0.5,0.0,0.5
100342,0,31,1.0,1.0,1.0,0.5,0.5,1.0,0.5
100342,0,32,0.0,0.0,0.0,0.5,0.0,0.5,0.5
100342,0,33,0.0,0.0,1.0,0.5,0.0,0.5,0.5
100342,0,34,0.0,1.0,0.0,0.5,1.0,0.5,0.5
100342,0,35,0.0,1.0,1.0,0.5,1.0,0.5,0.5
100342,0,36,1.0,0.0,0.0,0.5,0.0,0.5,0.5
100342,0,37,1.0,0.0,1.0,0.5,0.0,0.5,0.5
100342,0,38,1.0,1.0,0.0,0.5,1.0,0.5,0.5
100342,0,39,1.0,1.0,1.0,0.5,1.0,0.5,0.5
100342,0,40,0.5,0.0,0.0,0.0,0.5,0.0,0.5
100342,0,41,0.5,0.0,1.0,0.0,0.5,1.0,0.5
100342,0,42,0.5,1.0,0.0,0.0,0.5,0.0,0.5
100342,0,43,0.5,1.0,1.0,0.0,0.5,1.0,0.5
100342,0,44,0.5,0.0,0.0,1.0,0.5,0.0,0.5
100342,0,45,0.5,0.0,1.0,1.0,0.5,1.0,0.5
100342,0,46,0.5,1.0,0.0,1.0,0.5,0.0,0.5
100342,0,47,0.5,1.0,1.0,1.0,0.5,1.0,0.5
100342,0,48,0.5,0.0,0.0,0.0,0.0,0.5,0.5
100342,0,49,0.5,0.0,1.0,0.0,0.0,0.5,0.5
100342,0,50,0.5,1.0,0.0,0.0,1.0,0.5,0.5
100342,0,51,0.5,1.0,1.0,0.0,1.0,0.5,0.5
100342,0,52,0.5,0.0,0.0,1.0,0.0,0.5,0.5
100342,0,53,0.5,0.0,1.0,1.0,0.0,0.5,0.5
100342,0,54,0.5,1.0,0.0,1.0,1.0,0.5,0.5
100342,0,55,0.5,1.0,1.0,1.0,1.0,0.5,0.5
100342,0,56,0.0,0.5,0.0,0.5,0.5,0.0,0.5
100342,0,57,0.0,0.5,1.0,0.5,0.5,1.0,0.5
100342,0,58,1.0,0.5,0.0,0.5,0.5,0.0,0.5
100342,0,59,1.0,0.5,1.0,0.5,0.5,1.0,0.5
100342,1,0,0.0,0.0,0.0,0.5,0.0,0.0,0.25
100342,1,1,0.0,1.0,0.0,0.5,1.0,0.0,0.25
100342,1,2,0.0,0.0,1.0,0.5,0.0,1.0,0.25
100342,1,3,0.0,1.0,1.0,0.5,1.0,1.0,0.25
100342,1,4,1.0,0.0,0.0,0.5,0.0,0.0,0.25
100342,1,5,1.0,1.0,0.0,0.5,1.0,0.0,0.25
100342,1,6,1.0,0.0,1.0,0.5,0.0,1.0,0.25
100342,1,7,1.0,1.0,1.0,0.5,1.0,1.0,0.25
100342,1,8,0.0,0.0,0.0,0.0,0.0,0.5,0.25
100342,1,9,0.0,1.0,0.0,0.0,1.0,0.5,0.25
100342,1,10,0.0,0.0,1.0,0.0,0.0,0.5,0.25
100342,1,11,0.0,1.0,1.0,0.0,1.0,0.5,0.25
100342,1,12,1.0,0.0,0.0,1.0,0.0,0.5,0.25
100342,1,13,1.0,1.0,0.0,1.0,1.0,0.5,0.25
100342,1,14,1.0,0.0,1.0,1.0,0.0,0.5,0.25
100342,1,15,1.0,1.0,1.0,1.0,1.0,0.5,0.25
100342,1,16,0.0,0.0,0.0,0.0,0.5,0.0,0.25
100342,1,17,0.0,1.0,0.0,0.0,0.5,0.0,0.25
100342,1,18,0.0,0.0,1.0,0.0,0.5,1.0,0.25
100342,1,19,0.0,1.0,1.0,0.0,0.5,1.0,0.25
100342,1,20,1.0,0.0,0.0,1.0,0.5,0.0,0.25
100342,1,21,1.0,1.0,0.0,1.0,0.5,0.0,0.25
100342,1,22,1.0,0.0,1.0,1.0,0.5,1.0,0.25
100342,1,23,1.0,1.0,1.0,1.0,0.5,1.0,0.25
100342,1,24,0.0,0.0,0.0,0.5,0.0,0.5,0.5
100342,1,25,0.0,1.0,0.0,0.5,1.0,0.5,0.5
100342,1,26,0.0,0.0,1.0,0.5,0.0,0.5,0.5
100342,1,27,0.0,1.0,1.0,0.5,1.0,0.5,0.5
100342,1,28,1.0,0.0,0.0,0.5,0.0,0.5,0.5
100342,1,29,1.0,1.0,0.0,0.5,1.0,0.5,0.5
100342,1,30,1.0,0.0,1.0,0.5,0.0,0.5,0.5
100342,1,31,1.0,1.0,1.0,0.5,1.0,0.5,0.5
100342,1,32,0.0,0.0,0.0,0.5,0.5,0.0,0.5
100342,1,33,0.0,1.0,0.0,0.5,0.5,0.0,0.5
100342,1,34,0.0,0.0,1.0,0.5,0.5,1.0,0.5
100342,1,35,0.0,1.0,1.0,0.5,0.5,1.0,0.5
100342,1,36,1.0,0.0,0.0,0.5,0.5,0.0,0.5
100342,1,37,1.0,1.0,0.0,0.5,0.5,0.0,0.5
100342,1,38,1.0,0.0,1.0,0.5,0.5,1.0,0.5
100342,1,39,1.0,1.0,1.0,0.5,0.5,1.0,0.5
100342,1,40,0.5,0.0,0.0,0.0,0.0,0.5,0.5
100342,1,41,0.5,1.0,0.0,0.0,1.0,0.5,0.5
100342,1,42,0.5,0.0,1.0,0.0,0.0,0.5,0.5
100342,1,43,0.5,1.0,1.0,0.0,1.0,0.5,0.5
100342,1,44,0.5,0.0,0.0,1.0,0.0,0.5,0.5
100342,1,45,0.5,1.0,0.0,1.0,1.0,0.5,0.5
100342,1,46,0.5,0.0,1.0,1.0,0.0,0.5,0.5
100342,1,47,0.5,1.0,1.0,1.0,1.0,0.5,0.5
100342,1,48,0.5,0.0,0.0,0.0,0.5,0.0,0.5
100342,1,49,0.5,1.0,0.0,0.0,0.5,0.0,0.5
100342,1,50,0.5,0.0,1.0,0.0,0.5,1.0,0.5
100342,1,51,0.5,1.0,1.0,0.0,0.5,1.0,0.5
100342,1,52,0.5,0.0,0.0,1.0,0.5,0.0,0.5
100342,1,53,0.5,1.0,0.0,1.0,0.5,0.0,0.5
100342,1,54,0.5,0.0,1.0,1.0,0.5,1.0,0.5
100342,1,55,0.5,1.0,1.0,1.0,0.5,1.0,0.5
100342,1,56,0.0,0.0,0.5,0.5,0.0,0.5,0.5
100342,1,57,0.0,1.0,0.5,0.5,1.0,0.5,0.5
100342,1,58,1.0,0.0,0.5,0.5,0.0,0.5,0.5
100342,1,59,1.0,1.0,0.5,0.5,1.0,0.5,0.5
100350,0,0,0.0,0.0,0.0,0.5,0.0,0.0,0.25
100350,0,1,0.0,0.0,1.0,0.5,0.0,1.0,0.25
100350,0,2,0.0,1.0,0.0,0.5,1.0,0.0,0.25
100350,0,3,0.0,1.0,1.0,0.5,1.0,1.0,0.25
100350,0,4,1.0,0.0,0.0,0.5,0.0,0.0,0.25
100350,0,5,1.0,0.0,1.0,0.5,0.0,1.0,0.25
100350,0,6,1.0,1.0,0.0,0.5,1.0,0.0,0.25
100350,0,7,1.0,1.0,1.0,0.5,1.0,1.0,0.25
100350,0,8,0.0,0.0,0.0,0.0,0.5,0.0,0.25
100350,0,9,0.0,0.0,1.0,0.0,0.5,1.0,0.25
100350,0,10,0.0,1.0,0.0,0.0,0.5,0.0,0.25
100350,0,11,0.0,1.0,1.0,0.0,0.5,1.0,0.25
100350,0,12,1.0,0.0,0.0,1.0,0.5,0.0,0.25
100350,0,13,1.0,0.0,1.0,1.0,0.5,1.0,0.25
100350,0,14,1.0,1.0,0.0,1.0,0.5,0.0,0.25
100350,0,15,1.0,1.0,1.0,1.0,0.5,1.0,0.25
100350,0,16,0.0,0.0,0.0,0.0,0.0,0.5,0.25
100350,0,17,0.0,0.0,1.0,0.0,0.0,0.5,0.25
100350,0,18,0.0,1.0,0.0,0.0,1.0,0.5,0.25
100350,0,19,0.0,1.0,1.0,0.0,1.0,0.5,0.25
100350,0,20,1.0,0.0,0.0,1.0,0.0,0.5,0.25
100350,0,21,1.0,0.0,1.0,1.0,0.0,0.5,0.25
100350,0,22,1.0,1.0,0.0,1.0,1.0,0.5,0.25
100350,0,23,1.0,1.0,1.0,1.0,1.0,0.5,0.25
100350,0,24,0.0,0.0,0.0,0.5,0.5,0.0,0.5
100350,0,25,0.0,0.0,1.0,0.5,0.5,1.0,0.5
100350,0,26,0.0,1.0,0.0,0.5,0.5,0.0,0.5
100350,0,27,0.0,1.0,1.0,0.5,0.5,1.0,0.5
100350,0,28,1.0,0.0,0.0,0.5,0.5,0.0,0.5
100350,0,29,1.0,0.0,1.0,0.5,0.5,1.0,0.5
100350,0,30,1.0,1.0,0.0,0.5,0.5,0.0,0.5
100350,0,31,1.0,1.0,1.0,0.5,0.5,1.0,0.5
100350,0,32,0.0,0.0,0.0,0.5,0.0,0.5,0.5
100350,0,33,0.0,0.0,1.0,0.5,0.0,0.5,0.5
100350,0,34,0.0,1.0,0.0,0.5,1.0,0.5,0.5
100350,0,35,0.0,1.0,1.0,0.5,1.0,0.5,0.5
100350,0,36,1.0,0.0,0.0,0.5,0.0,0.5,0.5
100350,0,37,1.0,0.0,1.0,0.5,0.0,0.5,0.5
100350,0,38,1.0,1.0,0.0,0.5,1.0,0.5,0.5
100350,0,39,1.0,1.0,1.0,0.5,1.0,0.5,0.5
100350,0,40,0.5,0.0,0.0,0.0,0.5,0.0,0.5
100350,0,41,0.5,0.0,1.0,0.0,0.5,1.0,0.5
100350,0,42,0.5,1.0,0.0,0.0,0.5,0.0,0.5
100350,0,43,0.5,1.0,1.0,0.0,0.5,1.0,0.5
100350,0,44,0.5,0.0,0.0,1.0,0.5,0.0,0.5
100350,0,45,0.5,0.0,1.0,1.0,0.5,1.0,0.5
100350,0,46,0.5,1.0,0.0,1.0,0.5,0.0,0.5
100350,0,47,0.5,1.0,1.0,1.0,0.5,1.0,0.5
100350,0,48,0.5,0.0,0.0,0.5,0.5,0.0,0.5
100350,0,49,0.5,0.0,1.0,0.5,0.5,1.0,0.5
100350,0,50,0.5,1.0,0.0,0.5,0.5,0.0,0.5
100350,0,51,0.5,1.0,1.0,0.5,0.5,1.0,0.5
100350,0,52,0.0,0.5,0.0,0.5,0.5,0.0,0.5
100350,0,53,0.0,0.5,1.0,0.5,0.5,1.0,0.5
100350,0,54,1.0,0.5,0.0,0.5,0.5,0.0,0.5
100350,0,55,1.0,0.5,1.0,0.5,0.5,1.0,0.5
100350,1,0,0.0,0.0,0.0,0.5,0.0,0.0,0.25
100350,1,1,0.0,1.0,0.0,0.5,1.0,0.0,0.25
100350,1,2,0.0,0.0,1.0,0.5,0.0,1.0,0.25
100350,1,3,0.0,1.0,1.0,0.5,1.0,1.0,0.25
100350,1,4,1.0,0.0,0.0,0.5,0.0,0.0,0.25
100350,1,5,1.0,1.0,0.0,0.5,1.0,0.0,0.25
100350,1,6,1.0,0.0,1.0,0.5,0.0,1.0,0.25
100350,1,7,1.0,1.0,1.0,0.5,1.0,1.0,0.25
100350,1,8,0.0,0.0,0.0,0.0,0.0,0.5,0.25
100350,1,9,0.0,1.0,0.0,0.0,1.0,0.5,0.25
100350,1,10,0.0,0.0,1.0,0.0,0.0,0.5,0.25
100350,1,11,0.0,1.0,1.0,0.0,1.0,0.5,0.25
100350,1,12,1.0,0.0,0.0,1.0,0.0,0.5,0.25
100350,1,13,1.0,1.0,0.0,1.0,1.0,0.5,0.25
100350,1,14,1.0,0.0,1.0,1.0,0.0,0.5,0.25
100350,1,15,1.0,1.0,1.0,1.0,1.0,0.5,0.25
100350,1,16,0.0,0.0,0.0,0.0,0.5,0.0,0.25
100350,1,17,0.0,1.0,0.0,0.0,0.5,0.0,0.25
100350,1,18,0.0,0.0,1.0,0.0,0.5,1.0,0.25
100350,1,19,0.0,1.0,1.0,0.0,0.5,1.0,0.25
100350,1,20,1.0,0.0,0.0,1.0,0.5,0.0,0.25
100350,1,21,1.0,1.0,0.0,1.0,0.5,0.0,0.25
100350,1,22,1.0,0.0,1.0,1.0,0.5,1.0,0.25
100350,1,23,1.0,1.0,1.0,1.0,0.5,1.0,0.25
100350,1,24,0.0,0.0,0.0,0.5,0.0,0.5,0.5
100350,1,25,0.0,1.0,0.0,0.5,1.0,0.5,0.5
100350,1,26,0.0,0.0,1.0,0.5,0.0,0.5,0.5
100350,1,27,0.0,1.0,1.0,0.5,1.0,0.5,0.5
100350,1,28,1.0,0.0,0.0,0.5,0.0,0.5,0.5
100350,1,29,1.0,1.0,0.0,0.5,1.0,0.5,0.5
100350,1,30,1.0,0.0,1.0,0.5,0.0,0.5,0.5
100350,1,31,1.0,1.0,1.0,0.5,1.0,0.5,0.5
100350,1,32,0.0,0.0,0.0,0.5,0.5,0.0,0.5
100350,1,33,0.0,1.0,0.0,0.5,0.5,0.0,0.5
100350,1,34,0.0,0.0,1.0,0.5,0.5,1.0,0.5
100350,1,35,0.0,1.0,1.0,0.5,0.5,1.0,0.5
100350,1,36,1.0,0.0,0.0,0.5,0.5,0.0,0.5
100350,1,37,1.0,1.0,0.0,0.5,0.5,0.0,0.5
100350,1,38,1.0,0.0,1.0,0.5,0.5,1.0,0.5
100350,1,39,1.0,1.0,1.0,0.5,0.5,1.0,0.5
100350,1,40,0.5,0.0,0.0,0.0,0.0,0.5,0.5
100350,1,41,0.5,1.0,0.0,0.0,1.0,0.5,0.5
100350,1,42,0.5,0.0,1.0,0.0,0.0,0.5,0.5
100350,1,43,0.5,1.0,1.0,0.0,1.0,0.5,0.5
100350,1,44,0.5,0.0,0.0,1.0,0.0,0.5,0.5
100350,1,45,0.5,1.0,0.0,1.0,1.0,0.5,0.5
100350,1,46,0.5,0.0,1.0,1.0,0.0,0.5,0.5
100350,1,47,0.5,1.0,1.0,1.0,1.0,0.5,0.5
100350,1,48,0.5,0.0,0.0,0.5,0.0,0.5,0.5
100350,1,49,0.5,1.0,0.0,0.5,1.0,0.5,0.5
100350,1,50,0.5,0.0,1.0,0.5,0.0,0.5,0.5
100350,1,51,0.5,1.0,1.0,0.5,1.0,0.5,0.5
100350,1,52,0.0,0.0,0.5,0.5,0.0,0.5,0.5
100350,1,53,0.0,1.0,0.5,0.5,1.0,0.5,0.5
100350,1,54,1.0,0.0,0.5,0.5,0.0,0.5,0.5
100350,1,55,1.0,1.0,0.5,0.5,1.0,0.5,0.5
100394,1,0,0.0,0.0,0.0,0.5,0.0,0.0,0.25
100394,1,1,0.0,1.0,0.0,0.5,1.0,0.0,0.25
100394,1,2,0.0,0.0,1.0,0.5,0.0,1.0,0.25
100394,1,3,0.0,1.0,1.0,0.5,1.0,1.0,0.25
100394,1,4,1.0,0.0,0.0,0.5,0.0,0.0,0.25
100394,1,5,1.0,1.0,0.0,0.5,1.0,0.0,0.25
100394,1,6,1.0,0.0,1.0,0.5,0.0,1.0,0.25
100394,1,7,1.0,1.0,1.0,0.5,1.0,1.0,0.25
100394,1,8,0.0,0.0,0.0,0.0,0.0,0.5,0.25
100394,1,9,0.0,1.0,0.0,0.0,1.0,0.5,0.25
100394,1,10,0.0,0.0,1.0,0.0,0.0,0.5,0.25
100394,1,11,0.0,1.0,1.0,0.0,1.0,0.5,0.25
100394,1,12,1.0,0.0,0.0,1.0,0.0,0.5,0.25
100394,1,13,1.0,1.0,0.0,1.0,1.0,0.5,0.25
100394,1,14,1.0,0.0,1.0,1.0,0.0,0.5,0.25
100394,1,15,1.0,1.0,1.0,1.0,1.0,0.5,0.25
100394,1,16,0.0,0.0,0.0,0.0,0.5,0.0,0.25
100394,1,17,0.0,1.0,0.0,0.0,0.5,0.0,0.25
100394,1,18,0.0,0.0,1.0,0.0,0.5,1.0,0.25
100394,1,19,0.0,1.0,1.0,0.0,0.5,1.0,0.25
100394,1,20,1.0,0.0,0.0,1.0,0.5,0.0,0.25
100394,1,21,1.0,1.0,0.0,1.0,0.5,0.0,0.25
100394,1,22,1.0,0.0,1.0,1.0,0.5,1.0,0.25
100394,1,23,1.0,1.0,1.0,1.0,0.5,1.0,0.25
100394,1,24,0.0,0.0,0.0,0.5,0.0,0.5,0.5
100394,1,25,0.0,1.0,0.0,0.5,1.0,0.5,0.5
100394,1,26,0.0,0.0,1.0,0.5,0.0,0.5,0.5
100394,1,27,0.0,1.0,1.0,0.5,1.0,0.5,0.5
100394,1,28,1.0,0.0,0.0,0.5,0.0,0.5,0.5
100394,1,29,1.0,1.0,0.0,0.5,1.0,0.5,0.5
100394,1,30,1.0,0.0,1.0,0.5,0.0,0.5,0.5
100394,1,31,1.0,1.0,1.0,0.5,1.0,0.5,0.5
100394,1,32,0.0,0.0,0.0,0.5,0.5,0.0,0.5
100394,1,33,0.0,1.0,0.0,0.5,0.5,0.0,0.5
100394,1,34,0.0,0.0,1.0,0.5,0.5,1.0,0.5
100394,1,35,0.0,1.0,1.0,0.5,0.5,1.0,0.5
100394,1,36,1.0,0.0,0.0,0.5,0.5,0.0,0.5
100394,1,37,1.0,1.0,0.0,0.5,0.5,0.0,0.5
100394,1,38,1.0,0.0,1.0,0.5,0.5,1.0,0.5
100394,1,39,1.0,1.0,1.0,0.5,0.5,1.0,0.5
100394,1,40,0.5,0.0,0.0,0.0,0.0,0.5,0.5
100394,1,41,0.5,1.0,0.0,0.0,1.0,0.5,0.5
100394,1,42,0.5,0.0,1.0,0.0,0.0,0.5,0.5
100394,1,43,0.5,1.0,1.0,0.0,1.0,0.5,0.5
100394,1,44,0.5,0.0,0.0,1.0,0.0,0.5,0.5
100394,1,45,0.5,1.0,0.0,1.0,1.0,0.5,0.5
100394,1,46,0.5,0.0,1.0,1.0,0.0,0.5,0.5
100394,1,47,0.5,1.0,1.0,1.0,1.0,0.5,0.5
100394,1,48,0.0,0.0,0.5,0.5,0.0,0.5,0.5
100394,1,49,0.0,1.0,0.5,0.5,1.0,0.5,0.5
100394,1,50,1.0,0.0,0.5,0.5,0.0,0.5,0.5
100394,1,51,1.0,1.0,0.5,0.5,1.0,0.5,0.5
100394,1,52,0.5,0.0,0.5,0.5,0.5,0.0,1.0
100394,1,53,0.5,1.0,0.5,0.5,0.5,0.0,1.0
100394,1,54,0.5,0.0,0.5,0.5,0.5,1.0,1.0
100394,1,55,0.5,1.0,0.5,0.5,0.5,1.0,1.0
100579,0,0,0.0,0.0,0.0,0.5,0.0,0.0,0.25
100579,0,1,0.0,0.0,1.0,0.5,0.0,1.0,0.25
100579,0,2,0.0,1.0,0.0,0.5,1.0,0.0,0.25
100579,0,3,0.0,1.0,1.0,0.5,1.0,1.0,0.25
100579,0,4,1.0,0.0,0.0,0.5,0.0,0.0,0.25
100579,0,5,1.0,0.0,1.0,0.5,0.0,1.0,0.25
100579,0,6,1.0,1.0,0.0,0.5,1.0,0.0,0.25
100579,0,7,1.0,1.0,1.0,0.5,1.0,1.0,0.25
100579,0,8,0.0,0.0,0.0,0.0,0.5,0.0,0.25
100579,0,9,0.0,0.0,1.0,0.0,0.5,1.0,0.25
100579,0,10,0.0,1.0,0.0,0.0,0.5,0.0,0.25
100579,0,11,0.0,1.0,1.0,0.0,0.5,1.0,0.25
100579,0,12,1.0,0.0,0.0,1.0,0.5,0.0,0.25
100579,0,13,1.0,0.0,1.0,1.0,0.5,1.0,0.25
100579,0,14,1.0,1.0,0.0,1.0,0.5,0.0,0.25
100579,0,15,1.0,1.0,1.0,1.0,0.5,1.0,0.25
100579,0,16,0.0,0.0,0.0,0.0,0.0,0.5,0.25
100579,0,17,0.0,0.0,1.0,0.0,0.0,0.5,0.25
100579,0,18,0.0,1.0,0.0,0.0,1.0,0.5,0.25
100579,0,19,0.0,1.0,1.0,0.0,1.0,0.5,0.25
100579,0,20,1.0,0.0,0.0,1.0,0.0,0.5,0.25
100579,0,21,1.0,0.0,1.0,1.0,0.0,0.5,0.25
100579,0,22,1.0,1.0,0.0,1.0,1.0,0.5,0.25
100579,0,23,1.0,1.0,1.0,1.0,1.0,0.5,0.25
100579,0,24,0.0,0.0,0.0,0.5,0.5,0.0,0.5
100579,0,25,0.0,0.0,1.0,0.5,0.5,1.0,0.5
100579,0,26,0.0,1.0,0.0,0.5,0.5,0.0,0.5
100579,0,27,0.0,1.0,1.0,0.5,0.5,1.0,0.5
100579,0,28,1.0,0.0,0.0,0.5,0.5,0.0,0.5
100579,0,29,1.0,0.0,1.0,0.5,0.5,1.0,0.5
100579,0,30,1.0,1.0,0.0,0.5,0.5,0.0,0.5
100579,0,31,1.0,1.0,1.0,0.5,0.5,1.0,0.5
100579,0,32,0.5,0.0,0.0,0.0,0.5,0.0,0.5
100579,0,33,0.5,0.0,1.0,0.0,0.5,1.0,0.5
100579,0,34,0.5,1.0,0.0,0.0,0.5,0.0,0.5
100579,0,35,0.5,1.0,1.0,0.0,0.5,1.0,0.5
100579,0,36,0.5,0.0,0.0,1.0,0.5,0.0,0.5
100579,0,37,0.5,0.0,1.0,1.0,0.5,1.0,0.5
100579,0,38,0.5,1.0,0.0,1.0,0.5,0.0,0.5
100579,0,39,0.5,1.0,1.0,1.0,0.5,1.0,0.5
100579,0,40,0.5,0.0,0.0,0.0,0.0,0.5,0.5
100579,0,41,0.5,0.0,1.0,0.0,0.0,0.5,0.5
100579,0,42,0.5,1.0,0.0,0.0,1.0,0.5,0.5
100579,0,43,0.5,1.0,1.0,0.0,1.0,0.5,0.5
100579,0,44,0.5,0.0,0.0,1.0,0.0,0.5,0.5
100579,0,45,0.5,0.0,1.0,1.0,0.0,0.5,0.5
100579,0,46,0.5,1.0,0.0,1.0,1.0,0.5,0.5
100579,0,47,0.5,1.0,1.0,1.0,1.0,0.5,0.5
100579,0,48,0.5,0.0,0.0,0.5,0.5,0.0,0.5
100579,0,49,0.5,0.0,1.0,0.5,0.5,1.0,0.5
100579,0,50,0.5,1.0,0.0,0.5,0.5,0.0,0.5
100579,0,51,0.5,1.0,1.0,0.5,0.5,1.0,0.5
100579,0,52,0.0,0.5,0.0,0.5,0.5,0.0,0.5
100579,0,53,0.0,0.5,1.0,0.5,0.5,1.0,0.5
100579,0,54,1.0,0.5,0.0,0.5,0.5,0.0,0.5
100579,0,55,1.0,0.5,1.0,0.5,0.5,1.0,0.5
100579,1,0,0.0,0.0,0.0,0.5,0.0,0.0,0.25
100579,1,1,0.0,1.0,0.0,0.5,1.0,0.0,0.25
100579,1,2,0.0,0.0,1.0,0.5,0.0,1.0,0.25
100579,1,3,0.0,1.0,1.0,0.5,1.0,1.0,0.25
100579,1,4,1.0,0.0,0.0,0.5,0.0,0.0,0.25
100579,1,5,1.0,1.0,0.0,0.5,1.0,0.0,0.25
100579,1,6,1.0,0.0,1.0,0.5,0.0,1.0,0.25
100579,1,7,1.0,1.0,1.0,0.5,1.0,1.0,0.25
100579,1,8,0.0,0.0,0.0,0.0,0.0,0.5,0.25
100579,1,9,0.0,1.0,0.0,0.0,1.0,0.5,0.25
100579,1,10,0.0,0.0,1.0,0.0,0.0,0.5,0.25
100579,1,11,0.0,1.0,1.0,0.0,1.0,0.5,0.25
100579,1,12,1.0,0.0,0.0,1.0,0.0,0.5,0.25
100579,1,13,1.0,1.0,0.0,1.0,1.0,0.5,0.25
100579,1,14,1.0,0.0,1.0,1.0,0.0,0.5,0.25
100579,1,15,1.0,1.0,1.0,1.0,1.0,0.5,0.25
100579,1,16,0.0,0.0,0.0,0.0,0.5,0.0,0.25
100579,1,17,0.0,1.0,0.0,0.0,0.5,0.0,0.25
100579,1,18,0.0,0.0,1.0,0.0,0.5,1.0,0.25
100579,1,19,0.0,1.0,1.0,0.0,0.5,1.0,0.25
100579,1,20,1.0,0.0,0.0,1.0,0.5,0.0,0.25
100579,1,21,1.0,1.0,0.0,1.0,0.5,0.0,0.25
100579,1,22,1.0,0.0,1.0,1.0,0.5,1.0,0.25
100579,1,23,1.0,1.0,1.0,1.0,0.5,1.0,0.25
100579,1,24,0.0,0.0,0.0,0.5,0.0,0.5,0.5
100579,1,25,0.0,1.0,0.0,0.5,1.0,0.5,0.5
100579,1,26,0.0,0.0,1.0,0.5,0.0,0.5,0.5
100579,1,27,0.0,1.0,1.0,0.5,1.0,0.5,0.5
100579,1,28,1.0,0.0,0.0,0.5,0.0,0.5,0.5
100579,1,29,1.0,1.0,0.0,0.5,1.0,0.5,0.5
100579,1,30,1.0,0.0,1.0,0.5,0.0,0.5,0.5
100579,1,31,1.0,1.0,1.0,0.5,1.0,0.5,0.5
100579,1,32,0.5,0.0,0.0,0.0,0.0,0.5,0.5
100579,1,33,0.5,1.0,0.0,0.0,1.0,0.5,0.5
100579,1,34,0.5,0.0,1.0,0.0,0.0,0.5,0.5
100579,1,35,0.5,1.0,1.0,0.0,1.0,0.5,0.5
100579,1,36,0.5,0.0,0.0,1.0,0.0,0.5,0.5
100579,1,37,0.5,1.0,0.0,1.0,1.0,0.5,0.5
100579,1,38,0.5,0.0,1.0,1.0,0.0,0.5,0.5
100579,1,39,0.5,1.0,1.0,1.0,1.0,0.5,0.5
100579,1,40,0.5,0.0,0.0,0.0,0.5,0.0,0.5
100579,1,41,0.5,1.0,0.0,0.0,0.5,0.0,0.5
100579,1,42,0.5,0.0,1.0,0.0,0.5,1.0,0.5
100579,1,43,0.5,1.0,1.0,0.0,0.5,1.0,0.5
100579,1,44,0.5,0.0,0.0,1.0,0.5,0.0,0.5
100579,1,45,0.5,1.0,0.0,1.0,0.5,0.0,0.5
100579,1,46,0.5,0.0,1.0,1.0,0.5,1.0,0.5
100579,1,47,0.5,1.0,1.0,1.0,0.5,1.0,0.5
100579,1,48,0.5,0.0,0.0,0.5,0.0,0.5,0.5
100579,1,49,0.5,1.0,0.0,0.5,1.0,0.5,0.5
100579,1,50,0.5,0.0,1.0,0.5,0.0,0.5,0.5
100579,1,51,0.5,1.0,1.0,0.5,1.0,0.5,0.5
100579,1,52,0.0,0.0,0.5,0.5,0.0,0.5,0.5
100579,1,53,0.0,1.0,0.5,0.5,1.0,0.5,0.5
100579,1,54,1.0,0.0,0.5,0.5,0.0,0.5,0.5
100579,1,55,1.0,1.0,0.5,0.5,1.0,0.5,0.5
100579,2,0,0.0,0.0,0.0,0.0,0.5,0.0,0.25
100579,2,1,0.0,0.0,1.0,0.0,0.5,1.0,0.25
100579,2,2,1.0,0.0,0.0,1.0,0.5,0.0,0.25
100579,2,3,1.0,0.0,1.0,1.0,0.5,1.0,0.25
100579,2,4,0.0,1.0,0.0,0.0,0.5,0.0,0.25
100579,2,5,0.0,1.0,1.0,0.0,0.5,1.0,0.25
100579,2,6,1.0,1.0,0.0,1.0,0.5,0.0,0.25
100579,2,7,1.0,1.0,1.0,1.0,0.5,1.0,0.25
100579,2,8,0.0,0.0,0.0,0.5,0.0,0.0,0.25
100579,2,9,0.0,0.0,1.0,0.5,0.0,1.0,0.25
100579,2,10,1.0,0.0,0.0,0.5,0.0,0.0,0.25
100579,2,11,1.0,0.0,1.0,0.5,0.0,1.0,0.25
100579,2,12,0.0,1.0,0.0,0.5,1.0,0.0,0.25
100579,2,13,0.0,1.0,1.0,0.5,1.0,1.0,0.25
100579,2,14,1.0,1.0,0.0,0.5,1.0,0.0,0.25
100579,2,15,1.0,1.0,1.0,0.5,1.0,1.0,0.25
100579,2,16,0.0,0.0,0.0,0.0,0.0,0.5,0.25
100579,2,17,0.0,0.0,1.0,0.0,0.0,0.5,0.25
100579,2,18,1.0,0.0,0.0,1.0,0.0,0.5,0.25
100579,2,19,1.0,0.0,1.0,1.0,0.0,0.5,0.25
100579,2,20,0.0,1.0,0.0,0.0,1.0,0.5,0.25
100579,2,21,0.0,1.0,1.0,0.0,1.0,0.5,0.25
100579,2,22,1.0,1.0,0.0,1.0,1.0,0.5,0.25
100579,2,23,1.0,1.0,1.0,1.0,1.0,0.5,0.25
100579,2,24,0.0,0.0,0.0,0.5,0.5,0.0,0.5
100579,2,25,0.0,0.0,1.0,0.5,0.5,1.0,0.5
100579,2,26,1.0,0.0,0.0,0.5,0.5,0.0,0.5
100579,2,27,1.0,0.0,1.0,0.5,0.5,1.0,0.5
100579,2,28,0.0,1.0,0.0,0.5,0.5,0.0,0.5
100579,2,29,0.0,1.0,1.0,0.5,0.5,1.0,0.5
100579,2,30,1.0,1.0,0.0,0.5,0.5,0.0,0.5
100579,2,31,1.0,1.0,1.0,0.5,0.5,1.0,0.5
100579,2,32,0.0,0.5,0.0,0.5,0.0,0.0,0.5
100579,2,33,0.0,0.5,1.0,0.5,0.0,1.0,0.5
100579,2,34,1.0,0.5,0.0,0.5,0.0,0.0,0.5
100579,2,35,1.0,0.5,1.0,0.5,0.0,1.0,0.5
100579,2,36,0.0,0.5,0.0,0.5,1.0,0.0,0.5
100579,2,37,0.0,0.5,1.0,0.5,1.0,1.0,0.5
100579,2,38,1.0,0.5,0.0,0.5,1.0,0.0,0.5
100579,2,39,1.0,0.5,1.0,0.5,1.0,1.0,0.5
100579,2,40,0.0,0.5,0.0,0.0,0.0,0.5,0.5
100579,2,41,0.0,0.5,1.0,0.0,0.0,0.5,0.5
100579,2,42,1.0,0.5,0.0,1.0,0.0,0.5,0.5
100579,2,43,1.0,0.5,1.0,1.0,0.0,0.5,0.5
100579,2,44,0.0,0.5,0.0,0.0,1.0,0.5,0.5
100579,2,45,0.0,0.5,1.0,0.0,1.0,0.5,0.5
100579,2,46,1.0,0.5,0.0,1.0,1.0,0.5,0.5
100579,2,47,1.0,0.5,1.0,1.0,1.0,0.5,0.5
100579,2,48,0.0,0.5,0.0,0.5,0.5,0.0,0.5
100579,2,49,0.0,0.5,1.0,0.5,0.5,1.0,0.5
100579,2,50,1.0,0.5,0.0,0.5,0.5,0.0,0.5
100579,2,51,1.0,0.5,1.0,0.5,0.5,1.0,0.5
100579,2,52,0.5,0.0,0.0,0.5,0.5,0.0,0.5
100579,2,53,0.5,0.0,1.0,0.5,0.5,1.0,0.5
100579,2,54,0.5,1.0,0.0,0.5,0.5,0.0,0.5
100579,2,55,0.5,1.0,1.0,0.5,0.5,1.0,0.5
100579,4,0,0.0,0.0,0.0,0.0,0.0,0.5,0.25
100579,4,1,0.0,1.0,0.0,0.0,1.0,0.5,0.25
100579,4,2,1.0,0.0,0.0,1.0,0.0,0.5,0.25
100579,4,3,1.0,1.0,0.0,1.0,1.0,0.5,0.25
100579,4,4,0.0,0.0,1.0,0.0,0.0,0.5,0.25
100579,4,5,0.0,1.0,1.0,0.0,1.0,0.5,0.25
100579,4,6,1.0,0.0,1.0,1.0,0.0,0.5,0.25
100579,4,7,1.0,1.0,1.0,1.0,1.0,0.5,0.25
100579,4,8,0.0,0.0,0.0,0.5,0.0,0.0,0.25
100579,4,9,0.0,1.0,0.0,0.5,1.0,0.0,0.25
100579,4,10,1.0,0.0,0.0,0.5,0.0,0.0,0.25
100579,4,11,1.0,1.0,0.0,0.5,1.0,0.0,0.25
100579,4,12,0.0,0.0,1.0,0.5,0.0,1.0,0.25
100579,4,13,0.0,1.0,1.0,0.5,1.0,1.0,0.25
100579,4,14,1.0,0.0,1.0,0.5,0.0,1.0,0.25
100579,4,15,1.0,1.0,1.0,0.5,1.0,1.0,0.25
100579,4,16,0.0,0.0,0.0,0.0,0.5,0.0,0.25
100579,4,17,0.0,1.0,0.0,0.0,0.5,0.0,0.25
100579,4,18,1.0,0.0,0.0,1.0,0.5,0.0,0.25
100579,4,19,1.0,1.0,0.0,1.0,0.5,0.0,0.25
100579,4,20,0.0,0.0,1.0,0.0,0.5,1.0,0.25
100579,4,21,0.0,1.0,1.0,0.0,0.5,1.0,0.25
100579,4,22,1.0,0.0,1.0,1.0,0.5,1.0,0.25
100579,4,23,1.0,1.0,1.0,1.0,0.5,1.0,0.25
100579,4,24,0.0,0.0,0.0,0.5,0.0,0.5,0.5
100579,4,25,0.0,1.0,0.0,0.5,1.0,0.5,0.5
100579,4,26,1.0,0.0,0.0,0.5,0.0,0.5,0.5
100579,4,27,1.0,1.0,0.0,0.5,1.0,0.5,0.5
100579,4,28,0.0,0.0,1.0,0.5,0.0,0.5,0.5
100579,4,29,0.0,1.0,1.0,0.5,1.0,0.5,0.5
100579,4,30,1.0,0.0,1.0,0.5,0.0,0.5,0.5
100579,4,31,1.0,1.0,1.0,0.5,1.0,0.5,0.5
100579,4,32,0.0,0.0,0.5,0.5,0.0,0.0,0.5
100579,4,33,0.0,1.0,0.5,0.5,1.0,0.0,0.5
100579,4,34,1.0,0.0,0.5,0.5,0.0,0.0,0.5
100579,4,35,1.0,1.0,0.5,0.5,1.0,0.0,0.5
100579,4,36,0.0,0.0,0.5,0.5,0.0,1.0,0.5
100579,4,37,0.0,1.0,0.5,0.5,1.0,1.0,0.5
100579,4,38,1.0,0.0,0.5,0.5,0.0,1.0,0.5
100579,4,39,1.0,1.0,0.5,0.5,1.0,1.0,0.5
100579,4,40,0.0,0.0,0.5,0.0,0.5,0.0,0.5
100579,4,41,0.0,1.0,0.5,0.0,0.5,0.0,0.5
100579,4,42,1.0,0.0,0.5,1.0,0.5,0.0,0.5
100579,4,43,1.0,1.0,0.5,1.0,0.5,0.0,0.5
100579,4,44,0.0,0.0,0.5,0.0,0.5,1.0,0.5
100579,4,45,0.0,1.0,0.5,0.0,0.5,1.0,0.5
100579,4,46,1.0,0.0,0.5,1.0,0.5,1.0,0.5
100579,4,47,1.0,1.0,0.5,1.0,0.5,1.0,0.5
100579,4,48,0.0,0.0,0.5,0.5,0.0,0.5,0.5
100579,4,49,0.0,1.0,0.5,0.5,1.0,0.5,0.5
100579,4,50,1.0,0.0,0.5,0.5,0.0,0.5,0.5
100579,4,51,1.0,1.0,0.5,0.5,1.0,0.5,0.5
100579,4,52,0.5,0.0,0.0,0.5,0.0,0.5,0.5
100579,4,53,0.5,1.0,0.0,0.5,1.0,0.5,0.5
100579,4,54,0.5,0.0,1.0,0.5,0.0,0.5,0.5
100579,4,55,0.5,1.0,1.0,0.5,1.0,0.5,0.5
100614,0,0,0.0,0.0,0.0,0.5,0.0,0.0,0.25
100614,0,1,0.0,0.0,1.0,0.5,0.0,1.0,0.25
100614,0,2,0.0,1.0,0.0,0.5,1.0,0.0,0.25
100614,0,3,0.0,1.0,1.0,0.5,1.0,1.0,0.25
100614,0,4,1.0,0.0,0.0,0.5,0.0,0.0,0.25
100614,0,5,1.0,0.0,1.0,0.5,0.0,1.0,0.25
100614,0,6,1.0,1.0,0.0,0.5,1.0,0.0,0.25
100614,0,7,1.0,1.0,1.0,0.5,1.0,1.0,0.25
100614,0,8,0.0,0.0,0.0,0.0,0.5,0.0,0.25
100614,0,9,0.0,0.0,1.0,0.0,0.5,1.0,0.25
100614,0,10,0.0,1.0,0.0,0.0,0.5,0.0,0.25
100614,0,11,0.0,1.0,1.0,0.0,0.5,1.0,0.25
100614,0,12,1.0,0.0,0.0,1.0,0.5,0.0,0.25
100614,0,13,1.0,0.0,1.0,1.0,0.5,1.0,0.25
100614,0,14,1.0,1.0,0.0,1.0,0.5,0.0,0.25
100614,0,15,1.0,1.0,1.0,1.0,0.5,1.0,0.25
100614,0,16,0.0,0.0,0.0,0.0,0.0,0.5,0.25
100614,0,17,0.0,0.0,1.0,0.0,0.0,0.5,0.25
100614,0,18,0.0,1.0,0.0,0.0,1.0,0.5,0.25
100614,0,19,0.0,1.0,1.0,0.0,1.0,0.5,0.25
100614,0,20,1.0,0.0,0.0,1.0,0.0,0.5,0.25
100614,0,21,1.0,0.0,1.0,1.0,0.0,0.5,0.25
100614,0,22,1.0,1.0,0.0,1.0,1.0,0.5,0.25
100614,0,23,1.0,1.0,1.0,1.0,1.0,0.5,0.25
100614,0,24,0.0,0.0,0.0,0.5,0.5,0.0,0.5
100614,0,25,0.0,0.0,1.0,0.5,0.5,1.0,0.5
100614,0,26,0.0,1.0,0.0,0.5,0.5,0.0,0.5
100614,0,27,0.0,1.0,1.0,0.5,0.5,1.0,0.5
100614,0,28,1.0,0.0,0.0,0.5,0.5,0.0,0.5
100614,0,29,1.0,0.0,1.0,0.5,0.5,1.0,0.5
100614,0,30,1.0,1.0,0.0,0.5,0.5,0.0,0.5
100614,0,31,1.0,1.0,1.0,0.5,0.5,1.0,0.5
100614,0,32,0.5,0.0,0.0,0.0,0.5,0.0,0.5
100614,0,33,0.5,0.0,1.0,0.0,0.5,1.0,0.5
100614,0,34,0.5,1.0,0.0,0.0,0.5,0.0,0.5
100614,0,35,0.5,1.0,1.0,0.0,0.5,1.0,0.5
100614,0,36,0.5,0.0,0.0,1.0,0.5,0.0,0.5
100614,0,37,0.5,0.0,1.0,1.0,0.5,1.0,0.5
100614,0,38,0.5,1.0,0.0,1.0,0.5,0.0,0.5
100614,0,39,0.5,1.0,1.0,1.0,0.5,1.0,0.5
100614,0,40,0.5,0.0,0.0,0.0,0.0,0.5,0.5
100614,0,41,0.5,0.0,1.0,0.0,0.0,0.5,0.5
100614,0,42,0.5,1.0,0.0,0.0,1.0,0.5,0.5
100614,0,43,0.5,1.0,1.0,0.0,1.0,0.5,0.5
100614,0,44,0.5,0.0,0.0,1.0,0.0,0.5,0.5
100614,0,45,0.5,0.0,1.0,1.0,0.0,0.5,0.5
100614,0,46,0.5,1.0,0.0,1.0,1.0,0.5,0.5
100614,0,47,0.5,1.0,1.0,1.0,1.0,0.5,0.5
100614,0,48,0.0,0.5,0.0,0.5,0.5,0.0,0.5
100614,0,49,0.0,0.5,1.0,0.5,0.5,1.0,0.5
100614,0,50,1.0,0.5,0.0,0.5,0.5,0.0,0.5
100614,0,51,1.0,0.5,1.0,0.5,0.5,1.0,0.5
100614,0,52,0.0,0.0,0.5,0.5,0.0,0.5,0.5
100614,0,53,0.0,1.0,0.5,0.5,1.0,0.5,0.5
100614,0,54,1.0,0.0,0.5,0.5,0.0,0.5,0.5
100614,0,55,1.0,1.0,0.5,0.5,1.0,0.5,0.5
100614,1,0,0.0,0.0,0.0,0.5,0.0,0.0,0.25
100614,1,1,0.0,1.0,0.0,0.5,1.0,0.0,0.25
100614,1,2,0.0,0.0,1.0,0.5,0.0,1.0,0.25
100614,1,3,0.0,1.0,1.0,0.5,1.0,1.0,0.25
100614,1,4,1.0,0.0,0.0,0.5,0.0,0.0,0.25
100614,1,5,1.0,1.0,0.0,0.5,1.0,0.0,0.25
100614,1,6,1.0,0.0,1.0,0.5,0.0,1.0,0.25
100614,1,7,1.0,1.0,1.0,0.5,1.0,1.0,0.25
100614,1,8,0.0,0.0,0.0,0.0,0.0,0.5,0.25
100614,1,9,0.0,1.0,0.0,0.0,1.0,0.5,0.25
100614,1,10,0.0,0.0,1.0,0.0,0.0,0.5,0.25
100614,1,11,0.0,1.0,1.0,0.0,1.0,0.5,0.25
100614,1,12,1.0,0.0,0.0,1.0,0.0,0.5,0.25
100614,1,13,1.0,1.0,0.0,1.0,1.0,0.5,0.25
100614,1,14,1.0,0.0,1.0,1.0,0.0,0.5,0.25
100614,1,15,1.0,1.0,1.0,1.0,1.0,0.5,0.25
100614,1,16,0.0,0.0,0.0,0.0,0.5,0.0,0.25
100614,1,17,0.0,1.0,0.0,0.0,0.5,0.0,0.25
100614,1,18,0.0,0.0,1.0,0.0,0.5,1.0,0.25
100614,1,19,0.0,1.0,1.0,0.0,0.5,1.0,0.25
100614,1,20,1.0,0.0,0.0,1.0,0.5,0.0,0.25
100614,1,21,1.0,1.0,0.0,1.0,0.5,0.0,0.25
100614,1,22,1.0,0.0,1.0,1.0,0.5,1.0,0.25
100614,1,23,1.0,1.0,1.0,1.0,0.5,1.0,0.25
100614,1,24,0.0,0.0,0.0,0.5,0.0,0.5,0.5
100614,1,25,0.0,1.0,0.0,0.5,1.0,0.5,0.5
100614,1,26,0.0,0.0,1.0,0.5,0.0,0.5,0.5
100614,1,27,0.0,1.0,1.0,0.5,1.0,0.5,0.5
100614,1,28,1.0,0.0,0.0,0.5,0.0,0.5,0.5
100614,1,29,1.0,1.0,0.0,0.5,1.0,0.5,0.5
100614,1,30,1.0,0.0,1.0,0.5,0.0,0.5,0.5
100614,1,31,1.0,1.0,1.0,0.5,1.0,0.5,0.5
100614,1,32,0.5,0.0,0.0,0.0,0.0,0.5,0.5
100614,1,33,0.5,1.0,0.0,0.0,1.0,0.5,0.5
100614,1,34,0.5,0.0,1.0,0.0,0.0,0.5,0.5
100614,1,35,0.5,1.0,1.0,0.0,1.0,0.5,0.5
100614,1,36,0.5,0.0,0.0,1.0,0.0,0.5,0.5
100614,1,37,0.5,1.0,0.0,1.0,1.0,0.5,0.5
100614,1,38,0.5,0.0,1.0,1.0,0.0,0.5,0.5
100614,1,39,0.5,1.0,1.0,1.0,1.0,0.5,0.5
100614,1,40,0.5,0.0,0.0,0.0,0.5,0.0,0.5
100614,1,41,0.5,1.0,0.0,0.0,0.5,0.0,0.5
100614,1,42,0.5,0.0,1.0,0.0,0.5,1.0,0.5
100614,1,43,0.5,1.0,1.0,0.0,0.5,1.0,0.5
100614,1,44,0.5,0.0,0.0,1.0,0.5,0.0,0.5
100614,1,45,0.5,1.0,0.0,1.0,0.5,0.0,0.5
100614,1,46,0.5,0.0,1.0,1.0,0.5,1.0,0.5
100614,1,47,0.5,1.0,1.0,1.0,0.5,1.0,0.5
100614,1,48,0.0,0.0,0.5,0.5,0.0,0.5,0.5
100614,1,49,0.0,1.0,0.5,0.5,1.0,0.5,0.5
100614,1,50,1.0,0.0,0.5,0.5,0.0,0.5,0.5
100614,1,51,1.0,1.0,0.5,0.5,1.0,0.5,0.5
100614,1,52,0.0,0.5,0.0,0.5,0.5,0.0,0.5
100614,1,53,0.0,0.5,1.0,0.5,0.5,1.0,0.5
100614,1,54,1.0,0.5,0.0,0.5,0.5,0.0,0.5
100614,1,55,1.0,0.5,1.0,0.5,0.5,1.0,0.5
100646,4,0,0.0,0.0,0.0,0.0,0.0,0.5,0.25
100646,4,1,0.0,1.0,0.0,0.0,1.0,0.5,0.25
100646,4,2,1.0,0.0,0.0,1.0,0.0,0.5,0.25
100646,4,3,1.0,1.0,0.0,1.0,1.0,0.5,0.25
100646,4,4,0.0,0.0,1.0,0.0,0.0,0.5,0.25
100646,4,5,0.0,1.0,1.0,0.0,1.0,0.5,0.25
100646,4,6,1.0,0.0,1.0,1.0,0.0,0.5,0.25
100646,4,7,1.0,1.0,1.0,1.0,1.0,0.5,0.25
100646,4,8,0.0,0.0,0.0,0.5,0.0,0.0,0.25
100646,4,9,0.0,1.0,0.0,0.5,1.0,0.0,0.25
100646,4,10,1.0,0.0,0.0,0.5,0.0,0.0,0.25
100646,4,11,1.0,1.0,0.0,0.5,1.0,0.0,0.25
100646,4,12,0.0,0.0,1.0,0.5,0.0,1.0,0.25
100646,4,13,0.0,1.0,1.0,0.5,1.0,1.0,0.25
100646,4,14,1.0,0.0,1.0,0.5,0.0,1.0,0.25
100646,4,15,1.0,1.0,1.0,0.5,1.0,1.0,0.25
100646,4,16,0.0,0.0,0.0,0.0,0.5,0.0,0.25
100646,4,17,0.0,1.0,0.0,0.0,0.5,0.0,0.25
100646,4,18,1.0,0.0,0.0,1.0,0.5,0.0,0.25
100646,4,19,1.0,1.0,0.0,1.0,0.5,0.0,0.25
100646,4,20,0.0,0.0,1.0,0.0,0.5,1.0,0.25
100646,4,21,0.0,1.0,1.0,0.0,0.5,1.0,0.25
100646,4,22,1.0,0.0,1.0,1.0,0.5,1.0,0.25
100646,4,23,1.0,1.0,1.0,1.0,0.5,1.0,0.25
100646,4,24,0.0,0.0,0.0,0.5,0.0,0.5,0.5
100646,4,25,0.0,1.0,0.0,0.5,1.0,0.5,0.5
100646,4,26,1.0,0.0,0.0,0.5,0.0,0.5,0.5
100646,4,27,1.0,1.0,0.0,0.5,1.0,0.5,0.5
100646,4,28,0.0,0.0,1.0,0.5,0.0,0.5,0.5
100646,4,29,0.0,1.0,1.0,0.5,1.0,0.5,0.5
100646,4,30,1.0,0.0,1.0,0.5,0.0,0.5,0.5
100646,4,31,1.0,1.0,1.0,0.5,1.0,0.5,0.5
100646,4,32,0.0,0.0,0.5,0.5,0.0,0.0,0.5
100646,4,33,0.0,1.0,0.5,0.5,1.0,0.0,0.5
100646,4,34,1.0,0.0,0.5,0.5,0.0,0.0,0.5
100646,4,35,1.0,1.0,0.5,0.5,1.0,0.0,0.5
100646,4,36,0.0,0.0,0.5,0.5,0.0,1.0,0.5
100646,4,37,0.0,1.0,0.5,0.5,1.0,1.0,0.5
100646,4,38,1.0,0.0,0.5,0.5,0.0,1.0,0.5
100646,4,39,1.0,1.0,0.5,0.5,1.0,1.0,0.5
100646,4,40,0.0,0.0,0.5,0.5,0.0,0.5,0.5
100646,4,41,0.0,1.0,0.5,0.5,1.0,0.5,0.5
100646,4,42,1.0,0.0,0.5,0.5,0.0,0.5,0.5
100646,4,43,1.0,1.0,0.5,0.5,1.0,0.5,0.5
100646,4,44,0.0,0.0,0.5,0.0,0.5,0.5,0.5
100646,4,45,0.0,1.0,0.5,0.0,0.5,0.5,0.5
100646,4,46,1.0,0.0,0.5,1.0,0.5,0.5,0.5
100646,4,47,1.0,1.0,0.5,1.0,0.5,0.5,0.5
100646,4,48,0.5,0.0,0.0,0.5,0.0,0.5,0.5
100646,4,49,0.5,1.0,0.0,0.5,1.0,0.5,0.5
100646,4,50,0.5,0.0,1.0,0.5,0.0,0.5,0.5
100646,4,51,0.5,1.0,1.0,0.5,1.0,0.5,0.5
100650,4,0,0.0,0.0,0.0,0.0,0.0,0.5,0.25
100650,4,1,0.0,1.0,0.0,0.0,1.0,0.5,0.25
100650,4,2,1.0,0.0,0.0,1.0,0.0,0.5,0.25
100650,4,3,1.0,1.0,0.0,1.0,1.0,0.5,0.25
100650,4,4,0.0,0.0,1.0,0.0,0.0,0.5,0.25
100650,4,5,0.0,1.0,1.0,0.0,1.0,0.5,0.25
100650,4,6,1.0,0.0,1.0,1.0,0.0,0.5,0.25
100650,4,7,1.0,1.0,1.0,1.0,1.0,0.5,0.25
100650,4,8,0.0,0.0,0.0,0.5,0.0,0.0,0.25
100650,4,9,0.0,1.0,0.0,0.5,1.0,0.0,0.25
100650,4,10,1.0,0.0,0.0,0.5,0.0,0.0,0.25
100650,4,11,1.0,1.0,0.0,0.5,1.0,0.0,0.25
100650,4,12,0.0,0.0,1.0,0.5,0.0,1.0,0.25
100650,4,13,0.0,1.0,1.0,0.5,1.0,1.0,0.25
100650,4,14,1.0,0.0,1.0,0.5,0.0,1.0,0.25
100650,4,15,1.0,1.0,1.0,0.5,1.0,1.0,0.25
100650,4,16,0.0,0.0,0.0,0.0,0.5,0.0,0.25
100650,4,17,0.0,1.0,0.0,0.0,0.5,0.0,0.25
100650,4,18,1.0,0.0,0.0,1.0,0.5,0.0,0.25
100650,4,19,1.0,1.0,0.0,1.0,0.5,0.0,0.25
100650,4,20,0.0,0.0,1.0,0.0,0.5,1.0,0.25
100650,4,21,0.0,1.0,1.0,0.0,0.5,1.0,0.25
100650,4,22,1.0,0.0,1.0,1.0,0.5,1.0,0.25
100650,4,23,1.0,1.0,1.0,1.0,0.5,1.0,0.25
100650,4,24,0.0,0.0,0.0,0.5,0.0,0.5,0.5
100650,4,25,0.0,1.0,0.0,0.5,1.0,0.5,0.5
100650,4,26,1.0,0.0,0.0,0.5,0.0,0.5,0.5
100650,4,27,1.0,1.0,0.0,0.5,1.0,0.5,0.5
100650,4,28,0.0,0.0,1.0,0.5,0.0,0.5,0.5
100650,4,29,0.0,1.0,1.0,0.5,1.0,0.5,0.5
100650,4,30,1.0,0.0,1.0,0.5,0.0,0.5,0.5
100650,4,31,1.0,1.0,1.0,0.5,1.0,0.5,0.5
100650,4,32,0.0,0.0,0.5,0.5,0.0,0.0,0.5
100650,4,33,0.0,1.0,0.5,0.5,1.0,0.0,0.5
100650,4,34,1.0,0.0,0.5,0.5,0.0,0.0,0.5
100650,4,35,1.0,1.0,0.5,0.5,1.0,0.0,0.5
100650,4,36,0.0,0.0,0.5,0.5,0.0,1.0,0.5
100650,4,37,0.0,1.0,0.5,0.5,1.0,1.0,0.5
100650,4,38,1.0,0.0,0.5,0.5,0.0,1.0,0.5
100650,4,39,1.0,1.0,0.5,0.5,1.0,1.0,0.5
100650,4,40,0.0,0.0,0.5,0.5,0.0,0.5,0.5
100650,4,41,0.0,1.0,0.5,0.5,1.0,0.5,0.5
100650,4,42,1.0,0.0,0.5,0.5,0.0,0.5,0.5
100650,4,43,1.0,1.0,0.5,0.5,1.0,0.5,0.5
100650,4,44,0.0,0.0,0.5,0.0,0.5,0.5,0.5
100650,4,45,0.0,1.0,0.5,0.0,0.5,0.5,0.5
100650,4,46,1.0,0.0,0.5,1.0,0.5,0.5,0.5
100650,4,47,1.0,1.0,0.5,1.0,0.5,0.5,0.5
100650,4,48,0.0,0.5,0.0,0.0,0.5,0.5,0.5
100650,4,49,1.0,0.5,0.0,1.0,0.5,0.5,0.5
100650,4,50,0.0,0.5,1.0,0.0,0.5,0.5,0.5
100650,4,51,1.0,0.5,1.0,1.0,0.5,0.5,0.5
100652,2,0,0.0,0.0,0.0,0.0,0.5,0.0,0.25
100652,2,1,0.0,0.0,1.0,0.0,0.5,1.0,0.25
100652,2,2,1.0,0.0,0.0,1.0,0.5,0.0,0.25
100652,2,3,1.0,0.0,1.0,1.0,0.5,1.0,0.25
100652,2,4,0.0,1.0,0.0,0.0,0.5,0.0,0.25
100652,2,5,0.0,1.0,1.0,0.0,0.5,1.0,0.25
100652,2,6,1.0,1.0,0.0,1.0,0.5,0.0,0.25
100652,2,7,1.0,1.0,1.0,1.0,0.5,1.0,0.25
100652,2,8,0.0,0.0,0.0,0.5,0.0,0.0,0.25
100652,2,9,0.0,0.0,1.0,0.5,0.0,1.0,0.25
100652,2,10,1.0,0.0,0.0,0.5,0.0,0.0,0.25
100652,2,11,1.0,0.0,1.0,0.5,0.0,1.0,0.25
100652,2,12,0.0,1.0,0.0,0.5,1.0,0.0,0.25
100652,2,13,0.0,1.0,1.0,0.5,1.0,1.0,0.25
100652,2,14,1.0,1.0,0.0,0.5,1.0,0.0,0.25
100652,2,15,1.0,1.0,1.0,0.5,1.0,1.0,0.25
100652,2,16,0.0,0.0,0.0,0.0,0.0,0.5,0.25
100652,2,17,0.0,0.0,1.0,0.0,0.0,0.5,0.25
100652,2,18,1.0,0.0,0.0,1.0,0.0,0.5,0.25
100652,2,19,1.0,0.0,1.0,1.0,0.0,0.5,0.25
100652,2,20,0.0,1.0,0.0,0.0,1.0,0.5,0.25
100652,2,21,0.0,1.0,1.0,0.0,1.0,0.5,0.25
100652,2,22,1.0,1.0,0.0,1.0,1.0,0.5,0.25
100652,2,23,1.0,1.0,1.0,1.0,1.0,0.5,0.25
100652,2,24,0.0,0.0,0.0,0.5,0.5,0.0,0.5
100652,2,25,0.0,0.0,1.0,0.5,0.5,1.0,0.5
100652,2,26,1.0,0.0,0.0,0.5,0.5,0.0,0.5
100652,2,27,1.0,0.0,1.0,0.5,0.5,1.0,0.5
100652,2,28,0.0,1.0,0.0,0.5,0.5,0.0,0.5
100652,2,29,0.0,1.0,1.0,0.5,0.5,1.0,0.5
100652,2,30,1.0,1.0,0.0,0.5,0.5,0.0,0.5
100652,2,31,1.0,1.0,1.0,0.5,0.5,1.0,0.5
100652,2,32,0.0,0.5,0.0,0.5,0.0,0.0,0.5
100652,2,33,0.0,0.5,1.0,0.5,0.0,1.0,0.5
100652,2,34,1.0,0.5,0.0,0.5,0.0,0.0,0.5
100652,2,35,1.0,0.5,1.0,0.5,0.0,1.0,0.5
100652,2,36,0.0,0.5,0.0,0.5,1.0,0.0,0.5
100652,2,37,0.0,0.5,1.0,0.5,1.0,1.0,0.5
100652,2,38,1.0,0.5,0.0,0.5,1.0,0.0,0.5
100652,2,39,1.0,0.5,1.0,0.5,1.0,1.0,0.5
100652,2,40,0.0,0.5,0.0,0.5,0.5,0.0,0.5
100652,2,41,0.0,0.5,1.0,0.5,0.5,1.0,0.5
100652,2,42,1.0,0.5,0.0,0.5,0.5,0.0,0.5
100652,2,43,1.0,0.5,1.0,0.5,0.5,1.0,0.5
100652,2,44,0.0,0.5,0.0,0.0,0.5,0.5,0.5
100652,2,45,0.0,0.5,1.0,0.0,0.5,0.5,0.5
100652,2,46,1.0,0.5,0.0,1.0,0.5,0.5,0.5
100652,2,47,1.0,0.5,1.0,1.0,0.5,0.5,0.5
100652,2,48,0.5,0.5,0.0,0.0,0.5,0.5,1.0
100652,2,49,0.5,0.5,1.0,0.0,0.5,0.5,1.0
100652,2,50,0.5,0.5,0.0,1.0,0.5,0.5,1.0
100652,2,51,0.5,0.5,1.0,1.0,0.5,0.5,1.0
100665,0,0,0.0,0.0,0.0,0.5,0.0,0.0,0.25
100665,0,1,0.0,0.0,1.0,0.5,0.0,1.0,0.25
100665,0,2,0.0,1.0,0.0,0.5,1.0,0.0,0.25
100665,0,3,0.0,1.0,1.0,0.5,1.0,1.0,0.25
100665,0,4,1.0,0.0,0.0,0.5,0.0,0.0,0.25
100665,0,5,1.0,0.0,1.0,0.5,0.0,1.0,0.25
100665,0,6,1.0,1.0,0.0,0.5,1.0,0.0,0.25
100665,0,7,1.0,1.0,1.0,0.5,1.0,1.0,0.25
100665,0,8,0.0,0.0,0.0,0.0,0.5,0.0,0.25
100665,0,9,0.0,0.0,1.0,0.0,0.5,1.0,0.25
100665,0,10,0.0,1.0,0.0,0.0,0.5,0.0,0.25
100665,0,11,0.0,1.0,1.0,0.0,0.5,1.0,0.25
100665,0,12,1.0,0.0,0.0,1.0,0.5,0.0,0.25
100665,0,13,1.0,0.0,1.0,1.0,0.5,1.0,0.25
100665,0,14,1.0,1.0,0.0,1.0,0.5,0.0,0.25
100665,0,15,1.0,1.0,1.0,1.0,0.5,1.0,0.25
100665,0,16,0.0,0.0,0.0,0.0,0.0,0.5,0.25
100665,0,17,0.0,0.0,1.0,0.0,0.0,0.5,0.25
100665,0,18,0.0,1.0,0.0,0.0,1.0,0.5,0.25
100665,0,19,0.0,1.0,1.0,0.0,1.0,0.5,0.25
100665,0,20,1.0,0.0,0.0,1.0,0.0,0.5,0.25
100665,0,21,1.0,0.0,1.0,1.0,0.0,0.5,0.25
100665,0,22,1.0,1.0,0.0,1.0,1.0,0.5,0.25
100665,0,23,1.0,1.0,1.0,1.0,1.0,0.5,0.25
100665,0,24,0.0,0.0,0.0,0.5,0.5,0.0,0.5
100665,0,25,0.0,0.0,1.0,0.5,0.5,1.0,0.5
100665,0,26,0.0,1.0,0.0,0.5,0.5,0.0,0.5
100665,0,27,0.0,1.0,1.0,0.5,0.5,1.0,0.5
100665,0,28,1.0,0.0,0.0,0.5,0.5,0.0,0.5
100665,0,29,1.0,0.0,1.0,0.5,0.5,1.0,0.5
100665,0,30,1.0,1.0,0.0,0.5,0.5,0.0,0.5
100665,0,31,1.0,1.0,1.0,0.5,0.5,1.0,0.5
100665,0,32,0.5,0.0,0.0,0.0,0.5,0.0,0.5
100665,0,33,0.5,0.0,1.0,0.0,0.5,1.0,0.5
100665,0,34,0.5,1.0,0.0,0.0,0.5,0.0,0.5
100665,0,35,0.5,1.0,1.0,0.0,0.5,1.0,0.5
100665,0,36,0.5,0.0,0.0,1.0,0.5,0.0,0.5
100665,0,37,0.5,0.0,1.0,1.0,0.5,1.0,0.5
100665,0,38,0.5,1.0,0.0,1.0,0.5,0.0,0.5
100665,0,39,0.5,1.0,1.0,1.0,0.5,1.0,0.5
100665,0,40,0.5,0.0,0.0,0.5,0.5,0.0,0.5
100665,0,41,0.5,0.0,1.0,0.5,0.5,1.0,0.5
100665,0,42,0.5,1.0,0.0,0.5,0.5,0.0,0.5
100665,0,43,0.5,1.0,1.0,0.5,0.5,1.0,0.5
100665,0,44,0.0,0.5,0.0,0.5,0.5,0.0,0.5
100665,0,45,0.0,0.5,1.0,0.5,0.5,1.0,0.5
100665,0,46,1.0,0.5,0.0,0.5,0.5,0.0,0.5
100665,0,47,1.0,0.5,1.0,0.5,0.5,1.0,0.5
100665,0,48,0.0,0.0,0.5,0.5,0.0,0.5,0.5
100665,0,49,0.0,1.0,0.5,0.5,1.0,0.5,0.5
100665,0,50,1.0,0.0,0.5,0.5,0.0,0.5,0.5
100665,0,51,1.0,1.0,0.5,0.5,1.0,0.5,0.5
100665,1,0,0.0,0.0,0.0,0.5,0.0,0.0,0.25
100665,1,1,0.0,1.0,0.0,0.5,1.0,0.0,0.25
100665,1,2,0.0,0.0,1.0,0.5,0.0,1.0,0.25
100665,1,3,0.0,1.0,1.0,0.5,1.0,1.0,0.25
100665,1,4,1.0,0.0,0.0,0.5,0.0,0.0,0.25
100665,1,5,1.0,1.0,0.0,0.5,1.0,0.0,0.25
100665,1,6,1.0,0.0,1.0,0.5,0.0,1.0,0.25
100665,1,7,1.0,1.0,1.0,0.5,1.0,1.0,0.25
100665,1,8,0.0,0.0,0.0,0.0,0.0,0.5,0.25
100665,1,9,0.0,1.0,0.0,0.0,1.0,0.5,0.25
100665,1,10,0.0,0.0,1.0,0.0,0.0,0.5,0.25
100665,1,11,0.0,1.0,1.0,0.0,1.0,0.5,0.25
100665,1,12,1.0,0.0,0.0,1.0,0.0,0.5,0.25
100665,1,13,1.0,1.0,0.0,1.0,1.0,0.5,0.25
100665,1,14,1.0,0.0,1.0,1.0,0.0,0.5,0.25
100665,1,15,1.0,1.0,1.0,1.0,1.0,0.5,0.25
100665,1,16,0.0,0.0,0.0,0.0,0.5,0.0,0.25
100665,1,17,0.0,1.0,0.0,0.0,0.5,0.0,0.25
100665,1,18,0.0,0.0,1.0,0.0,0.5,1.0,0.25
100665,1,19,0.0,1.0,1.0,0.0,0.5,1.0,0.25
100665,1,20,1.0,0.0,0.0,1.0,0.5,0.0,0.25
100665,1,21,1.0,1.0,0.0,1.0,0.5,0.0,0.25
100665,1,22,1.0,0.0,1.0,1.0,0.5,1.0,0.25
100665,1,23,1.0,1.0,1.0,1.0,0.5,1.0,0.25
100665,1,24,0.0,0.0,0.0,0.5,0.0,0.5,0.5
100665,1,25,0.0,1.0,0.0,0.5,1.0,0.5,0.5
100665,1,26,0.0,0.0,1.0,0.5,0.0,0.5,0.5
100665,1,27,0.0,1.0,1.0,0.5,1.0,0.5,0.5
100665,1,28,1.0,0.0,0.0,0.5,0.0,0.5,0.5
100665,1,29,1.0,1.0,0.0,0.5,1.0,0.5,0.5
100665,1,30,1.0,0.0,1.0,0.5,0.0,0.5,0.5
100665,1,31,1.0,1.0,1.0,0.5,1.0,0.5,0.5
100665,1,32,0.5,0.0,0.0,0.0,0.0,0.5,0.5
100665,1,33,0.5,1.0,0.0,0.0,1.0,0.5,0.5
100665,1,34,0.5,0.0,1.0,0.0,0.0,0.5,0.5
100665,1,35,0.5,1.0,1.0,0.0,1.0,0.5,0.5
100665,1,36,0.5,0.0,0.0,1.0,0.0,0.5,0.5
100665,1,37,0.5,1.0,0.0,1.0,1.0,0.5,0.5
100665,1,38,0.5,0.0,1.0,1.0,0.0,0.5,0.5
100665,1,39,0.5,1.0,1.0,1.0,1.0,0.5,0.5
100665,1,40,0.5,0.0,0.0,0.5,0.0,0.5,0.5
100665,1,41,0.5,1.0,0.0,0.5,1.0,0.5,0.5
100665,1,42,0.5,0.0,1.0,0.5,0.0,0.5,0.5
100665,1,43,0.5,1.0,1.0,0.5,1.0,0.5,0.5
100665,1,44,0.0,0.0,0.5,0.5,0.0,0.5,0.5
100665,1,45,0.0,1.0,0.5,0.5,1.0,0.5,0.5
100665,1,46,1.0,0.0,0.5,0.5,0.0,0.5,0.5
100665,1,47,1.0,1.0,0.5,0.5,1.0,0.5,0.5
100665,1,48,0.0,0.5,0.0,0.5,0.5,0.0,0.5
100665,1,49,0.0,0.5,1.0,0.5,0.5,1.0,0.5
100665,1,50,1.0,0.5,0.0,0.5,0.5,0.0,0.5
100665,1,51,1.0,0.5,1.0,0.5,0.5,1.0,0.5
100665,2,0,0.0,0.0,0.0,0.0,0.5,0.0,0.25
100665,2,1,0.0,0.0,1.0,0.0,0.5,1.0,0.25
100665,2,2,1.0,0.0,0.0,1.0,0.5,0.0,0.25
100665,2,3,1.0,0.0,1.0,1.0,0.5,1.0,0.25
100665,2,4,0.0,1.0,0.0,0.0,0.5,0.0,0.25
100665,2,5,0.0,1.0,1.0,0.0,0.5,1.0,0.25
100665,2,6,1.0,1.0,0.0,1.0,0.5,0.0,0.25
100665,2,7,1.0,1.0,1.0,1.0,0.5,1.0,0.25
100665,2,8,0.0,0.0,0.0,0.5,0.0,0.0,0.25
100665,2,9,0.0,0.0,1.0,0.5,0.0,1.0,0.25
100665,2,10,1.0,0.0,0.0,0.5,0.0,0.0,0.25
100665,2,11,1.0,0.0,1.0,0.5,0.0,1.0,0.25
100665,2,12,0.0,1.0,0.0,0.5,1.0,0.0,0.25
100665,2,13,0.0,1.0,1.0,0.5,1.0,1.0,0.25
100665,2,14,1.0,1.0,0.0,0.5,1.0,0.0,0.25
100665,2,15,1.0,1.0,1.0,0.5,1.0,1.0,0.25
100665,2,16,0.0,0.0,0.0,0.0,0.0,0.5,0.25
100665,2,17,0.0,0.0,1.0,0.0,0.0,0.5,0.25
100665,2,18,1.0,0.0,0.0,1.0,0.0,0.5,0.25
100665,2,19,1.0,0.0,1.0,1.0,0.0,0.5,0.25
100665,2,20,0.0,1.0,0.0,0.0,1.0,0.5,0.25
100665,2,21,0.0,1.0,1.0,0.0,1.0,0.5,0.25
100665,2,22,1.0,1.0,0.0,1.0,1.0,0.5,0.25
100665,2,23,1.0,1.0,1.0,1.0,1.0,0.5,0.25
100665,2,24,0.0,0.0,0.0,0.5,0.5,0.0,0.5
100665,2,25,0.0,0.0,1.0,0.5,0.5,1.0,0.5
100665,2,26,1.0,0.0,0.0,0.5,0.5,0.0,0.5
100665,2,27,1.0,0.0,1.0,0.5,0.5,1.0,0.5
100665,2,28,0.0,1.0,0.0,0.5,0.5,0.0,0.5
100665,2,29,0.0,1.0,1.0,0.5,0.5,1.0,0.5
100665,2,30,1.0,1.0,0.0,0.5,0.5,0.0,0.5
100665,2,31,1.0,1.0,1.0,0.5,0.5,1.0,0.5
100665,2,32,0.0,0.5,0.0,0.5,0.0,0.0,0.5
100665,2,33,0.0,0.5,1.0,0.5,0.0,1.0,0.5
100665,2,34,1.0,0.5,0.0,0.5,0.0,0.0,0.5
100665,2,35,1.0,0.5,1.0,0.5,0.0,1.0,0.5
100665,2,36,0.0,0.5,0.0,0.5,1.0,0.0,0.5
100665,2,37,0.0,0.5,1.0,0.5,1.0,1.0,0.5
100665,2,38,1.0,0.5,0.0,0.5,1.0,0.0,0.5
100665,2,39,1.0,0.5,1.0,0.5,1.0,1.0,0.5
100665,2,40,0.0,0.5,0.0,0.5,0.5,0.0,0.5
100665,2,41,0.0,0.5,1.0,0.5,0.5,1.0,0.5
100665,2,42,1.0,0.5,0.0,0.5,0.5,0.0,0.5
100665,2,43,1.0,0.5,1.0,0.5,0.5,1.0,0.5
100665,2,44,0.5,0.0,0.0,0.5,0.5,0.0,0.5
100665,2,45,0.5,0.0,1.0,0.5,0.5,1.0,0.5
100665,2,46,0.5,1.0,0.0,0.5,0.5,0.0,0.5
100665,2,47,0.5,1.0,1.0,0.5,0.5,1.0,0.5
100665,2,48,0.0,0.0,0.5,0.0,0.5,0.5,0.5
100665,2,49,1.0,0.0,0.5,1.0,0.5,0.5,0.5
100665,2,50,0.0,1.0,0.5,0.0,0.5,0.5,0.5
100665,2,51,1.0,1.0,0.5,1.0,0.5,0.5,0.5
100665,4,0,0.0,0.0,0.0,0.0,0.0,0.5,0.25
100665,4,1,0.0,1.0,0.0,0.0,1.0,0.5,0.25
100665,4,2,1.0,0.0,0.0,1.0,0.0,0.5,0.25
100665,4,3,1.0,1.0,0.0,1.0,1.0,0.5,0.25
100665,4,4,0.0,0.0,1.0,0.0,0.0,0.5,0.25
100665,4,5,0.0,1.0,1.0,0.0,1.0,0.5,0.25
100665,4,6,1.0,0.0,1.0,1.0,0.0,0.5,0.25
100665,4,7,1.0,1.0,1.0,1.0,1.0,0.5,0.25
100665,4,8,0.0,0.0,0.0,0.5,0.0,0.0,0.25
100665,4,9,0.0,1.0,0.0,0.5,1.0,0.0,0.25
100665,4,10,1.0,0.0,0.0,0.5,0.0,0.0,0.25
100665,4,11,1.0,1.0,0.0,0.5,1.0,0.0,0.25
100665,4,12,0.0,0.0,1.0,0.5,0.0,1.0,0.25
100665,4,13,0.0,1.0,1.0,0.5,1.0,1.0,0.25
100665,4,14,1.0,0.0,1.0,0.5,0.0,1.0,0.25
100665,4,15,1.0,1.0,1.0,0.5,1.0,1.0,0.25
100665,4,16,0.0,0.0,0.0,0.0,0.5,0.0,0.25
100665,4,17,0.0,1.0,0.0,0.0,0.5,0.0,0.25
100665,4,18,1.0,0.0,0.0,1.0,0.5,0.0,0.25
100665,4,19,1.0,1.0,0.0,1.0,0.5,0.0,0.25
100665,4,20,0.0,0.0,1.0,0.0,0.5,1.0,0.25
100665,4,21,0.0,1.0,1.0,0.0,0.5,1.0,0.25
100665,4,22,1.0,0.0,1.0,1.0,0.5,1.0,0.25
100665,4,23,1.0,1.0,1.0,1.0,0.5,1.0,0.25
100665,4,24,0.0,0.0,0.0,0.5,0.0,0.5,0.5
100665,4,25,0.0,1.0,0.0,0.5,1.0,0.5,0.5
100665,4,26,1.0,0.0,0.0,0.5,0.0,0.5,0.5
100665,4,27,1.0,1.0,0.0,0.5,1.0,0.5,0.5
100665,4,28,0.0,0.0,1.0,0.5,0.0,0.5,0.5
100665,4,29,0.0,1.0,1.0,0.5,1.0,0.5,0.5
100665,4,30,1.0,0.0,1.0,0.5,0.0,0.5,0.5
100665,4,31,1.0,1.0,1.0,0.5,1.0,0.5,0.5
100665,4,32,0.0,0.0,0.5,0.5,0.0,0.0,0.5
100665,4,33,0.0,1.0,0.5,0.5,1.0,0.0,0.5
100665,4,34,1.0,0.0,0.5,0.5,0.0,0.0,0.5
100665,4,35,1.0,1.0,0.5,0.5,1.0,0.0,0.5
100665,4,36,0.0,0.0,0.5,0.5,0.0,1.0,0.5
100665,4,37,0.0,1.0,0.5,0.5,1.0,1.0,0.5
100665,4,38,1.0,0.0,0.5,0.5,0.0,1.0,0.5
100665,4,39,1.0,1.0,0.5,0.5,1.0,1.0,0.5
100665,4,40,0.0,0.0,0.5,0.5,0.0,0.5,0.5
100665,4,41,0.0,1.0,0.5,0.5,1.0,0.5,0.5
100665,4,42,1.0,0.0,0.5,0.5,0.0,0.5,0.5
100665,4,43,1.0,1.0,0.5,0.5,1.0,0.5,0.5
100665,4,44,0.5,0.0,0.0,0.5,0.0,0.5,0.5
100665,4,45,0.5,1.0,0.0,0.5,1.0,0.5,0.5
100665,4,46,0.5,0.0,1.0,0.5,0.0,0.5,0.5
100665,4,47,0.5,1.0,1.0,0.5,1.0,0.5,0.5
100665,4,48,0.0,0.5,0.0,0.0,0.5,0.5,0.5
100665,4,49,1.0,0.5,0.0,1.0,0.5,0.5,0.5
100665,4,50,0.0,0.5,1.0,0.0,0.5,0.5,0.5
100665,4,51,1.0,0.5,1.0,1.0,0.5,0.5,0.5
100666,0,0,0.0,0.0,0.0,0.5,0.0,0.0,0.25
100666,0,1,0.0,0.0,1.0,0.5,0.0,1.0,0.25
100666,0,2,0.0,1.0,0.0,0.5,1.0,0.0,0.25
100666,0,3,0.0,1.0,1.0,0.5,1.0,1.0,0.25
100666,0,4,1.0,0.0,0.0,0.5,0.0,0.0,0.25
100666,0,5,1.0,0.0,1.0,0.5,0.0,1.0,0.25
100666,0,6,1.0,1.0,0.0,0.5,1.0,0.0,0.25
100666,0,7,1.0,1.0,1.0,0.5,1.0,1.0,0.25
100666,0,8,0.0,0.0,0.0,0.0,0.5,0.0,0.25
100666,0,9,0.0,0.0,1.0,0.0,0.5,1.0,0.25
100666,0,10,0.0,1.0,0.0,0.0,0.5,0.0,0.25
100666,0,11,0.0,1.0,1.0,0.0,0.5,1.0,0.25
100666,0,12,1.0,0.0,0.0,1.0,0.5,0.0,0.25
100666,0,13,1.0,0.0,1.0,1.0,0.5,1.0,0.25
100666,0,14,1.0,1.0,0.0,1.0,0.5,0.0,0.25
100666,0,15,1.0,1.0,1.0,1.0,0.5,1.0,0.25
100666,0,16,0.0,0.0,0.0,0.0,0.0,0.5,0.25
100666,0,17,0.0,0.0,1.0,0.0,0.0,0.5,0.25
100666,0,18,0.0,1.0,0.0,0.0,1.0,0.5,0.25
100666,0,19,0.0,1.0,1.0,0.0,1.0,0.5,0.25
100666,0,20,1.0,0.0,0.0,1.0,0.0,0.5,0.25
100666,0,21,1.0,0.0,1.0,1.0,0.0,0.5,0.25
100666,0,22,1.0,1.0,0.0,1.0,1.0,0.5,0.25
100666,0,23,1.0,1.0,1.0,1.0,1.0,0.5,0.25
100666,0,24,0.0,0.0,0.0,0.5,0.5,0.0,0.5
100666,0,25,0.0,0.0,1.0,0.5,0.5,1.0,0.5
100666,0,26,0.0,1.0,0.0,0.5,0.5,0.0,0.5
100666,0,27,0.0,1.0,1.0,0.5,0.5,1.0,0.5
100666,0,28,1.0,0.0,0.0,0.5,0.5,0.0,0.5
100666,0,29,1.0,0.0,1.0,0.5,0.5,1.0,0.5
100666,0,30,1.0,1.0,0.0,0.5,0.5,0.0,0.5
100666,0,31,1.0,1.0,1.0,0.5,0.5,1.0,0.5
100666,0,32,0.5,0.0,0.0,0.0,0.5,0.0,0.5
100666,0,33,0.5,0.0,1.0,0.0,0.5,1.0,0.5
100666,0,34,0.5,1.0,0.0,0.0,0.5,0.0,0.5
100666,0,35,0.5,1.0,1.0,0.0,0.5,1.0,0.5
100666,0,36,0.5,0.0,0.0,1.0,0.5,0.0,0.5
100666,0,37,0.5,0.0,1.0,1.0,0.5,1.0,0.5
100666,0,38,0.5,1.0,0.0,1.0,0.5,0.0,0.5
100666,0,39,0.5,1.0,1.0,1.0,0.5,1.0,0.5
100666,0,40,0.5,0.0,0.0,0.5,0.5,0.0,0.5
100666,0,41,0.5,0.0,1.0,0.5,0.5,1.0,0.5
100666,0,42,0.5,1.0,0.0,0.5,0.5,0.0,0.5
100666,0,43,0.5,1.0,1.0,0.5,0.5,1.0,0.5
100666,0,44,0.0,0.5,0.0,0.5,0.5,0.0,0.5
100666,0,45,0.0,0.5,1.0,0.5,0.5,1.0,0.5
100666,0,46,1.0,0.5,0.0,0.5,0.5,0.0,0.5
100666,0,47,1.0,0.5,1.0,0.5,0.5,1.0,0.5
100666,0,48,0.5,0.5,0.0,0.5,0.0,0.5,1.0
100666,0,49,0.5,0.5,1.0,0.5,0.0,0.5,1.0
100666,0,50,0.5,0.5,0.0,0.5,1.0,0.5,1.0
100666,0,51,0.5,0.5,1.0,0.5,1.0,0.5,1.0
100666,2,0,0.0,0.0,0.0,0.0,0.5,0.0,0.25
100666,2,1,0.0,0.0,1.0,0.0,0.5,1.0,0.25
100666,2,2,1.0,0.0,0.0,1.0,0.5,0.0,0.25
100666,2,3,1.0,0.0,1.0,1.0,0.5,1.0,0.25
100666,2,4,0.0,1.0,0.0,0.0,0.5,0.0,0.25
100666,2,5,0.0,1.0,1.0,0.0,0.5,1.0,0.25
100666,2,6,1.0,1.0,0.0,1.0,0.5,0.0,0.25
100666,2,7,1.0,1.0,1.0,1.0,0.5,1.0,0.25
100666,2,8,0.0,0.0,0.0,0.5,0.0,0.0,0.25
100666,2,9,0.0,0.0,1.0,0.5,0.0,1.0,0.25
100666,2,10,1.0,0.0,0.0,0.5,0.0,0.0,0.25
100666,2,11,1.0,0.0,1.0,0.5,0.0,1.0,0.25
100666,2,12,0.0,1.0,0.0,0.5,1.0,0.0,0.25
100666,2,13,0.0,1.0,1.0,0.5,1.0,1.0,0.25
100666,2,14,1.0,1.0,0.0,0.5,1.0,0.0,0.25
100666,2,15,1.0,1.0,1.0,0.5,1.0,1.0,0.25
100666,2,16,0.0,0.0,0.0,0.0,0.0,0.5,0.25
100666,2,17,0.0,0.0,1.0,0.0,0.0,0.5,0.25
100666,2,18,1.0,0.0,0.0,1.0,0.0,0.5,0.25
100666,2,19,1.0,0.0,1.0,1.0,0.0,0.5,0.25
100666,2,20,0.0,1.0,0.0,0.0,1.0,0.5,0.25
100666,2,21,0.0,1.0,1.0,0.0,1.0,0.5,0.25
100666,2,22,1.0,1.0,0.0,1.0,1.0,0.5,0.25
100666,2,23,1.0,1.0,1.0,1.0,1.0,0.5,0.25
100666,2,24,0.0,0.0,0.0,0.5,0.5,0.0,0.5
100666,2,25,0.0,0.0,1.0,0.5,0.5,1.0,0.5
100666,2,26,1.0,0.0,0.0,0.5,0.5,0.0,0.5
100666,2,27,1.0,0.0,1.0,0.5,0.5,1.0,0.5
100666,2,28,0.0,1.0,0.0,0.5,0.5,0.0,0.5
100666,2,29,0.0,1.0,1.0,0.5,0.5,1.0,0.5
100666,2,30,1.0,1.0,0.0,0.5,0.5,0.0,0.5
100666,2,31,1.0,1.0,1.0,0.5,0.5,1.0,0.5
100666,2,32,0.0,0.5,0.0,0.5,0.0,0.0,0.5
100666,2,33,0.0,0.5,1.0,0.5,0.0,1.0,0.5
100666,2,34,1.0,0.5,0.0,0.5,0.0,0.0,0.5
100666,2,35,1.0,0.5,1.0,0.5,0.0,1.0,0.5
100666,2,36,0.0,0.5,0.0,0.5,1.0,0.0,0.5
100666,2,37,0.0,0.5,1.0,0.5,1.0,1.0,0.5
100666,2,38,1.0,0.5,0.0,0.5,1.0,0.0,0.5
100666,2,39,1.0,0.5,1.0,0.5,1.0,1.0,0.5
100666,2,40,0.0,0.5,0.0,0.5,0.5,0.0,0.5
100666,2,41,0.0,0.5,1.0,0.5,0.5,1.0,0.5
100666,2,42,1.0,0.5,0.0,0.5,0.5,0.0,0.5
100666,2,43,1.0,0.5,1.0,0.5,0.5,1.0,0.5
100666,2,44,0.5,0.0,0.0,0.5,0.5,0.0,0.5
100666,2,45,0.5,0.0,1.0,0.5,0.5,1.0,0.5
100666,2,46,0.5,1.0,0.0,0.5,0.5,0.0,0.5
100666,2,47,0.5,1.0,1.0,0.5,0.5,1.0,0.5
100666,2,48,0.5,0.5,0.0,0.0,0.5,0.5,1.0
100666,2,49,0.5,0.5,1.0,0.0,0.5,0.5,1.0
100666,2,50,0.5,0.5,0.0,1.0,0.5,0.5,1.0
100666,2,51,0.5,0.5,1.0,1.0,0.5,0.5,1.0
100666,4,0,0.0,0.0,0.0,0.0,0.0,0.5,0.25
100666,4,1,0.0,1.0,0.0,0.0,1.0,0.5,0.25
100666,4,2,1.0,0.0,0.0,1.0,0.0,0.5,0.25
100666,4,3,1.0,1.0,0.0,1.0,1.0,0.5,0.25
100666,4,4,0.0,0.0,1.0,0.0,0.0,0.5,0.25
100666,4,5,0.0,1.0,1.0,0.0,1.0,0.5,0.25
100666,4,6,1.0,0.0,1.0,1.0,0.0,0.5,0.25
100666,4,7,1.0,1.0,1.0,1.0,1.0,0.5,0.25
100666,4,8,0.0,0.0,0.0,0.5,0.0,0.0,0.25
100666,4,9,0.0,1.0,0.0,0.5,1.0,0.0,0.25
100666,4,10,1.0,0.0,0.0,0.5,0.0,0.0,0.25
100666,4,11,1.0,1.0,0.0,0.5,1.0,0.0,0.25
100666,4,12,0.0,0.0,1.0,0.5,0.0,1.0,0.25
100666,4,13,0.0,1.0,1.0,0.5,1.0,1.0,0.25
100666,4,14,1.0,0.0,1.0,0.5,0.0,1.0,0.25
100666,4,15,1.0,1.0,1.0,0.5,1.0,1.0,0.25
100666,4,16,0.0,0.0,0.0,0.0,0.5,0.0,0.25
100666,4,17,0.0,1.0,0.0,0.0,0.5,0.0,0.25
100666,4,18,1.0,0.0,0.0,1.0,0.5,0.0,0.25
100666,4,19,1.0,1.0,0.0,1.0,0.5,0.0,0.25
100666,4,20,0.0,0.0,1.0,0.0,0.5,1.0,0.25
100666,4,21,0.0,1.0,1.0,0.0,0.5,1.0,0.25
100666,4,22,1.0,0.0,1.0,1.0,0.5,1.0,0.25
100666,4,23,1.0,1.0,1.0,1.0,0.5,1.0,0.25
100666,4,24,0.0,0.0,0.0,0.5,0.0,0.5,0.5
100666,4,25,0.0,1.0,0.0,0.5,1.0,0.5,0.5
100666,4,26,1.0,0.0,0.0,0.5,0.0,0.5,0.5
100666,4,27,1.0,1.0,0.0,0.5,1.0,0.5,0.5
100666,4,28,0.0,0.0,1.0,0.5,0.0,0.5,0.5
100666,4,29,0.0,1.0,1.0,0.5,1.0,0.5,0.5
100666,4,30,1.0,0.0,1.0,0.5,0.0,0.5,0.5
100666,4,31,1.0,1.0,1.0,0.5,1.0,0.5,0.5
100666,4,32,0.0,0.0,0.5,0.5,0.0,0.0,0.5
100666,4,33,0.0,1.0,0.5,0.5,1.0,0.0,0.5
100666,4,34,1.0,0.0,0.5,0.5,0.0,0.0,0.5
100666,4,35,1.0,1.0,0.5,0.5,1.0,0.0,0.5
100666,4,36,0.0,0.0,0.5,0.5,0.0,1.0,0.5
100666,4,37,0.0,1.0,0.5,0.5,1.0,1.0,0.5
100666,4,38,1.0,0.0,0.5,0.5,0.0,1.0,0.5
100666,4,39,1.0,1.0,0.5,0.5,1.0,1.0,0.5
100666,4,40,0.0,0.0,0.5,0.5,0.0,0.5,0.5
100666,4,41,0.0,1.0,0.5,0.5,1.0,0.5,0.5
100666,4,42,1.0,0.0,0.5,0.5,0.0,0.5,0.5
100666,4,43,1.0,1.0,0.5,0.5,1.0,0.5,0.5
100666,4,44,0.5,0.0,0.0,0.5,0.0,0.5,0.5
100666,4,45,0.5,1.0,0.0,0.5,1.0,0.5,0.5
100666,4,46,0.5,0.0,1.0,0.5,0.0,0.5,0.5
100666,4,47,0.5,1.0,1.0,0.5,1.0,0.5,0.5
100666,4,48,0.5,0.0,0.5,0.0,0.5,0.5,1.0
100666,4,49,0.5,1.0,0.5,0.0,0.5,0.5,1.0
100666,4,50,0.5,0.0,0.5,1.0,0.5,0.5,1.0
100666,4,51,0.5,1.0,0.5,1.0,0.5,0.5,1.0
100685,4,0,0.0,0.0,0.0,0.0,0.0,0.5,0.25
100685,4,1,0.0,1.0,0.0,0.0,1.0,0.5,0.25
100685,4,2,1.0,0.0,0.0,1.0,0.0,0.5,0.25
100685,4,3,1.0,1.0,0.0,1.0,1.0,0.5,0.25
100685,4,4,0.0,0.0,1.0,0.0,0.0,0.5,0.25
100685,4,5,0.0,1.0,1.0,0.0,1.0,0.5,0.25
100685,4,6,1.0,0.0,1.0,1.0,0.0,0.5,0.25
100685,4,7,1.0,1.0,1.0,1.0,1.0,0.5,0.25
100685,4,8,0.0,0.0,0.0,0.5,0.0,0.0,0.25
100685,4,9,0.0,1.0,0.0,0.5,1.0,0.0,0.25
100685,4,10,1.0,0.0,0.0,0.5,0.0,0.0,0.25
100685,4,11,1.0,1.0,0.0,0.5,1.0,0.0,0.25
100685,4,12,0.0,0.0,1.0,0.5,0.0,1.0,0.25
100685,4,13,0.0,1.0,1.0,0.5,1.0,1.0,0.25
100685,4,14,1.0,0.0,1.0,0.5,0.0,1.0,0.25
100685,4,15,1.0,1.0,1.0,0.5,1.0,1.0,0.25
100685,4,16,0.0,0.0,0.0,0.0,0.5,0.0,0.25
100685,4,17,0.0,1.0,0.0,0.0,0.5,0.0,0.25
100685,4,18,1.0,0.0,0.0,1.0,0.5,0.0,0.25
100685,4,19,1.0,1.0,0.0,1.0,0.5,0.0,0.25
100685,4,20,0.0,0.0,1.0,0.0,0.5,1.0,0.25
100685,4,21,0.0,1.0,1.0,0.0,0.5,1.0,0.25
100685,4,22,1.0,0.0,1.0,1.0,0.5,1.0,0.25
100685,4,23,1.0,1.0,1.0,1.0,0.5,1.0,0.25
100685,4,24,0.0,0.0,0.0,0.5,0.0,0.5,0.5
100685,4,25,0.0,1.0,0.0,0.5,1.0,0.5,0.5
100685,4,26,1.0,0.0,0.0,0.5,0.0,0.5,0.5
100685,4,27,1.0,1.0,0.0,0.5,1.0,0.5,0.5
100685,4,28,0.0,0.0,1.0,0.5,0.0,0.5,0.5
100685,4,29,0.0,1.0,1.0,0.5,1.0,0.5,0.5
100685,4,30,1.0,0.0,1.0,0.5,0.0,0.5,0.5
100685,4,31,1.0,1.0,1.0,0.5,1.0,0.5,0.5
100685,4,32,0.0,0.0,0.5,0.5,0.0,0.0,0.5
100685,4,33,0.0,1.0,0.5,0.5,1.0,0.0,0.5
100685,4,34,1.0,0.0,0.5,0.5,0.0,0.0,0.5
100685,4,35,1.0,1.0,0.5,0.5,1.0,0.0,0.5
100685,4,36,0.0,0.0,0.5,0.5,0.0,1.0,0.5
100685,4,37,0.0,1.0,0.5,0.5,1.0,1.0,0.5
100685,4,38,1.0,0.0,0.5,0.5,0.0,1.0,0.5
100685,4,39,1.0,1.0,0.5,0.5,1.0,1.0,0.5
100685,4,40,0.0,0.0,0.5,0.5,0.0,0.5,0.5
100685,4,41,0.0,1.0,0.5,0.5,1.0,0.5,0.5
100685,4,42,1.0,0.0,0.5,0.5,0.0,0.5,0.5
100685,4,43,1.0,1.0,0.5,0.5,1.0,0.5,0.5
100685,4,44,0.0,0.5,0.0,0.0,0.5,0.5,0.5
100685,4,45,1.0,0.5,0.0,1.0,0.5,0.5,0.5
100685,4,46,0.0,0.5,1.0,0.0,0.5,0.5,0.5
100685,4,47,1.0,0.5,1.0,1.0,0.5,0.5,0.5
100685,4,48,0.5,0.0,0.5,0.0,0.5,0.5,1.0
100685,4,49,0.5,1.0,0.5,0.0,0.5,0.5,1.0
100685,4,50,0.5,0.0,0.5,1.0,0.5,0.5,1.0
100685,4,51,0.5,1.0,0.5,1.0,0.5,0.5,1.0
100689,2,0,0.0,0.0,0.0,0.0,0.5,0.0,0.25
100689,2,1,0.0,0.0,1.0,0.0,0.5,1.0,0.25
100689,2,2,1.0,0.0,0.0,1.0,0.5,0.0,0.25
100689,2,3,1.0,0.0,1.0,1.0,0.5,1.0,0.25
100689,2,4,0.0,1.0,0.0,0.0,0.5,0.0,0.25
100689,2,5,0.0,1.0,1.0,0.0,0.5,1.0,0.25
100689,2,6,1.0,1.0,0.0,1.0,0.5,0.0,0.25
100689,2,7,1.0,1.0,1.0,1.0,0.5,1.0,0.25
100689,2,8,0.0,0.0,0.0,0.5,0.0,0.0,0.25
100689,2,9,0.0,0.0,1.0,0.5,0.0,1.0,0.25
100689,2,10,1.0,0.0,0.0,0.5,0.0,0.0,0.25
100689,2,11,1.0,0.0,1.0,0.5,0.0,1.0,0.25
100689,2,12,0.0,1.0,0.0,0.5,1.0,0.0,0.25
100689,2,13,0.0,1.0,1.0,0.5,1.0,1.0,0.25
100689,2,14,1.0,1.0,0.0,0.5,1.0,0.0,0.25
100689,2,15,1.0,1.0,1.0,0.5,1.0,1.0,0.25
100689,2,16,0.0,0.0,0.0,0.0,0.0,0.5,0.25
100689,2,17,0.0,0.0,1.0,0.0,0.0,0.5,0.25
100689,2,18,1.0,0.0,0.0,1.0,0.0,0.5,0.25
100689,2,19,1.0,0.0,1.0,1.0,0.0,0.5,0.25
100689,2,20,0.0,1.0,0.0,0.0,1.0,0.5,0.25
100689,2,21,0.0,1.0,1.0,0.0,1.0,0.5,0.25
100689,2,22,1.0,1.0,0.0,1.0,1.0,0.5,0.25
100689,2,23,1.0,1.0,1.0,1.0,1.0,0.5,0.25
100689,2,24,0.0,0.0,0.0,0.5,0.5,0.0,0.5
100689,2,25,0.0,0.0,1.0,0.5,0.5,1.0,0.5
100689,2,26,1.0,0.0,0.0,0.5,0.5,0.0,0.5
100689,2,27,1.0,0.0,1.0,0.5,0.5,1.0,0.5
100689,2,28,0.0,1.0,0.0,0.5,0.5,0.0,0.5
100689,2,29,0.0,1.0,1.0,0.5,0.5,1.0,0.5
100689,2,30,1.0,1.0,0.0,0.5,0.5,0.0,0.5
100689,2,31,1.0,1.0,1.0,0.5,0.5,1.0,0.5
100689,2,32,0.0,0.5,0.0,0.5,0.0,0.0,0.5
100689,2,33,0.0,0.5,1.0,0.5,0.0,1.0,0.5
100689,2,34,1.0,0.5,0.0,0.5,0.0,0.0,0.5
100689,2,35,1.0,0.5,1.0,0.5,0.0,1.0,0.5
100689,2,36,0.0,0.5,0.0,0.5,1.0,0.0,0.5
100689,2,37,0.0,0.5,1.0,0.5,1.0,1.0,0.5
100689,2,38,1.0,0.5,0.0,0.5,1.0,0.0,0.5
100689,2,39,1.0,0.5,1.0,0.5,1.0,1.0,0.5
100689,2,40,0.0,0.5,0.0,0.5,0.5,0.0,0.5
100689,2,41,0.0,0.5,1.0,0.5,0.5,1.0,0.5
100689,2,42,1.0,0.5,0.0,0.5,0.5,0.0,0.5
100689,2,43,1.0,0.5,1.0,0.5,0.5,1.0,0.5
100689,2,44,0.0,0.0,0.5,0.5,0.0,0.5,0.5
100689,2,45,1.0,0.0,0.5,0.5,0.0,0.5,0.5
100689,2,46,0.0,1.0,0.5,0.5,1.0,0.5,0.5
100689,2,47,1.0,1.0,0.5,0.5,1.0,0.5,0.5
100689,2,48,0.5,0.5,0.0,0.5,0.0,0.5,1.0
100689,2,49,0.5,0.5,1.0,0.5,0.0,0.5,1.0
100689,2,50,0.5,0.5,0.0,0.5,1.0,0.5,1.0
100689,2,51,0.5,0.5,1.0,0.5,1.0,0.5,1.0
100689,4,0,0.0,0.0,0.0,0.0,0.0,0.5,0.25
100689,4,1,0.0,1.0,0.0,0.0,1.0,0.5,0.25
100689,4,2,1.0,0.0,0.0,1.0,0.0,0.5,0.25
100689,4,3,1.0,1.0,0.0,1.0,1.0,0.5,0.25
100689,4,4,0.0,0.0,1.0,0.0,0.0,0.5,0.25
100689,4,5,0.0,1.0,1.0,0.0,1.0,0.5,0.25
100689,4,6,1.0,0.0,1.0,1.0,0.0,0.5,0.25
100689,4,7,1.0,1.0,1.0,1.0,1.0,0.5,0.25
100689,4,8,0.0,0.0,0.0,0.5,0.0,0.0,0.25
100689,4,9,0.0,1.0,0.0,0.5,1.0,0.0,0.25
100689,4,10,1.0,0.0,0.0,0.5,0.0,0.0,0.25
100689,4,11,1.0,1.0,0.0,0.5,1.0,0.0,0.25
100689,4,12,0.0,0.0,1.0,0.5,0.0,1.0,0.25
100689,4,13,0.0,1.0,1.0,0.5,1.0,1.0,0.25
100689,4,14,1.0,0.0,1.0,0.5,0.0,1.0,0.25
100689,4,15,1.0,1.0,1.0,0.5,1.0,1.0,0.25
100689,4,16,0.0,0.0,0.0,0.0,0.5,0.0,0.25
100689,4,17,0.0,1.0,0.0,0.0,0.5,0.0,0.25
100689,4,18,1.0,0.0,0.0,1.0,0.5,0.0,0.25
100689,4,19,1.0,1.0,0.0,1.0,0.5,0.0,0.25
100689,4,20,0.0,0.0,1.0,0.0,0.5,1.0,0.25
100689,4,21,0.0,1.0,1.0,0.0,0.5,1.0,0.25
100689,4,22,1.0,0.0,1.0,1.0,0.5,1.0,0.25
100689,4,23,1.0,1.0,1.0,1.0,0.5,1.0,0.25
100689,4,24,0.0,0.0,0.0,0.5,0.0,0.5,0.5
100689,4,25,0.0,1.0,0.0,0.5,1.0,0.5,0.5
100689,4,26,1.0,0.0,0.0,0.5,0.0,0.5,0.5
100689,4,27,1.0,1.0,0.0,0.5,1.0,0.5,0.5
100689,4,28,0.0,0.0,1.0,0.5,0.0,0.5,0.5
100689,4,29,0.0,1.0,1.0,0.5,1.0,0.5,0.5
100689,4,30,1.0,0.0,1.0,0.5,0.0,0.5,0.5
100689,4,31,1.0,1.0,1.0,0.5,1.0,0.5,0.5
100689,4,32,0.0,0.0,0.5,0.5,0.0,0.0,0.5
100689,4,33,0.0,1.0,0.5,0.5,1.0,0.0,0.5
100689,4,34,1.0,0.0,0.5,0.5,0.0,0.0,0.5
100689,4,35,1.0,1.0,0.5,0.5,1.0,0.0,0.5
100689,4,36,0.0,0.0,0.5,0.5,0.0,1.0,0.5
100689,4,37,0.0,1.0,0.5,0.5,1.0,1.0,0.5
100689,4,38,1.0,0.0,0.5,0.5,0.0,1.0,0.5
100689,4,39,1.0,1.0,0.5,0.5,1.0,1.0,0.5
100689,4,40,0.0,0.0,0.5,0.5,0.0,0.5,0.5
100689,4,41,0.0,1.0,0.5,0.5,1.0,0.5,0.5
100689,4,42,1.0,0.0,0.5,0.5,0.0,0.5,0.5
100689,4,43,1.0,1.0,0.5,0.5,1.0,0.5,0.5
100689,4,44,0.0,0.5,0.0,0.5,0.5,0.0,0.5
100689,4,45,1.0,0.5,0.0,0.5,0.5,0.0,0.5
100689,4,46,0.0,0.5,1.0,0.5,0.5,1.0,0.5
100689,4,47,1.0,0.5,1.0,0.5,0.5,1.0,0.5
100689,4,48,0.5,0.0,0.5,0.5,0.5,0.0,1.0
100689,4,49,0.5,1.0,0.5,0.5,0.5,0.0,1.0
100689,4,50,0.5,0.0,0.5,0.5,0.5,1.0,1.0
100689,4,51,0.5,1.0,0.5,0.5,0.5,1.0,1.0
100934,1,0,0.0,0.0,0.0,0.5,0.0,0.0,0.25
100934,1,1,0.0,1.0,0.0,0.5,1.0,0.0,0.25
100934,1,2,0.0,0.0,1.0,0.5,0.0,1.0,0.25
100934,1,3,0.0,1.0,1.0,0.5,1.0,1.0,0.25
100934,1,4,1.0,0.0,0.0,0.5,0.0,0.0,0.25
100934,1,5,1.0,1.0,0.0,0.5,1.0,0.0,0.25
100934,1,6,1.0,0.0,1.0,0.5,0.0,1.0,0.25
100934,1,7,1.0,1.0,1.0,0.5,1.0,1.0,0.25
100934,1,8,0.0,0.0,0.0,0.0,0.0,0.5,0.25
100934,1,9,0.0,1.0,0.0,0.0,1.0,0.5,0.25
100934,1,10,0.0,0.0,1.0,0.0,0.0,0.5,0.25
100934,1,11,0.0,1.0,1.0,0.0,1.0,0.5,0.25
100934,1,12,1.0,0.0,0.0,1.0,0.0,0.5,0.25
100934,1,13,1.0,1.0,0.0,1.0,1.0,0.5,0.25
100934,1,14,1.0,0.0,1.0,1.0,0.0,0.5,0.25
100934,1,15,1.0,1.0,1.0,1.0,1.0,0.5,0.25
100934,1,16,0.0,0.0,0.0,0.0,0.5,0.0,0.25
100934,1,17,0.0,1.0,0.0,0.0,0.5,0.0,0.25
100934,1,18,0.0,0.0,1.0,0.0,0.5,1.0,0.25
100934,1,19,0.0,1.0,1.0,0.0,0.5,1.0,0.25
100934,1,20,1.0,0.0,0.0,1.0,0.5,0.0,0.25
100934,1,21,1.0,1.0,0.0,1.0,0.5,0.0,0.25
100934,1,22,1.0,0.0,1.0,1.0,0.5,1.0,0.25
100934,1,23,1.0,1.0,1.0,1.0,0.5,1.0,0.25
100934,1,24,0.0,0.0,0.0,0.5,0.0,0.5,0.5
100934,1,25,0.0,1.0,0.0,0.5,1.0,0.5,0.5
100934,1,26,0.0,0.0,1.0,0.5,0.0,0.5,0.5
100934,1,27,0.0,1.0,1.0,0.5,1.0,0.5,0.5
100934,1,28,1.0,0.0,0.0,0.5,0.0,0.5,0.5
100934,1,29,1.0,1.0,0.0,0.5,1.0,0.5,0.5
100934,1,30,1.0,0.0,1.0,0.5,0.0,0.5,0.5
100934,1,31,1.0,1.0,1.0,0.5,1.0,0.5,0.5
100934,1,32,0.5,0.0,0.0,0.0,0.5,0.0,0.5
100934,1,33,0.5,1.0,0.0,0.0,0.5,0.0,0.5
100934,1,34,0.5,0.0,1.0,0.0,0.5,1.0,0.5
100934,1,35,0.5,1.0,1.0,0.0,0.5,1.0,0.5
100934,1,36,0.5,0.0,0.0,1.0,0.5,0.0,0.5
100934,1,37,0.5,1.0,0.0,1.0,0.5,0.0,0.5
100934,1,38,0.5,0.0,1.0,1.0,0.5,1.0,0.5
100934,1,39,0.5,1.0,1.0,1.0,0.5,1.0,0.5
100934,1,40,0.0,0.0,0.5,0.5,0.0,0.5,0.5
100934,1,41,0.0,1.0,0.5,0.5,1.0,0.5,0.5
100934,1,42,1.0,0.0,0.5,0.5,0.0,0.5,0.5
100934,1,43,1.0,1.0,0.5,0.5,1.0,0.5,0.5
100934,1,44,0.0,0.0,0.5,0.0,0.5,0.5,0.5
100934,1,45,0.0,1.0,0.5,0.0,0.5,0.5,0.5
100934,1,46,1.0,0.0,0.5,1.0,0.5,0.5,0.5
100934,1,47,1.0,1.0,0.5,1.0,0.5,0.5,0.5
100934,1,48,0.0,0.5,0.0,0.5,0.5,0.0,0.5
100934,1,49,0.0,0.5,1.0,0.5,0.5,1.0,0.5
100934,1,50,1.0,0.5,0.0,0.5,0.5,0.0,0.5
100934,1,51,1.0,0.5,1.0,0.5,0.5,1.0,0.5
101746,2,0,0.0,0.0,0.0,0.0,0.5,0.0,0.25
101746,2,1,0.0,0.0,1.0,0.0,0.5,1.0,0.25
101746,2,2,1.0,0.0,0.0,1.0,0.5,0.0,0.25
101746,2,3,1.0,0.0,1.0,1.0,0.5,1.0,0.25
101746,2,4,0.0,1.0,0.0,0.0,0.5,0.0,0.25
101746,2,5,0.0,1.0,1.0,0.0,0.5,1.0,0.25
101746,2,6,1.0,1.0,0.0,1.0,0.5,0.0,0.25
101746,2,7,1.0,1.0,1.0,1.0,0.5,1.0,0.25
101746,2,8,0.0,0.0,0.0,0.5,0.0,0.0,0.25
101746,2,9,0.0,0.0,1.0,0.5,0.0,1.0,0.25
101746,2,10,1.0,0.0,0.0,0.5,0.0,0.0,0.25
101746,2,11,1.0,0.0,1.0,0.5,0.0,1.0,0.25
101746,2,12,0.0,1.0,0.0,0.5,1.0,0.0,0.25
101746,2,13,0.0,1.0,1.0,0.5,1.0,1.0,0.25
101746,2,14,1.0,1.0,0.0,0.5,1.0,0.0,0.25
101746,2,15,1.0,1.0,1.0,0.5,1.0,1.0,0.25
101746,2,16,0.0,0.0,0.0,0.0,0.0,0.5,0.25
101746,2,17,0.0,0.0,1.0,0.0,0.0,0.5,0.25
101746,2,18,1.0,0.0,0.0,1.0,0.0,0.5,0.25
101746,2,19,1.0,0.0,1.0,1.0,0.0,0.5,0.25
101746,2,20,0.0,1.0,0.0,0.0,1.0,0.5,0.25
101746,2,21,0.0,1.0,1.0,0.0,1.0,0.5,0.25
101746,2,22,1.0,1.0,0.0,1.0,1.0,0.5,0.25
101746,2,23,1.0,1.0,1.0,1.0,1.0,0.5,0.25
101746,2,24,0.0,0.5,0.0,0.5,0.5,0.0,0.5
101746,2,25,0.0,0.5,1.0,0.5,0.5,1.0,0.5
101746,2,26,1.0,0.5,0.0,0.5,0.5,0.0,0.5
101746,2,27,1.0,0.5,1.0,0.5,0.5,1.0,0.5
101746,2,28,0.0,0.5,0.0,0.5,0.0,0.5,1.0
101746,2,29,0.0,0.5,1.0,0.5,0.0,0.5,1.0
101746,2,30,1.0,0.5,0.0,0.5,0.0,0.5,1.0
101746,2,31,1.0,0.5,1.0,0.5,0.0,0.5,1.0
101746,2,32,0.0,0.5,0.0,0.5,1.0,0.5,1.0
101746,2,33,0.0,0.5,1.0,0.5,1.0,0.5,1.0
101746,2,34,1.0,0.5,0.0,0.5,1.0,0.5,1.0
101746,2,35,1.0,0.5,1.0,0.5,1.0,0.5,1.0
101746,2,36,0.0,0.0,0.5,0.5,0.5,0.0,1.0
101746,2,37,0.0,0.0,0.5,0.5,0.5,1.0,1.0
101746,2,38,1.0,0.0,0.5,0.5,0.5,0.0,1.0
101746,2,39,1.0,0.0,0.5,0.5,0.5,1.0,1.0
101746,2,40,0.0,1.0,0.5,0.5,0.5,0.0,1.0
101746,2,41,0.0,1.0,0.5,0.5,0.5,1.0,1.0
101746,2,42,1.0,1.0,0.5,0.5,0.5,0.0,1.0
101746,2,43,1.0,1.0,0.5,0.5,0.5,1.0,1.0
101746,2,44,0.0,0.0,0.5,0.5,0.0,0.5,0.5
101746,2,45,1.0,0.0,0.5,0.5,0.0,0.5,0.5
101746,2,46,0.0,1.0,0.5,0.5,1.0,0.5,0.5
101746,2,47,1.0,1.0,0.5,0.5,1.0,0.5,0.5
101746,2,48,0.5,0.5,0.0,0.5,0.0,0.5,1.0
101746,2,49,0.5,0.5,1.0,0.5,0.0,0.5,1.0
101746,2,50,0.5,0.5,0.0,0.5,1.0,0.5,1.0
101746,2,51,0.5,0.5,1.0,0.5,1.0,0.5,1.0
