id,n1,n2,radius_mm,length_mm,shared_by
0,0,1,0.47311,2.50000,1
1,2,3,0.47311,2.50000,2
2,4,5,0.47311,2.50000,2
3,6,7,0.47311,2.50000,4
4,1,8,0.47311,2.50000,1
5,3,9,0.47311,2.50000,2
6,5,10,0.47311,2.50000,2
7,7,11,0.47311,2.50000,4
8,0,12,0.47311,2.50000,1
9,2,13,0.47311,2.50000,2
10,12,4,0.47311,2.50000,1
11,13,6,0.47311,2.50000,2
12,8,14,0.47311,2.50000,2
13,9,15,0.46801,2.50000,4
14,14,10,0.47311,2.50000,2
15,15,11,0.46801,2.50000,4
16,0,16,0.47311,2.50000,1
17,16,2,0.47311,2.50000,1
18,4,17,0.47311,2.50000,2
19,17,6,0.47311,2.50000,2
20,8,18,0.47311,2.50000,2
21,18,9,0.47311,2.50000,2
22,10,19,0.47311,2.50000,4
23,19,11,0.47311,2.50000,4
24,12,1,0.47311,3.53553,1
25,13,3,0.47311,3.53553,2
26,12,5,0.47311,3.53553,1
27,13,7,0.47311,3.53553,2
28,1,14,0.47311,3.53553,1
29,3,15,0.47311,3.53553,2
30,5,14,0.47311,3.53553,1
31,7,15,0.47311,3.53553,2
32,16,1,0.47311,3.53553,1
33,16,3,0.47311,3.53553,1
34,17,5,0.47311,3.53553,2
35,17,7,0.47311,3.53553,2
36,1,18,0.47311,3.53553,1
37,3,18,0.47311,3.53553,1
38,5,19,0.47311,3.53553,2
39,7,19,0.47311,3.53553,2
40,12,20,0.47311,2.50000,1
41,13,21,0.47311,2.50000,2
42,20,14,0.47311,2.50000,1
43,21,15,0.47311,2.50000,2
44,16,22,0.47311,2.50000,1
45,17,23,0.47311,2.50000,2
46,22,18,0.47311,2.50000,1
47,23,19,0.47311,2.50000,2
48,24,25,0.46286,2.50000,2
49,26,27,0.46801,2.50000,4
50,25,28,0.46286,2.50000,2
51,27,29,0.46801,2.50000,4
52,24,30,0.46286,2.50000,2
53,30,26,0.46286,2.50000,2
54,28,31,0.46286,2.50000,4
55,31,29,0.46286,2.50000,4
56,2,32,0.47311,2.50000,1
57,32,24,0.47311,2.50000,1
58,6,33,0.47311,2.50000,2
59,33,26,0.47311,2.50000,2
60,9,34,0.46286,2.50000,2
61,34,28,0.46286,2.50000,2
62,11,35,0.46801,2.50000,4
63,35,29,0.46801,2.50000,4
64,30,25,0.47311,3.53553,1
65,30,27,0.47311,3.53553,1
66,25,31,0.47311,3.53553,1
67,27,31,0.47311,3.53553,1
68,32,3,0.47311,3.53553,1
69,32,25,0.47311,3.53553,1
70,33,7,0.47311,3.53553,2
71,33,27,0.47311,3.53553,2
72,3,34,0.47311,3.53553,1
73,25,34,0.47311,3.53553,1
74,7,35,0.47311,3.53553,2
75,27,35,0.47311,3.53553,2
76,30,36,0.46286,2.50000,2
77,36,31,0.46286,2.50000,2
78,32,37,0.47311,2.50000,1
79,33,38,0.47311,2.50000,2
80,37,34,0.47311,2.50000,1
81,38,35,0.47311,2.50000,2
82,39,40,0.46286,2.50000,2
83,41,42,0.46801,2.50000,4
84,40,43,0.46286,2.50000,2
85,42,44,0.46801,2.50000,4
86,24,45,0.45237,2.50000,1
87,26,46,0.46286,2.50000,2
88,45,39,0.45237,2.50000,1
89,46,41,0.46286,2.50000,2
90,28,47,0.46286,2.50000,2
91,29,48,0.44482,2.50000,4
92,47,43,0.46286,2.50000,2
93,48,44,0.44482,2.50000,4
94,39,49,0.46286,2.50000,2
95,49,41,0.46286,2.50000,2
96,43,50,0.46801,2.50000,4
97,50,44,0.46801,2.50000,4
98,24,51,0.45237,3.53553,1
99,26,52,0.46286,3.53553,2
100,39,51,0.45237,3.53553,1
101,41,52,0.46286,3.53553,2
102,51,28,0.45237,3.53553,1
103,52,29,0.46286,3.53553,2
104,51,43,0.45237,3.53553,1
105,52,44,0.46286,3.53553,2
106,45,25,0.45237,3.53553,1
107,46,27,0.46286,3.53553,2
108,45,40,0.45237,3.53553,1
109,46,42,0.46286,3.53553,2
110,25,47,0.45237,3.53553,1
111,27,48,0.46286,3.53553,2
112,40,47,0.45237,3.53553,1
113,42,48,0.46286,3.53553,2
114,25,51,0.45237,2.50000,1
115,27,52,0.46286,2.50000,2
116,51,40,0.45237,2.50000,1
117,52,42,0.46286,2.50000,2
118,45,51,0.45237,2.50000,1
119,46,52,0.46286,2.50000,2
120,51,47,0.45237,2.50000,1
121,52,48,0.46286,2.50000,2
122,49,53,0.46286,2.50000,2
123,53,50,0.46286,2.50000,2
124,54,55,0.47311,2.50000,2
125,56,57,0.47311,2.50000,4
126,55,58,0.47311,2.50000,2
127,57,59,0.47311,2.50000,4
128,54,60,0.47311,2.50000,2
129,60,56,0.47311,2.50000,2
130,58,61,0.47311,2.50000,4
131,61,59,0.47311,2.50000,4
132,39,62,0.47311,2.50000,1
133,62,54,0.47311,2.50000,1
134,41,63,0.47311,2.50000,2
135,63,56,0.47311,2.50000,2
136,43,64,0.47311,2.50000,2
137,64,58,0.47311,2.50000,2
138,44,65,0.47311,2.50000,4
139,65,59,0.47311,2.50000,4
140,49,40,0.47311,3.53553,1
141,60,55,0.47311,3.53553,2
142,49,42,0.47311,3.53553,1
143,60,57,0.47311,3.53553,2
144,40,50,0.47311,3.53553,1
145,55,61,0.47311,3.53553,2
146,42,50,0.47311,3.53553,1
147,57,61,0.47311,3.53553,2
148,62,40,0.47311,3.53553,1
149,62,55,0.47311,3.53553,1
150,63,42,0.47311,3.53553,2
151,63,57,0.47311,3.53553,2
152,40,64,0.47311,3.53553,1
153,55,64,0.47311,3.53553,1
154,42,65,0.47311,3.53553,2
155,57,65,0.47311,3.53553,2
156,60,66,0.47311,2.50000,2
157,66,61,0.47311,2.50000,2
158,62,67,0.47311,2.50000,1
159,63,68,0.47311,2.50000,2
160,67,64,0.47311,2.50000,1
161,68,65,0.47311,2.50000,2
162,69,70,0.47311,2.50000,1
163,71,72,0.47311,2.50000,2
164,70,73,0.47311,2.50000,1
165,72,74,0.47311,2.50000,2
166,69,75,0.47311,2.50000,1
167,75,71,0.47311,2.50000,1
168,73,76,0.47311,2.50000,2
169,76,74,0.47311,2.50000,2
170,54,77,0.47311,2.50000,1
171,77,69,0.47311,2.50000,1
172,56,78,0.47311,2.50000,2
173,78,71,0.47311,2.50000,2
174,58,79,0.47311,2.50000,2
175,79,73,0.47311,2.50000,2
176,59,80,0.47311,2.50000,4
177,80,74,0.47311,2.50000,4
178,75,70,0.47311,3.53553,1
179,75,72,0.47311,3.53553,1
180,70,76,0.47311,3.53553,1
181,72,76,0.47311,3.53553,1
182,77,55,0.47311,3.53553,1
183,77,70,0.47311,3.53553,1
184,78,57,0.47311,3.53553,2
185,78,72,0.47311,3.53553,2
186,55,79,0.47311,3.53553,1
187,70,79,0.47311,3.53553,1
188,57,80,0.47311,3.53553,2
189,72,80,0.47311,3.53553,2
190,75,81,0.47311,2.50000,1
191,81,76,0.47311,2.50000,1
192,77,82,0.47311,2.50000,1
193,78,83,0.47311,2.50000,2
194,82,79,0.47311,2.50000,1
195,83,80,0.47311,2.50000,2
196,84,85,0.47311,2.50000,2
197,86,87,0.47311,2.50000,4
198,85,88,0.47311,2.50000,2
199,87,89,0.47311,2.50000,4
200,4,90,0.47311,2.50000,1
201,6,91,0.47311,2.50000,2
202,90,84,0.47311,2.50000,1
203,91,86,0.47311,2.50000,2
204,10,92,0.47311,2.50000,2
205,11,93,0.47311,2.50000,4
206,92,88,0.47311,2.50000,2
207,93,89,0.47311,2.50000,4
208,84,94,0.47311,2.50000,2
209,94,86,0.47311,2.50000,2
210,88,95,0.46801,2.50000,4
211,95,89,0.46801,2.50000,4
212,90,5,0.47311,3.53553,1
213,91,7,0.47311,3.53553,2
214,90,85,0.47311,3.53553,1
215,91,87,0.47311,3.53553,2
216,5,92,0.47311,3.53553,1
217,7,93,0.47311,3.53553,2
218,85,92,0.47311,3.53553,1
219,87,93,0.47311,3.53553,2
220,94,85,0.47311,3.53553,2
221,94,87,0.47311,3.53553,2
222,85,95,0.47311,3.53553,2
223,87,95,0.47311,3.53553,2
224,90,96,0.47311,2.50000,1
225,91,97,0.47311,2.50000,2
226,96,92,0.47311,2.50000,1
227,97,93,0.47311,2.50000,2
228,94,98,0.47311,2.50000,2
229,98,95,0.47311,2.50000,2
230,99,100,0.43269,2.50000,4
231,100,101,0.43269,2.50000,4
232,26,102,0.47311,2.50000,2
233,102,99,0.47311,2.50000,2
234,29,103,0.45019,2.50000,4
235,103,101,0.45019,2.50000,4
236,86,104,0.47311,2.50000,2
237,104,99,0.47311,2.50000,2
238,89,105,0.46054,2.50000,4
239,105,101,0.46054,2.50000,4
240,102,27,0.47311,3.53553,1
241,102,100,0.47311,3.53553,1
242,27,103,0.47311,3.53553,1
243,100,103,0.47311,3.53553,1
244,104,87,0.47311,3.53553,2
245,104,100,0.47311,3.53553,2
246,87,105,0.47311,3.53553,2
247,100,105,0.47311,3.53553,2
248,102,106,0.47311,2.50000,1
249,106,103,0.47311,2.50000,1
250,104,107,0.47311,2.50000,2
251,107,105,0.47311,2.50000,2
252,108,109,0.43269,2.50000,4
253,109,110,0.43269,2.50000,4
254,99,111,0.38808,2.50000,2
255,111,108,0.38808,2.50000,2
256,101,112,0.36963,2.50000,4
257,112,110,0.36963,2.50000,4
258,41,113,0.47311,2.50000,2
259,113,108,0.47311,2.50000,2
260,44,114,0.45019,2.50000,4
261,114,110,0.45019,2.50000,4
262,99,115,0.47311,3.53553,1
263,108,115,0.47311,3.53553,1
264,115,101,0.47311,3.53553,1
265,115,110,0.47311,3.53553,1
266,111,100,0.47311,3.53553,1
267,111,109,0.47311,3.53553,1
268,100,112,0.47311,3.53553,1
269,109,112,0.47311,3.53553,1
270,100,115,0.47311,2.50000,1
271,115,109,0.47311,2.50000,1
272,111,115,0.38808,2.50000,2
273,115,112,0.38808,2.50000,2
274,116,117,0.47311,2.50000,4
275,117,118,0.47311,2.50000,4
276,56,119,0.47311,2.50000,2
277,119,116,0.47311,2.50000,2
278,59,120,0.47311,2.50000,4
279,120,118,0.47311,2.50000,4
280,108,121,0.47311,2.50000,2
281,121,116,0.47311,2.50000,2
282,110,122,0.46054,2.50000,4
283,122,118,0.46054,2.50000,4
284,113,42,0.47311,3.53553,1
285,119,57,0.47311,3.53553,2
286,113,109,0.47311,3.53553,1
287,119,117,0.47311,3.53553,2
288,42,114,0.47311,3.53553,1
289,57,120,0.47311,3.53553,2
290,109,114,0.47311,3.53553,1
291,117,120,0.47311,3.53553,2
292,121,109,0.47311,3.53553,2
293,121,117,0.47311,3.53553,2
294,109,122,0.47311,3.53553,2
295,117,122,0.47311,3.53553,2
296,113,123,0.47311,2.50000,1
297,119,124,0.47311,2.50000,2
298,123,114,0.47311,2.50000,1
299,124,120,0.47311,2.50000,2
300,121,125,0.47311,2.50000,2
301,125,122,0.47311,2.50000,2
302,126,127,0.47311,2.50000,2
303,127,128,0.47311,2.50000,2
304,71,129,0.47311,2.50000,1
305,129,126,0.47311,2.50000,1
306,74,130,0.47311,2.50000,2
307,130,128,0.47311,2.50000,2
308,116,131,0.47311,2.50000,2
309,131,126,0.47311,2.50000,2
310,118,132,0.46801,2.50000,4
311,132,128,0.46801,2.50000,4
312,129,72,0.47311,3.53553,1
313,129,127,0.47311,3.53553,1
314,72,130,0.47311,3.53553,1
315,127,130,0.47311,3.53553,1
316,131,117,0.47311,3.53553,2
317,131,127,0.47311,3.53553,2
318,117,132,0.47311,3.53553,2
319,127,132,0.47311,3.53553,2
320,129,133,0.47311,2.50000,1
321,133,130,0.47311,2.50000,1
322,131,134,0.47311,2.50000,2
323,134,132,0.47311,2.50000,2
324,135,136,0.47311,2.50000,2
325,137,138,0.47311,2.50000,4
326,136,139,0.47311,2.50000,2
327,138,140,0.47311,2.50000,4
328,84,141,0.47311,2.50000,1
329,86,142,0.47311,2.50000,2
330,141,135,0.47311,2.50000,1
331,142,137,0.47311,2.50000,2
332,88,143,0.46286,2.50000,2
333,89,144,0.45530,2.50000,4
334,143,139,0.46286,2.50000,2
335,144,140,0.45530,2.50000,4
336,135,145,0.47311,2.50000,2
337,145,137,0.47311,2.50000,2
338,139,146,0.46801,2.50000,4
339,146,140,0.46801,2.50000,4
340,141,85,0.47311,3.53553,1
341,142,87,0.47311,3.53553,2
342,141,136,0.47311,3.53553,1
343,142,138,0.47311,3.53553,2
344,85,143,0.47311,3.53553,1
345,87,144,0.47311,3.53553,2
346,136,143,0.47311,3.53553,1
347,138,144,0.47311,3.53553,2
348,145,136,0.47311,3.53553,2
349,145,138,0.47311,3.53553,2
350,136,146,0.47311,3.53553,2
351,138,146,0.47311,3.53553,2
352,141,147,0.47311,2.50000,1
353,142,148,0.47311,2.50000,2
354,147,143,0.47311,2.50000,1
355,148,144,0.47311,2.50000,2
356,145,149,0.47311,2.50000,2
357,149,146,0.47311,2.50000,2
358,150,151,0.43269,2.50000,4
359,151,152,0.43269,2.50000,4
360,99,153,0.38808,2.50000,2
361,153,150,0.38808,2.50000,2
362,101,154,0.38218,2.50000,4
363,154,152,0.38218,2.50000,4
364,137,155,0.47311,2.50000,2
365,155,150,0.47311,2.50000,2
366,140,156,0.46054,2.50000,4
367,156,152,0.46054,2.50000,4
368,153,100,0.47311,3.53553,1
369,153,151,0.47311,3.53553,1
370,100,154,0.47311,3.53553,1
371,151,154,0.47311,3.53553,1
372,155,138,0.47311,3.53553,2
373,155,151,0.47311,3.53553,2
374,138,156,0.47311,3.53553,2
375,151,156,0.47311,3.53553,2
376,153,157,0.38808,2.50000,2
377,157,154,0.38808,2.50000,2
378,155,158,0.47311,2.50000,2
379,158,156,0.47311,2.50000,2
380,108,159,0.38808,2.50000,2
381,110,160,0.38218,2.50000,4
382,159,161,0.38808,2.50000,2
383,160,162,0.38218,2.50000,4
384,161,163,0.43269,2.50000,4
385,163,162,0.43269,2.50000,4
386,150,164,0.38808,2.50000,2
387,164,161,0.38808,2.50000,2
388,152,165,0.36963,2.50000,4
389,165,162,0.36963,2.50000,4
390,159,166,0.38808,2.50000,2
391,166,160,0.38808,2.50000,2
392,153,115,0.27817,4.33013,1
393,159,115,0.27817,4.33013,1
394,115,154,0.27817,4.33013,1
395,115,160,0.27817,4.33013,1
396,153,167,0.27817,4.33013,1
397,159,167,0.27817,4.33013,1
398,167,154,0.27817,4.33013,1
399,167,160,0.27817,4.33013,1
400,111,157,0.27817,4.33013,1
401,111,166,0.27817,4.33013,1
402,157,112,0.27817,4.33013,1
403,166,112,0.27817,4.33013,1
404,164,157,0.27817,4.33013,1
405,164,166,0.27817,4.33013,1
406,157,165,0.27817,4.33013,1
407,166,165,0.27817,4.33013,1
408,164,167,0.38808,2.50000,2
409,167,165,0.38808,2.50000,2
410,115,157,0.27817,3.53553,1
411,115,166,0.27817,3.53553,1
412,157,167,0.27817,3.53553,1
413,166,167,0.27817,3.53553,1
414,168,169,0.47311,2.50000,4
415,169,170,0.47311,2.50000,4
416,116,171,0.47311,2.50000,2
417,171,168,0.47311,2.50000,2
418,118,172,0.45530,2.50000,4
419,172,170,0.45530,2.50000,4
420,161,173,0.47311,2.50000,2
421,173,168,0.47311,2.50000,2
422,162,174,0.46054,2.50000,4
423,174,170,0.46054,2.50000,4
424,159,109,0.47311,3.53553,1
425,171,117,0.47311,3.53553,2
426,159,163,0.47311,3.53553,1
427,171,169,0.47311,3.53553,2
428,109,160,0.47311,3.53553,1
429,117,172,0.47311,3.53553,2
430,163,160,0.47311,3.53553,1
431,169,172,0.47311,3.53553,2
432,173,163,0.47311,3.53553,2
433,173,169,0.47311,3.53553,2
434,163,174,0.47311,3.53553,2
435,169,174,0.47311,3.53553,2
436,171,175,0.47311,2.50000,2
437,175,172,0.47311,2.50000,2
438,173,176,0.47311,2.50000,2
439,176,174,0.47311,2.50000,2
440,177,178,0.47311,2.50000,2
441,178,179,0.47311,2.50000,2
442,126,180,0.47311,2.50000,1
443,180,177,0.47311,2.50000,1
444,128,181,0.46286,2.50000,2
445,181,179,0.46286,2.50000,2
446,168,182,0.47311,2.50000,2
447,182,177,0.47311,2.50000,2
448,170,183,0.46801,2.50000,4
449,183,179,0.46801,2.50000,4
450,180,127,0.47311,3.53553,1
451,180,178,0.47311,3.53553,1
452,127,181,0.47311,3.53553,1
453,178,181,0.47311,3.53553,1
454,182,169,0.47311,3.53553,2
455,182,178,0.47311,3.53553,2
456,169,183,0.47311,3.53553,2
457,178,183,0.47311,3.53553,2
458,180,184,0.47311,2.50000,1
459,184,181,0.47311,2.50000,1
460,182,185,0.47311,2.50000,2
461,185,183,0.47311,2.50000,2
462,186,187,0.47311,2.50000,2
463,188,189,0.47311,2.50000,4
464,187,190,0.47311,2.50000,2
465,189,191,0.47311,2.50000,4
466,135,192,0.47311,2.50000,1
467,137,193,0.47311,2.50000,2
468,192,186,0.47311,2.50000,1
469,193,188,0.47311,2.50000,2
470,139,194,0.47311,2.50000,2
471,140,195,0.47311,2.50000,4
472,194,190,0.47311,2.50000,2
473,195,191,0.47311,2.50000,4
474,186,196,0.47311,2.50000,2
475,196,188,0.47311,2.50000,2
476,190,197,0.47311,2.50000,4
477,197,191,0.47311,2.50000,4
478,192,136,0.47311,3.53553,1
479,193,138,0.47311,3.53553,2
480,192,187,0.47311,3.53553,1
481,193,189,0.47311,3.53553,2
482,136,194,0.47311,3.53553,1
483,138,195,0.47311,3.53553,2
484,187,194,0.47311,3.53553,1
485,189,195,0.47311,3.53553,2
486,196,187,0.47311,3.53553,2
487,196,189,0.47311,3.53553,2
488,187,197,0.47311,3.53553,2
489,189,197,0.47311,3.53553,2
490,192,198,0.47311,2.50000,1
491,193,199,0.47311,2.50000,2
492,198,194,0.47311,2.50000,1
493,199,195,0.47311,2.50000,2
494,196,200,0.47311,2.50000,2
495,200,197,0.47311,2.50000,2
496,201,202,0.46801,2.50000,4
497,202,203,0.46801,2.50000,4
498,150,204,0.47311,2.50000,2
499,204,201,0.47311,2.50000,2
500,152,205,0.45019,2.50000,4
501,205,203,0.45019,2.50000,4
502,188,206,0.47311,2.50000,2
503,206,201,0.47311,2.50000,2
504,191,207,0.47311,2.50000,4
505,207,203,0.47311,2.50000,4
506,204,151,0.47311,3.53553,1
507,204,202,0.47311,3.53553,1
508,151,205,0.47311,3.53553,1
509,202,205,0.47311,3.53553,1
510,206,189,0.47311,3.53553,2
511,206,202,0.47311,3.53553,2
512,189,207,0.47311,3.53553,2
513,202,207,0.47311,3.53553,2
514,204,208,0.47311,2.50000,1
515,208,205,0.47311,2.50000,1
516,206,209,0.47311,2.50000,2
517,209,207,0.47311,2.50000,2
518,210,211,0.46801,2.50000,4
519,211,212,0.46801,2.50000,4
520,201,213,0.46286,2.50000,2
521,213,210,0.46286,2.50000,2
522,203,214,0.44482,2.50000,4
523,214,212,0.44482,2.50000,4
524,161,215,0.47311,2.50000,2
525,215,210,0.47311,2.50000,2
526,162,216,0.45019,2.50000,4
527,216,212,0.45019,2.50000,4
528,150,167,0.47311,3.53553,1
529,201,217,0.46286,3.53553,2
530,161,167,0.47311,3.53553,1
531,210,217,0.46286,3.53553,2
532,167,152,0.47311,3.53553,1
533,217,203,0.46286,3.53553,2
534,167,162,0.47311,3.53553,1
535,217,212,0.46286,3.53553,2
536,164,151,0.47311,3.53553,1
537,213,202,0.46286,3.53553,2
538,164,163,0.47311,3.53553,1
539,213,211,0.46286,3.53553,2
540,151,165,0.47311,3.53553,1
541,202,214,0.46286,3.53553,2
542,163,165,0.47311,3.53553,1
543,211,214,0.46286,3.53553,2
544,151,167,0.47311,2.50000,1
545,202,217,0.46286,2.50000,2
546,167,163,0.47311,2.50000,1
547,217,211,0.46286,2.50000,2
548,213,217,0.46286,2.50000,2
549,217,214,0.46286,2.50000,2
550,218,219,0.47311,2.50000,4
551,219,220,0.47311,2.50000,4
552,168,221,0.47311,2.50000,2
553,221,218,0.47311,2.50000,2
554,170,222,0.47311,2.50000,4
555,222,220,0.47311,2.50000,4
556,210,223,0.47311,2.50000,2
557,223,218,0.47311,2.50000,2
558,212,224,0.46801,2.50000,4
559,224,220,0.46801,2.50000,4
560,215,163,0.47311,3.53553,1
561,221,169,0.47311,3.53553,2
562,215,211,0.47311,3.53553,1
563,221,219,0.47311,3.53553,2
564,163,216,0.47311,3.53553,1
565,169,222,0.47311,3.53553,2
566,211,216,0.47311,3.53553,1
567,219,222,0.47311,3.53553,2
568,223,211,0.47311,3.53553,2
569,223,219,0.47311,3.53553,2
570,211,224,0.47311,3.53553,2
571,219,224,0.47311,3.53553,2
572,215,225,0.47311,2.50000,1
573,221,226,0.47311,2.50000,2
574,225,216,0.47311,2.50000,1
575,226,222,0.47311,2.50000,2
576,223,227,0.47311,2.50000,2
577,227,224,0.47311,2.50000,2
578,228,229,0.47311,2.50000,2
579,229,230,0.47311,2.50000,2
580,177,231,0.47311,2.50000,1
581,231,228,0.47311,2.50000,1
582,179,232,0.47311,2.50000,2
583,232,230,0.47311,2.50000,2
584,218,233,0.47311,2.50000,2
585,233,228,0.47311,2.50000,2
586,220,234,0.47311,2.50000,4
587,234,230,0.47311,2.50000,4
588,231,178,0.47311,3.53553,1
589,231,229,0.47311,3.53553,1
590,178,232,0.47311,3.53553,1
591,229,232,0.47311,3.53553,1
592,233,219,0.47311,3.53553,2
593,233,229,0.47311,3.53553,2
594,219,234,0.47311,3.53553,2
595,229,234,0.47311,3.53553,2
596,231,235,0.47311,2.50000,1
597,235,232,0.47311,2.50000,1
598,233,236,0.47311,2.50000,2
599,236,234,0.47311,2.50000,2
600,237,238,0.47311,2.50000,1
601,239,240,0.47311,2.50000,2
602,238,241,0.47311,2.50000,1
603,240,242,0.47311,2.50000,2
604,186,243,0.47311,2.50000,1
605,188,244,0.47311,2.50000,2
606,243,237,0.47311,2.50000,1
607,244,239,0.47311,2.50000,2
608,190,245,0.47311,2.50000,2
609,191,246,0.47311,2.50000,4
610,245,241,0.47311,2.50000,2
611,246,242,0.47311,2.50000,4
612,237,247,0.47311,2.50000,1
613,247,239,0.47311,2.50000,1
614,241,248,0.47311,2.50000,2
615,248,242,0.47311,2.50000,2
616,243,187,0.47311,3.53553,1
617,244,189,0.47311,3.53553,2
618,243,238,0.47311,3.53553,1
619,244,240,0.47311,3.53553,2
620,187,245,0.47311,3.53553,1
621,189,246,0.47311,3.53553,2
622,238,245,0.47311,3.53553,1
623,240,246,0.47311,3.53553,2
624,247,238,0.47311,3.53553,1
625,247,240,0.47311,3.53553,1
626,238,248,0.47311,3.53553,1
627,240,248,0.47311,3.53553,1
628,243,249,0.47311,2.50000,1
629,244,250,0.47311,2.50000,2
630,249,245,0.47311,2.50000,1
631,250,246,0.47311,2.50000,2
632,247,251,0.47311,2.50000,1
633,251,248,0.47311,2.50000,1
634,252,253,0.46286,2.50000,2
635,253,254,0.46286,2.50000,2
636,201,255,0.46286,2.50000,2
637,255,252,0.46286,2.50000,2
638,203,256,0.46801,2.50000,4
639,256,254,0.46801,2.50000,4
640,239,257,0.47311,2.50000,1
641,257,252,0.47311,2.50000,1
642,242,258,0.47311,2.50000,2
643,258,254,0.47311,2.50000,2
644,255,202,0.47311,3.53553,1
645,255,253,0.47311,3.53553,1
646,202,256,0.47311,3.53553,1
647,253,256,0.47311,3.53553,1
648,257,240,0.47311,3.53553,1
649,257,253,0.47311,3.53553,1
650,240,258,0.47311,3.53553,1
651,253,258,0.47311,3.53553,1
652,255,259,0.46286,2.50000,2
653,259,256,0.46286,2.50000,2
654,257,260,0.47311,2.50000,1
655,260,258,0.47311,2.50000,1
656,261,262,0.46286,2.50000,2
657,262,263,0.46286,2.50000,2
658,252,264,0.45237,2.50000,1
659,264,261,0.45237,2.50000,1
660,254,265,0.46286,2.50000,2
661,265,263,0.46286,2.50000,2
662,210,266,0.46286,2.50000,2
663,266,261,0.46286,2.50000,2
664,212,267,0.46286,2.50000,4
665,267,263,0.46286,2.50000,4
666,252,268,0.45237,3.53553,1
667,261,268,0.45237,3.53553,1
668,268,254,0.45237,3.53553,1
669,268,263,0.45237,3.53553,1
670,264,253,0.45237,3.53553,1
671,264,262,0.45237,3.53553,1
672,253,265,0.45237,3.53553,1
673,262,265,0.45237,3.53553,1
674,253,268,0.45237,2.50000,1
675,268,262,0.45237,2.50000,1
676,264,268,0.45237,2.50000,1
677,268,265,0.45237,2.50000,1
678,266,269,0.46286,2.50000,2
679,269,267,0.46286,2.50000,2
680,270,271,0.47311,2.50000,2
681,271,272,0.47311,2.50000,2
682,218,273,0.47311,2.50000,2
683,273,270,0.47311,2.50000,2
684,220,274,0.46801,2.50000,4
685,274,272,0.46801,2.50000,4
686,261,275,0.47311,2.50000,1
687,275,270,0.47311,2.50000,1
688,263,276,0.46286,2.50000,2
689,276,272,0.46286,2.50000,2
690,266,211,0.47311,3.53553,1
691,273,219,0.47311,3.53553,2
692,266,262,0.47311,3.53553,1
693,273,271,0.47311,3.53553,2
694,211,267,0.47311,3.53553,1
695,219,274,0.47311,3.53553,2
696,262,267,0.47311,3.53553,1
697,271,274,0.47311,3.53553,2
698,275,262,0.47311,3.53553,1
699,275,271,0.47311,3.53553,1
700,262,276,0.47311,3.53553,1
701,271,276,0.47311,3.53553,1
702,273,277,0.47311,2.50000,2
703,277,274,0.47311,2.50000,2
704,275,278,0.47311,2.50000,1
705,278,276,0.47311,2.50000,1
706,279,280,0.47311,2.50000,1
707,280,281,0.47311,2.50000,1
708,228,282,0.47311,2.50000,1
709,282,279,0.47311,2.50000,1
710,230,283,0.47311,2.50000,2
711,283,281,0.47311,2.50000,2
712,270,284,0.47311,2.50000,1
713,284,279,0.47311,2.50000,1
714,272,285,0.47311,2.50000,2
715,285,281,0.47311,2.50000,2
716,282,229,0.47311,3.53553,1
717,282,280,0.47311,3.53553,1
718,229,283,0.47311,3.53553,1
719,280,283,0.47311,3.53553,1
720,284,271,0.47311,3.53553,1
721,284,280,0.47311,3.53553,1
722,271,285,0.47311,3.53553,1
723,280,285,0.47311,3.53553,1
724,282,286,0.47311,2.50000,1
725,286,283,0.47311,2.50000,1
726,284,287,0.47311,2.50000,1
727,287,285,0.47311,2.50000,1
728,8,288,0.47311,2.50000,1
729,9,289,0.46286,2.50000,2
730,10,290,0.47311,2.50000,2
731,11,291,0.46801,2.50000,4
732,288,292,0.47311,2.50000,1
733,289,293,0.46286,2.50000,2
734,290,294,0.47311,2.50000,2
735,291,295,0.46801,2.50000,4
736,292,296,0.47311,2.50000,2
737,293,297,0.46286,2.50000,4
738,296,294,0.47311,2.50000,2
739,297,295,0.46286,2.50000,4
740,292,298,0.47311,2.50000,2
741,298,293,0.47311,2.50000,2
742,294,299,0.47311,2.50000,4
743,299,295,0.47311,2.50000,4
744,14,288,0.47311,3.53553,1
745,15,289,0.47311,3.53553,1
746,14,290,0.47311,3.53553,1
747,15,291,0.47311,3.53553,1
748,288,296,0.47311,3.53553,1
749,289,297,0.47311,3.53553,1
750,290,296,0.47311,3.53553,1
751,291,297,0.47311,3.53553,1
752,18,288,0.47311,3.53553,1
753,18,289,0.47311,3.53553,1
754,19,290,0.47311,3.53553,2
755,19,291,0.47311,3.53553,2
756,288,298,0.47311,3.53553,1
757,289,298,0.47311,3.53553,1
758,290,299,0.47311,3.53553,2
759,291,299,0.47311,3.53553,2
760,14,300,0.47311,2.50000,1
761,15,301,0.46286,2.50000,2
762,300,296,0.47311,2.50000,1
763,301,297,0.46286,2.50000,2
764,18,302,0.47311,2.50000,1
765,19,303,0.47311,2.50000,2
766,302,298,0.47311,2.50000,1
767,303,299,0.47311,2.50000,2
768,28,304,0.46286,2.50000,2
769,29,305,0.44482,2.50000,4
770,304,306,0.46286,2.50000,2
771,305,307,0.44482,2.50000,4
772,293,308,0.45237,2.50000,2
773,295,309,0.46286,2.50000,4
774,308,306,0.45237,2.50000,2
775,309,307,0.46286,2.50000,4
776,306,310,0.46286,2.50000,4
777,310,307,0.46286,2.50000,4
778,9,311,0.45237,3.53553,1
779,11,312,0.45237,3.53553,1
780,28,311,0.45237,3.53553,1
781,29,312,0.45237,3.53553,1
782,311,293,0.45237,3.53553,1
783,312,295,0.45237,3.53553,1
784,311,306,0.45237,3.53553,1
785,312,307,0.45237,3.53553,1
786,34,289,0.45237,3.53553,1
787,35,291,0.46286,3.53553,2
788,34,304,0.45237,3.53553,1
789,35,305,0.46286,3.53553,2
790,289,308,0.45237,3.53553,1
791,291,309,0.46286,3.53553,2
792,304,308,0.45237,3.53553,1
793,305,309,0.46286,3.53553,2
794,289,311,0.45237,2.50000,1
795,291,312,0.45237,2.50000,1
796,311,304,0.45237,2.50000,1
797,312,305,0.45237,2.50000,1
798,34,311,0.45237,2.50000,1
799,35,312,0.46286,2.50000,2
800,311,308,0.45237,2.50000,1
801,312,309,0.46286,2.50000,2
802,31,313,0.45237,2.50000,1
803,313,310,0.45237,2.50000,1
804,43,314,0.47311,2.50000,2
805,44,315,0.45019,2.50000,4
806,314,316,0.47311,2.50000,2
807,315,317,0.45019,2.50000,4
808,306,318,0.47311,2.50000,2
809,307,319,0.43087,2.50000,4
810,318,316,0.47311,2.50000,2
811,319,317,0.43087,2.50000,4
812,316,320,0.47311,2.50000,4
813,320,317,0.47311,2.50000,4
814,28,321,0.47311,3.53553,1
815,29,322,0.42602,3.53553,2
816,43,321,0.47311,3.53553,1
817,44,322,0.42602,3.53553,2
818,321,306,0.47311,3.53553,1
819,322,307,0.42602,3.53553,2
820,321,316,0.47311,3.53553,1
821,322,317,0.42602,3.53553,2
822,47,304,0.47311,3.53553,1
823,48,305,0.42602,3.53553,2
824,47,314,0.47311,3.53553,1
825,48,315,0.42602,3.53553,2
826,304,318,0.47311,3.53553,1
827,305,319,0.42602,3.53553,2
828,314,318,0.47311,3.53553,1
829,315,319,0.42602,3.53553,2
830,304,321,0.47311,2.50000,1
831,305,322,0.47311,2.50000,1
832,321,314,0.47311,2.50000,1
833,322,315,0.47311,2.50000,1
834,47,321,0.47311,2.50000,1
835,48,322,0.47311,2.50000,1
836,321,318,0.47311,2.50000,1
837,322,319,0.47311,2.50000,1
838,58,323,0.47311,2.50000,2
839,59,324,0.47311,2.50000,4
840,323,325,0.47311,2.50000,2
841,324,326,0.47311,2.50000,4
842,316,327,0.47311,2.50000,2
843,317,328,0.47311,2.50000,4
844,327,325,0.47311,2.50000,2
845,328,326,0.47311,2.50000,4
846,325,329,0.47311,2.50000,4
847,329,326,0.47311,2.50000,4
848,43,330,0.47311,3.53553,1
849,44,331,0.47311,3.53553,1
850,58,330,0.47311,3.53553,1
851,59,331,0.47311,3.53553,1
852,330,316,0.47311,3.53553,1
853,331,317,0.47311,3.53553,1
854,330,325,0.47311,3.53553,1
855,331,326,0.47311,3.53553,1
856,64,314,0.47311,3.53553,1
857,65,315,0.47311,3.53553,2
858,64,323,0.47311,3.53553,1
859,65,324,0.47311,3.53553,2
860,314,327,0.47311,3.53553,1
861,315,328,0.47311,3.53553,2
862,323,327,0.47311,3.53553,1
863,324,328,0.47311,3.53553,2
864,314,330,0.47311,2.50000,1
865,315,331,0.47311,2.50000,1
866,330,323,0.47311,2.50000,1
867,331,324,0.47311,2.50000,1
868,64,330,0.47311,2.50000,1
869,65,331,0.47311,2.50000,2
870,330,327,0.47311,2.50000,1
871,331,328,0.47311,2.50000,2
872,73,332,0.47311,2.50000,1
873,74,333,0.47311,2.50000,2
874,332,334,0.47311,2.50000,1
875,333,335,0.47311,2.50000,2
876,334,336,0.47311,2.50000,2
877,336,335,0.47311,2.50000,2
878,325,337,0.47311,2.50000,2
879,337,334,0.47311,2.50000,2
880,326,338,0.47311,2.50000,4
881,338,335,0.47311,2.50000,4
882,61,323,0.47311,3.53553,1
883,76,332,0.47311,3.53553,1
884,61,324,0.47311,3.53553,1
885,76,333,0.47311,3.53553,1
886,323,329,0.47311,3.53553,1
887,332,336,0.47311,3.53553,1
888,324,329,0.47311,3.53553,1
889,333,336,0.47311,3.53553,1
890,79,323,0.47311,3.53553,1
891,79,332,0.47311,3.53553,1
892,80,324,0.47311,3.53553,2
893,80,333,0.47311,3.53553,2
894,323,337,0.47311,3.53553,1
895,332,337,0.47311,3.53553,1
896,324,338,0.47311,3.53553,2
897,333,338,0.47311,3.53553,2
898,61,339,0.47311,2.50000,1
899,76,340,0.47311,2.50000,1
900,339,329,0.47311,2.50000,1
901,340,336,0.47311,2.50000,1
902,79,341,0.47311,2.50000,1
903,80,342,0.47311,2.50000,2
904,341,337,0.47311,2.50000,1
905,342,338,0.47311,2.50000,2
906,88,343,0.46286,2.50000,2
907,89,344,0.45530,2.50000,4
908,343,345,0.46286,2.50000,2
909,344,346,0.45530,2.50000,4
910,294,347,0.47311,2.50000,2
911,295,348,0.47311,2.50000,4
912,347,345,0.47311,2.50000,2
913,348,346,0.47311,2.50000,4
914,345,349,0.46286,2.50000,4
915,349,346,0.46286,2.50000,4
916,92,290,0.47311,3.53553,1
917,93,291,0.47311,3.53553,2
918,92,343,0.47311,3.53553,1
919,93,344,0.47311,3.53553,2
920,290,347,0.47311,3.53553,1
921,291,348,0.47311,3.53553,2
922,343,347,0.47311,3.53553,1
923,344,348,0.47311,3.53553,2
924,95,343,0.47311,3.53553,1
925,95,344,0.47311,3.53553,1
926,343,349,0.47311,3.53553,1
927,344,349,0.47311,3.53553,1
928,92,350,0.47311,2.50000,1
929,93,351,0.47311,2.50000,2
930,350,347,0.47311,2.50000,1
931,351,348,0.47311,2.50000,2
932,95,352,0.46286,2.50000,2
933,352,349,0.46286,2.50000,2
934,101,353,0.40188,2.50000,4
935,353,354,0.40188,2.50000,4
936,307,355,0.43087,2.50000,4
937,355,354,0.43087,2.50000,4
938,346,356,0.44762,2.50000,4
939,356,354,0.44762,2.50000,4
940,103,305,0.47311,3.53553,1
941,103,353,0.47311,3.53553,1
942,305,355,0.47311,3.53553,1
943,353,355,0.47311,3.53553,1
944,105,344,0.47311,3.53553,1
945,105,353,0.47311,3.53553,1
946,344,356,0.47311,3.53553,1
947,353,356,0.47311,3.53553,1
948,103,357,0.47311,2.50000,1
949,357,355,0.47311,2.50000,1
950,105,358,0.47311,2.50000,1
951,358,356,0.47311,2.50000,1
952,354,359,0.34956,2.50000,4
953,359,360,0.34956,2.50000,4
954,110,361,0.40188,2.50000,4
955,361,360,0.40188,2.50000,4
956,317,362,0.43087,2.50000,4
957,362,360,0.43087,2.50000,4
958,101,363,0.35021,3.53553,2
959,363,354,0.35021,3.53553,2
960,110,363,0.35021,3.53553,2
961,363,360,0.35021,3.53553,2
962,29,364,0.37303,3.53553,1
963,364,101,0.37303,3.53553,1
964,307,365,0.37303,3.53553,1
965,365,354,0.37303,3.53553,1
966,44,364,0.37303,3.53553,1
967,364,110,0.37303,3.53553,1
968,317,365,0.37303,3.53553,1
969,365,360,0.37303,3.53553,1
970,112,353,0.35021,3.53553,2
971,353,359,0.35021,3.53553,2
972,112,361,0.35021,3.53553,2
973,361,359,0.35021,3.53553,2
974,103,366,0.37303,3.53553,1
975,366,355,0.37303,3.53553,1
976,114,366,0.37303,3.53553,1
977,366,362,0.37303,3.53553,1
978,364,357,0.37303,3.53553,1
979,357,365,0.37303,3.53553,1
980,364,367,0.37303,3.53553,1
981,367,365,0.37303,3.53553,1
982,118,368,0.45530,2.50000,4
983,368,369,0.45530,2.50000,4
984,326,370,0.47311,2.50000,4
985,370,369,0.47311,2.50000,4
986,360,371,0.44762,2.50000,4
987,371,369,0.44762,2.50000,4
988,114,315,0.47311,3.53553,1
989,120,324,0.47311,3.53553,2
990,114,361,0.47311,3.53553,1
991,120,368,0.47311,3.53553,2
992,315,362,0.47311,3.53553,1
993,324,370,0.47311,3.53553,2
994,361,362,0.47311,3.53553,1
995,368,370,0.47311,3.53553,2
996,122,361,0.47311,3.53553,1
997,122,368,0.47311,3.53553,1
998,361,371,0.47311,3.53553,1
999,368,371,0.47311,3.53553,1
1000,114,367,0.47311,2.50000,1
1001,120,372,0.47311,2.50000,2
1002,367,362,0.47311,2.50000,1
1003,372,370,0.47311,2.50000,2
1004,122,373,0.47311,2.50000,1
1005,373,371,0.47311,2.50000,1
1006,128,374,0.46286,2.50000,2
1007,374,375,0.46286,2.50000,2
1008,335,376,0.47311,2.50000,2
1009,376,375,0.47311,2.50000,2
1010,369,377,0.46286,2.50000,4
1011,377,375,0.46286,2.50000,4
1012,130,333,0.47311,3.53553,1
1013,130,374,0.47311,3.53553,1
1014,333,376,0.47311,3.53553,1
1015,374,376,0.47311,3.53553,1
1016,132,368,0.47311,3.53553,1
1017,132,374,0.47311,3.53553,1
1018,368,377,0.47311,3.53553,1
1019,374,377,0.47311,3.53553,1
1020,130,378,0.47311,2.50000,1
1021,378,376,0.47311,2.50000,1
1022,132,379,0.46286,2.50000,2
1023,379,377,0.46286,2.50000,2
1024,139,380,0.46286,2.50000,2
1025,140,381,0.45530,2.50000,4
1026,380,382,0.46286,2.50000,2
1027,381,383,0.45530,2.50000,4
1028,345,384,0.45237,2.50000,2
1029,346,385,0.43676,2.50000,4
1030,384,382,0.45237,2.50000,2
1031,385,383,0.43676,2.50000,4
1032,382,386,0.46286,2.50000,4
1033,386,383,0.46286,2.50000,4
1034,88,387,0.45237,3.53553,1
1035,89,388,0.43676,3.53553,2
1036,139,387,0.45237,3.53553,1
1037,140,388,0.43676,3.53553,2
1038,387,345,0.45237,3.53553,1
1039,388,346,0.43676,3.53553,2
1040,387,382,0.45237,3.53553,1
1041,388,383,0.43676,3.53553,2
1042,143,343,0.45237,3.53553,1
1043,144,344,0.43676,3.53553,2
1044,143,380,0.45237,3.53553,1
1045,144,381,0.43676,3.53553,2
1046,343,384,0.45237,3.53553,1
1047,344,385,0.43676,3.53553,2
1048,380,384,0.45237,3.53553,1
1049,381,385,0.43676,3.53553,2
1050,343,387,0.45237,2.50000,1
1051,344,388,0.45237,2.50000,1
1052,387,380,0.45237,2.50000,1
1053,388,381,0.45237,2.50000,1
1054,143,387,0.45237,2.50000,1
1055,144,388,0.43676,2.50000,2
1056,387,384,0.45237,2.50000,1
1057,388,385,0.43676,2.50000,2
1058,146,389,0.46286,2.50000,2
1059,389,386,0.46286,2.50000,2
1060,354,390,0.37001,2.50000,4
1061,390,391,0.37001,2.50000,4
1062,152,392,0.40188,2.50000,4
1063,392,391,0.40188,2.50000,4
1064,383,393,0.44762,2.50000,4
1065,393,391,0.44762,2.50000,4
1066,101,394,0.37618,3.53553,2
1067,394,354,0.37618,3.53553,2
1068,152,394,0.37618,3.53553,2
1069,394,391,0.37618,3.53553,2
1070,154,353,0.37618,3.53553,2
1071,353,390,0.37618,3.53553,2
1072,154,392,0.37618,3.53553,2
1073,392,390,0.37618,3.53553,2
1074,154,394,0.42058,2.50000,1
1075,394,390,0.42058,2.50000,1
1076,144,395,0.42058,2.50000,1
1077,395,154,0.42058,2.50000,1
1078,385,396,0.42058,2.50000,1
1079,396,390,0.42058,2.50000,1
1080,395,388,0.42058,3.53553,1
1081,395,394,0.42058,3.53553,1
1082,388,396,0.42058,3.53553,1
1083,394,396,0.42058,3.53553,1
1084,162,397,0.40188,2.50000,4
1085,397,398,0.40188,2.50000,4
1086,391,399,0.34956,2.50000,4
1087,399,398,0.34956,2.50000,4
1088,360,400,0.37001,2.50000,4
1089,400,398,0.37001,2.50000,4
1090,152,401,0.35021,3.53553,2
1091,162,401,0.35021,3.53553,2
1092,401,391,0.35021,3.53553,2
1093,401,398,0.35021,3.53553,2
1094,110,402,0.37618,3.53553,2
1095,162,402,0.37618,3.53553,2
1096,402,360,0.37618,3.53553,2
1097,402,398,0.37618,3.53553,2
1098,101,403,0.32578,4.33013,1
1099,152,403,0.32578,4.33013,1
1100,110,403,0.32578,4.33013,1
1101,162,403,0.32578,4.33013,1
1102,403,354,0.32578,4.33013,1
1103,403,391,0.32578,4.33013,1
1104,403,360,0.32578,4.33013,1
1105,403,398,0.32578,4.33013,1
1106,165,392,0.35021,3.53553,2
1107,165,397,0.35021,3.53553,2
1108,392,399,0.35021,3.53553,2
1109,397,399,0.35021,3.53553,2
1110,160,361,0.37618,3.53553,2
1111,160,397,0.37618,3.53553,2
1112,361,400,0.37618,3.53553,2
1113,397,400,0.37618,3.53553,2
1114,369,404,0.43676,2.50000,4
1115,404,405,0.43676,2.50000,4
1116,170,406,0.45530,2.50000,4
1117,406,405,0.45530,2.50000,4
1118,398,407,0.44762,2.50000,4
1119,407,405,0.44762,2.50000,4
1120,118,408,0.43676,3.53553,2
1121,408,369,0.43676,3.53553,2
1122,170,408,0.43676,3.53553,2
1123,408,405,0.43676,3.53553,2
1124,172,368,0.43676,3.53553,2
1125,368,404,0.43676,3.53553,2
1126,172,406,0.43676,3.53553,2
1127,406,404,0.43676,3.53553,2
1128,160,402,0.42058,2.50000,1
1129,172,408,0.43676,2.50000,2
1130,402,400,0.42058,2.50000,1
1131,408,404,0.43676,2.50000,2
1132,160,409,0.42058,2.50000,1
1133,409,172,0.42058,2.50000,1
1134,400,410,0.42058,2.50000,1
1135,410,404,0.42058,2.50000,1
1136,409,402,0.42058,3.53553,1
1137,409,408,0.42058,3.53553,1
1138,402,410,0.42058,3.53553,1
1139,408,410,0.42058,3.53553,1
1140,179,411,0.46286,2.50000,2
1141,411,412,0.46286,2.50000,2
1142,375,413,0.45237,2.50000,2
1143,413,412,0.45237,2.50000,2
1144,405,414,0.46286,2.50000,4
1145,414,412,0.46286,2.50000,4
1146,128,415,0.45237,3.53553,1
1147,179,415,0.45237,3.53553,1
1148,415,375,0.45237,3.53553,1
1149,415,412,0.45237,3.53553,1
1150,181,374,0.45237,3.53553,1
1151,181,411,0.45237,3.53553,1
1152,374,413,0.45237,3.53553,1
1153,411,413,0.45237,3.53553,1
1154,368,408,0.45237,2.50000,1
1155,374,415,0.45237,2.50000,1
1156,408,406,0.45237,2.50000,1
1157,415,411,0.45237,2.50000,1
1158,181,415,0.45237,2.50000,1
1159,415,413,0.45237,2.50000,1
1160,183,416,0.46286,2.50000,2
1161,416,414,0.46286,2.50000,2
1162,190,417,0.47311,2.50000,2
1163,191,418,0.47311,2.50000,4
1164,417,419,0.47311,2.50000,2
1165,418,420,0.47311,2.50000,4
1166,382,421,0.47311,2.50000,2
1167,383,422,0.47311,2.50000,4
1168,421,419,0.47311,2.50000,2
1169,422,420,0.47311,2.50000,4
1170,419,423,0.47311,2.50000,4
1171,423,420,0.47311,2.50000,4
1172,194,380,0.47311,3.53553,1
1173,195,381,0.47311,3.53553,2
1174,194,417,0.47311,3.53553,1
1175,195,418,0.47311,3.53553,2
1176,380,421,0.47311,3.53553,1
1177,381,422,0.47311,3.53553,2
1178,417,421,0.47311,3.53553,1
1179,418,422,0.47311,3.53553,2
1180,146,380,0.47311,3.53553,1
1181,146,381,0.47311,3.53553,1
1182,197,417,0.47311,3.53553,2
1183,197,418,0.47311,3.53553,2
1184,380,386,0.47311,3.53553,1
1185,381,386,0.47311,3.53553,1
1186,417,423,0.47311,3.53553,2
1187,418,423,0.47311,3.53553,2
1188,194,424,0.47311,2.50000,1
1189,195,425,0.47311,2.50000,2
1190,424,421,0.47311,2.50000,1
1191,425,422,0.47311,2.50000,2
1192,197,426,0.47311,2.50000,2
1193,426,423,0.47311,2.50000,2
1194,203,427,0.45019,2.50000,4
1195,427,428,0.45019,2.50000,4
1196,391,429,0.43087,2.50000,4
1197,429,428,0.43087,2.50000,4
1198,420,430,0.47311,2.50000,4
1199,430,428,0.47311,2.50000,4
1200,205,392,0.47311,3.53553,1
1201,205,427,0.47311,3.53553,1
1202,392,429,0.47311,3.53553,1
1203,427,429,0.47311,3.53553,1
1204,156,381,0.47311,3.53553,1
1205,156,392,0.47311,3.53553,1
1206,207,418,0.47311,3.53553,2
1207,207,427,0.47311,3.53553,2
1208,381,393,0.47311,3.53553,1
1209,392,393,0.47311,3.53553,1
1210,418,430,0.47311,3.53553,2
1211,427,430,0.47311,3.53553,2
1212,205,431,0.47311,2.50000,1
1213,431,429,0.47311,2.50000,1
1214,156,432,0.47311,2.50000,1
1215,207,433,0.47311,2.50000,2
1216,432,393,0.47311,2.50000,1
1217,433,430,0.47311,2.50000,2
1218,428,434,0.43087,2.50000,4
1219,434,435,0.43087,2.50000,4
1220,212,436,0.44482,2.50000,4
1221,436,435,0.44482,2.50000,4
1222,398,437,0.43087,2.50000,4
1223,437,435,0.43087,2.50000,4
1224,203,438,0.42602,3.53553,2
1225,438,428,0.42602,3.53553,2
1226,212,438,0.42602,3.53553,2
1227,438,435,0.42602,3.53553,2
1228,152,439,0.37303,3.53553,1
1229,439,203,0.37303,3.53553,1
1230,391,440,0.37303,3.53553,1
1231,440,428,0.37303,3.53553,1
1232,162,439,0.37303,3.53553,1
1233,439,212,0.37303,3.53553,1
1234,398,440,0.37303,3.53553,1
1235,440,435,0.37303,3.53553,1
1236,214,427,0.42602,3.53553,2
1237,427,434,0.42602,3.53553,2
1238,214,436,0.42602,3.53553,2
1239,436,434,0.42602,3.53553,2
1240,205,441,0.37303,3.53553,1
1241,441,429,0.37303,3.53553,1
1242,216,441,0.37303,3.53553,1
1243,441,437,0.37303,3.53553,1
1244,439,431,0.37303,3.53553,1
1245,431,440,0.37303,3.53553,1
1246,439,442,0.37303,3.53553,1
1247,442,440,0.37303,3.53553,1
1248,220,443,0.46801,2.50000,4
1249,443,444,0.46801,2.50000,4
1250,405,445,0.47311,2.50000,4
1251,445,444,0.47311,2.50000,4
1252,435,446,0.46286,2.50000,4
1253,446,444,0.46286,2.50000,4
1254,216,397,0.47311,3.53553,1
1255,222,406,0.47311,3.53553,2
1256,216,436,0.47311,3.53553,1
1257,222,443,0.47311,3.53553,2
1258,397,437,0.47311,3.53553,1
1259,406,445,0.47311,3.53553,2
1260,436,437,0.47311,3.53553,1
1261,443,445,0.47311,3.53553,2
1262,174,397,0.47311,3.53553,1
1263,174,406,0.47311,3.53553,1
1264,224,436,0.46286,3.53553,2
1265,224,443,0.46286,3.53553,2
1266,397,407,0.47311,3.53553,1
1267,406,407,0.47311,3.53553,1
1268,436,446,0.46286,3.53553,2
1269,443,446,0.46286,3.53553,2
1270,216,442,0.47311,2.50000,1
1271,222,447,0.47311,2.50000,2
1272,442,437,0.47311,2.50000,1
1273,447,445,0.47311,2.50000,2
1274,174,448,0.47311,2.50000,1
1275,224,449,0.46286,2.50000,2
1276,448,407,0.47311,2.50000,1
1277,449,446,0.46286,2.50000,2
1278,230,450,0.47311,2.50000,2
1279,450,451,0.47311,2.50000,2
1280,412,452,0.47311,2.50000,2
1281,452,451,0.47311,2.50000,2
1282,444,453,0.47311,2.50000,4
1283,453,451,0.47311,2.50000,4
1284,232,411,0.47311,3.53553,1
1285,232,450,0.47311,3.53553,1
1286,411,452,0.47311,3.53553,1
1287,450,452,0.47311,3.53553,1
1288,183,406,0.47311,3.53553,1
1289,183,411,0.47311,3.53553,1
1290,234,443,0.47311,3.53553,2
1291,234,450,0.47311,3.53553,2
1292,406,414,0.47311,3.53553,1
1293,411,414,0.47311,3.53553,1
1294,443,453,0.47311,3.53553,2
1295,450,453,0.47311,3.53553,2
1296,232,454,0.47311,2.50000,1
1297,454,452,0.47311,2.50000,1
1298,234,455,0.47311,2.50000,2
1299,455,453,0.47311,2.50000,2
1300,241,456,0.47311,2.50000,1
1301,242,457,0.47311,2.50000,2
1302,456,458,0.47311,2.50000,1
1303,457,459,0.47311,2.50000,2
1304,419,460,0.47311,2.50000,2
1305,420,461,0.47311,2.50000,4
1306,460,458,0.47311,2.50000,2
1307,461,459,0.47311,2.50000,4
1308,458,462,0.47311,2.50000,2
1309,462,459,0.47311,2.50000,2
1310,245,417,0.47311,3.53553,1
1311,246,418,0.47311,3.53553,1
1312,245,456,0.47311,3.53553,1
1313,246,457,0.47311,3.53553,1
1314,417,460,0.47311,3.53553,1
1315,418,461,0.47311,3.53553,1
1316,456,460,0.47311,3.53553,1
1317,457,461,0.47311,3.53553,1
1318,248,456,0.47311,3.53553,1
1319,248,457,0.47311,3.53553,1
1320,456,462,0.47311,3.53553,1
1321,457,462,0.47311,3.53553,1
1322,245,463,0.47311,2.50000,1
1323,246,464,0.47311,2.50000,1
1324,463,460,0.47311,2.50000,1
1325,464,461,0.47311,2.50000,1
1326,248,465,0.47311,2.50000,1
1327,465,462,0.47311,2.50000,1
1328,254,466,0.47311,2.50000,2
1329,466,467,0.47311,2.50000,2
1330,459,468,0.47311,2.50000,2
1331,468,467,0.47311,2.50000,2
1332,428,469,0.47311,2.50000,4
1333,469,467,0.47311,2.50000,4
1334,191,433,0.47311,3.53553,1
1335,242,470,0.47311,3.53553,1
1336,203,433,0.47311,3.53553,1
1337,254,470,0.47311,3.53553,1
1338,433,420,0.47311,3.53553,1
1339,470,459,0.47311,3.53553,1
1340,433,428,0.47311,3.53553,1
1341,470,467,0.47311,3.53553,1
1342,258,457,0.47311,3.53553,1
1343,258,466,0.47311,3.53553,1
1344,457,468,0.47311,3.53553,1
1345,466,468,0.47311,3.53553,1
1346,418,433,0.47311,2.50000,1
1347,457,470,0.47311,2.50000,1
1348,433,427,0.47311,2.50000,1
1349,470,466,0.47311,2.50000,1
1350,258,470,0.47311,2.50000,1
1351,470,468,0.47311,2.50000,1
1352,263,471,0.46286,2.50000,2
1353,471,472,0.46286,2.50000,2
1354,467,473,0.47311,2.50000,2
1355,473,472,0.47311,2.50000,2
1356,435,474,0.46286,2.50000,4
1357,474,472,0.46286,2.50000,4
1358,254,475,0.47311,3.53553,1
1359,263,475,0.47311,3.53553,1
1360,475,467,0.47311,3.53553,1
1361,475,472,0.47311,3.53553,1
1362,265,466,0.47311,3.53553,1
1363,265,471,0.47311,3.53553,1
1364,466,473,0.47311,3.53553,1
1365,471,473,0.47311,3.53553,1
1366,427,438,0.47311,2.50000,1
1367,466,475,0.47311,2.50000,1
1368,438,436,0.47311,2.50000,1
1369,475,471,0.47311,2.50000,1
1370,214,438,0.47311,2.50000,1
1371,265,475,0.47311,2.50000,1
1372,438,434,0.47311,2.50000,1
1373,475,473,0.47311,2.50000,1
1374,272,476,0.46286,2.50000,2
1375,476,477,0.46286,2.50000,2
1376,472,478,0.45237,2.50000,2
1377,478,477,0.45237,2.50000,2
1378,444,479,0.46286,2.50000,4
1379,479,477,0.46286,2.50000,4
1380,212,449,0.45237,3.53553,1
1381,263,480,0.45237,3.53553,1
1382,220,449,0.45237,3.53553,1
1383,272,480,0.45237,3.53553,1
1384,449,435,0.45237,3.53553,1
1385,480,472,0.45237,3.53553,1
1386,449,444,0.45237,3.53553,1
1387,480,477,0.45237,3.53553,1
1388,276,471,0.45237,3.53553,1
1389,276,476,0.45237,3.53553,1
1390,471,478,0.45237,3.53553,1
1391,476,478,0.45237,3.53553,1
1392,436,449,0.45237,2.50000,1
1393,471,480,0.45237,2.50000,1
1394,449,443,0.45237,2.50000,1
1395,480,476,0.45237,2.50000,1
1396,276,480,0.45237,2.50000,1
1397,480,478,0.45237,2.50000,1
1398,267,481,0.45237,2.50000,1
1399,274,482,0.46286,2.50000,2
1400,481,474,0.45237,2.50000,1
1401,482,479,0.46286,2.50000,2
1402,281,483,0.47311,2.50000,1
1403,483,484,0.47311,2.50000,1
1404,451,485,0.47311,2.50000,2
1405,485,484,0.47311,2.50000,2
1406,477,486,0.47311,2.50000,2
1407,486,484,0.47311,2.50000,2
1408,274,443,0.47311,3.53553,1
1409,283,450,0.47311,3.53553,1
1410,274,476,0.47311,3.53553,1
1411,283,483,0.47311,3.53553,1
1412,443,479,0.47311,3.53553,1
1413,450,485,0.47311,3.53553,1
1414,476,479,0.47311,3.53553,1
1415,483,485,0.47311,3.53553,1
1416,285,476,0.47311,3.53553,1
1417,285,483,0.47311,3.53553,1
1418,476,486,0.47311,3.53553,1
1419,483,486,0.47311,3.53553,1
1420,283,487,0.47311,2.50000,1
1421,487,485,0.47311,2.50000,1
1422,285,488,0.47311,2.50000,1
1423,488,486,0.47311,2.50000,1
1424,292,489,0.47311,2.50000,1
1425,293,490,0.46286,2.50000,2
1426,294,491,0.47311,2.50000,2
1427,295,492,0.46801,2.50000,4
1428,489,493,0.47311,2.50000,1
1429,490,494,0.46286,2.50000,2
1430,491,495,0.47311,2.50000,2
1431,492,496,0.46801,2.50000,4
1432,493,497,0.47311,2.50000,2
1433,494,498,0.46286,2.50000,4
1434,497,495,0.47311,2.50000,2
1435,498,496,0.46286,2.50000,4
1436,493,499,0.47311,2.50000,2
1437,499,494,0.47311,2.50000,2
1438,495,500,0.47311,2.50000,4
1439,500,496,0.47311,2.50000,4
1440,296,489,0.47311,3.53553,1
1441,297,490,0.47311,3.53553,1
1442,296,491,0.47311,3.53553,1
1443,297,492,0.47311,3.53553,1
1444,489,497,0.47311,3.53553,1
1445,490,498,0.47311,3.53553,1
1446,491,497,0.47311,3.53553,1
1447,492,498,0.47311,3.53553,1
1448,298,489,0.47311,3.53553,1
1449,298,490,0.47311,3.53553,1
1450,299,491,0.47311,3.53553,2
1451,299,492,0.47311,3.53553,2
1452,489,499,0.47311,3.53553,1
1453,490,499,0.47311,3.53553,1
1454,491,500,0.47311,3.53553,2
1455,492,500,0.47311,3.53553,2
1456,296,501,0.47311,2.50000,1
1457,297,502,0.46286,2.50000,2
1458,501,497,0.47311,2.50000,1
1459,502,498,0.46286,2.50000,2
1460,298,503,0.47311,2.50000,1
1461,299,504,0.47311,2.50000,2
1462,503,499,0.47311,2.50000,1
1463,504,500,0.47311,2.50000,2
1464,306,505,0.46286,2.50000,2
1465,307,506,0.44947,2.50000,4
1466,505,507,0.46286,2.50000,2
1467,506,508,0.44947,2.50000,4
1468,494,509,0.45237,2.50000,2
1469,496,510,0.46286,2.50000,4
1470,509,507,0.45237,2.50000,2
1471,510,508,0.46286,2.50000,4
1472,507,511,0.46286,2.50000,4
1473,511,508,0.46286,2.50000,4
1474,293,512,0.45237,3.53553,1
1475,295,513,0.45237,3.53553,1
1476,306,512,0.45237,3.53553,1
1477,307,513,0.45237,3.53553,1
1478,512,494,0.45237,3.53553,1
1479,513,496,0.45237,3.53553,1
1480,512,507,0.45237,3.53553,1
1481,513,508,0.45237,3.53553,1
1482,308,490,0.45237,3.53553,1
1483,309,492,0.46286,3.53553,2
1484,308,505,0.45237,3.53553,1
1485,309,506,0.46286,3.53553,2
1486,490,509,0.45237,3.53553,1
1487,492,510,0.46286,3.53553,2
1488,505,509,0.45237,3.53553,1
1489,506,510,0.46286,3.53553,2
1490,490,512,0.45237,2.50000,1
1491,492,513,0.45237,2.50000,1
1492,512,505,0.45237,2.50000,1
1493,513,506,0.45237,2.50000,1
1494,308,512,0.45237,2.50000,1
1495,309,513,0.46286,2.50000,2
1496,512,509,0.45237,2.50000,1
1497,513,510,0.46286,2.50000,2
1498,310,514,0.45237,2.50000,1
1499,514,511,0.45237,2.50000,1
1500,316,515,0.47311,2.50000,2
1501,317,516,0.45478,2.50000,4
1502,515,517,0.47311,2.50000,2
1503,516,518,0.45478,2.50000,4
1504,507,519,0.47311,2.50000,2
1505,508,520,0.44168,2.50000,4
1506,519,517,0.47311,2.50000,2
1507,520,518,0.44168,2.50000,4
1508,517,521,0.47311,2.50000,4
1509,521,518,0.47311,2.50000,4
1510,306,522,0.47311,3.53553,1
1511,307,523,0.43566,3.53553,2
1512,316,522,0.47311,3.53553,1
1513,317,523,0.43566,3.53553,2
1514,522,507,0.47311,3.53553,1
1515,523,508,0.43566,3.53553,2
1516,522,517,0.47311,3.53553,1
1517,523,518,0.43566,3.53553,2
1518,318,505,0.47311,3.53553,1
1519,319,506,0.43566,3.53553,2
1520,318,515,0.47311,3.53553,1
1521,319,516,0.43566,3.53553,2
1522,505,519,0.47311,3.53553,1
1523,506,520,0.43566,3.53553,2
1524,515,519,0.47311,3.53553,1
1525,516,520,0.43566,3.53553,2
1526,505,522,0.47311,2.50000,1
1527,506,523,0.47311,2.50000,1
1528,522,515,0.47311,2.50000,1
1529,523,516,0.47311,2.50000,1
1530,318,522,0.47311,2.50000,1
1531,319,523,0.43566,2.50000,2
1532,522,519,0.47311,2.50000,1
1533,523,520,0.43566,2.50000,2
1534,325,524,0.47311,2.50000,2
1535,326,525,0.47311,2.50000,4
1536,524,526,0.47311,2.50000,2
1537,525,527,0.47311,2.50000,4
1538,517,528,0.47311,2.50000,2
1539,518,529,0.47311,2.50000,4
1540,528,526,0.47311,2.50000,2
1541,529,527,0.47311,2.50000,4
1542,526,530,0.47311,2.50000,4
1543,530,527,0.47311,2.50000,4
1544,316,531,0.47311,3.53553,1
1545,317,532,0.47311,3.53553,1
1546,325,531,0.47311,3.53553,1
1547,326,532,0.47311,3.53553,1
1548,531,517,0.47311,3.53553,1
1549,532,518,0.47311,3.53553,1
1550,531,526,0.47311,3.53553,1
1551,532,527,0.47311,3.53553,1
1552,327,515,0.47311,3.53553,1
1553,328,516,0.47311,3.53553,2
1554,327,524,0.47311,3.53553,1
1555,328,525,0.47311,3.53553,2
1556,515,528,0.47311,3.53553,1
1557,516,529,0.47311,3.53553,2
1558,524,528,0.47311,3.53553,1
1559,525,529,0.47311,3.53553,2
1560,515,531,0.47311,2.50000,1
1561,516,532,0.47311,2.50000,1
1562,531,524,0.47311,2.50000,1
1563,532,525,0.47311,2.50000,1
1564,327,531,0.47311,2.50000,1
1565,328,532,0.47311,2.50000,2
1566,531,528,0.47311,2.50000,1
1567,532,529,0.47311,2.50000,2
1568,334,533,0.47311,2.50000,1
1569,335,534,0.47311,2.50000,2
1570,533,535,0.47311,2.50000,1
1571,534,536,0.47311,2.50000,2
1572,535,537,0.47311,2.50000,2
1573,537,536,0.47311,2.50000,2
1574,526,538,0.47311,2.50000,2
1575,538,535,0.47311,2.50000,2
1576,527,539,0.47311,2.50000,4
1577,539,536,0.47311,2.50000,4
1578,329,524,0.47311,3.53553,1
1579,336,533,0.47311,3.53553,1
1580,329,525,0.47311,3.53553,1
1581,336,534,0.47311,3.53553,1
1582,524,530,0.47311,3.53553,1
1583,533,537,0.47311,3.53553,1
1584,525,530,0.47311,3.53553,1
1585,534,537,0.47311,3.53553,1
1586,337,524,0.47311,3.53553,1
1587,337,533,0.47311,3.53553,1
1588,338,525,0.47311,3.53553,2
1589,338,534,0.47311,3.53553,2
1590,524,538,0.47311,3.53553,1
1591,533,538,0.47311,3.53553,1
1592,525,539,0.47311,3.53553,2
1593,534,539,0.47311,3.53553,2
1594,329,540,0.47311,2.50000,1
1595,336,541,0.47311,2.50000,1
1596,540,530,0.47311,2.50000,1
1597,541,537,0.47311,2.50000,1
1598,337,542,0.47311,2.50000,1
1599,338,543,0.47311,2.50000,2
1600,542,538,0.47311,2.50000,1
1601,543,539,0.47311,2.50000,2
1602,345,544,0.46286,2.50000,2
1603,346,545,0.45530,2.50000,4
1604,544,546,0.46286,2.50000,2
1605,545,547,0.45530,2.50000,4
1606,495,548,0.47311,2.50000,2
1607,496,549,0.47311,2.50000,4
1608,548,546,0.47311,2.50000,2
1609,549,547,0.47311,2.50000,4
1610,546,550,0.46801,2.50000,4
1611,550,547,0.46801,2.50000,4
1612,347,491,0.47311,3.53553,1
1613,348,492,0.47311,3.53553,2
1614,347,544,0.47311,3.53553,1
1615,348,545,0.47311,3.53553,2
1616,491,548,0.47311,3.53553,1
1617,492,549,0.47311,3.53553,2
1618,544,548,0.47311,3.53553,1
1619,545,549,0.47311,3.53553,2
1620,349,544,0.47311,3.53553,1
1621,349,545,0.47311,3.53553,1
1622,544,550,0.47311,3.53553,1
1623,545,550,0.47311,3.53553,1
1624,347,551,0.47311,2.50000,1
1625,348,552,0.47311,2.50000,2
1626,551,548,0.47311,2.50000,1
1627,552,549,0.47311,2.50000,2
1628,349,553,0.46286,2.50000,2
1629,553,550,0.46286,2.50000,2
1630,354,554,0.40131,2.50000,4
1631,554,555,0.40131,2.50000,4
1632,508,556,0.44168,2.50000,4
1633,556,555,0.44168,2.50000,4
1634,547,557,0.44762,2.50000,4
1635,557,555,0.44762,2.50000,4
1636,355,506,0.47311,3.53553,1
1637,355,554,0.47311,3.53553,1
1638,506,556,0.47311,3.53553,1
1639,554,556,0.47311,3.53553,1
1640,356,545,0.47311,3.53553,1
1641,356,554,0.47311,3.53553,1
1642,545,557,0.47311,3.53553,1
1643,554,557,0.47311,3.53553,1
1644,355,558,0.47311,2.50000,1
1645,558,556,0.47311,2.50000,1
1646,356,559,0.47311,2.50000,1
1647,559,557,0.47311,2.50000,1
1648,555,560,0.35027,2.50000,4
1649,560,561,0.35027,2.50000,4
1650,360,562,0.40131,2.50000,4
1651,562,561,0.40131,2.50000,4
1652,518,563,0.44168,2.50000,4
1653,563,561,0.44168,2.50000,4
1654,354,564,0.34892,3.53553,2
1655,564,555,0.34892,3.53553,2
1656,360,564,0.34892,3.53553,2
1657,564,561,0.34892,3.53553,2
1658,359,554,0.34892,3.53553,2
1659,554,560,0.34892,3.53553,2
1660,359,562,0.34892,3.53553,2
1661,562,560,0.34892,3.53553,2
1662,359,564,0.39468,2.50000,1
1663,564,560,0.39468,2.50000,1
1664,319,565,0.39468,3.53553,1
1665,359,565,0.39468,3.53553,1
1666,565,520,0.39468,3.53553,1
1667,565,560,0.39468,3.53553,1
1668,355,565,0.39468,3.53553,1
1669,565,556,0.39468,3.53553,1
1670,362,565,0.39468,3.53553,1
1671,565,563,0.39468,3.53553,1
1672,369,566,0.45530,2.50000,4
1673,566,567,0.45530,2.50000,4
1674,527,568,0.47311,2.50000,4
1675,568,567,0.47311,2.50000,4
1676,561,569,0.44762,2.50000,4
1677,569,567,0.44762,2.50000,4
1678,362,516,0.47311,3.53553,1
1679,370,525,0.47311,3.53553,2
1680,362,562,0.47311,3.53553,1
1681,370,566,0.47311,3.53553,2
1682,516,563,0.47311,3.53553,1
1683,525,568,0.47311,3.53553,2
1684,562,563,0.47311,3.53553,1
1685,566,568,0.47311,3.53553,2
1686,371,562,0.47311,3.53553,1
1687,371,566,0.47311,3.53553,1
1688,562,569,0.47311,3.53553,1
1689,566,569,0.47311,3.53553,1
1690,362,570,0.47311,2.50000,1
1691,370,571,0.47311,2.50000,2
1692,570,563,0.47311,2.50000,1
1693,571,568,0.47311,2.50000,2
1694,371,572,0.47311,2.50000,1
1695,572,569,0.47311,2.50000,1
1696,375,573,0.46286,2.50000,2
1697,573,574,0.46286,2.50000,2
1698,536,575,0.47311,2.50000,2
1699,575,574,0.47311,2.50000,2
1700,567,576,0.46801,2.50000,4
1701,576,574,0.46801,2.50000,4
1702,376,534,0.47311,3.53553,1
1703,376,573,0.47311,3.53553,1
1704,534,575,0.47311,3.53553,1
1705,573,575,0.47311,3.53553,1
1706,377,566,0.47311,3.53553,1
1707,377,573,0.47311,3.53553,1
1708,566,576,0.47311,3.53553,1
1709,573,576,0.47311,3.53553,1
1710,376,577,0.47311,2.50000,1
1711,577,575,0.47311,2.50000,1
1712,377,578,0.46286,2.50000,2
1713,578,576,0.46286,2.50000,2
1714,382,579,0.46286,2.50000,2
1715,383,580,0.45530,2.50000,4
1716,579,581,0.46286,2.50000,2
1717,580,582,0.45530,2.50000,4
1718,546,583,0.46286,2.50000,2
1719,547,584,0.44223,2.50000,4
1720,583,581,0.46286,2.50000,2
1721,584,582,0.44223,2.50000,4
1722,581,585,0.46286,2.50000,4
1723,585,582,0.46286,2.50000,4
1724,345,586,0.45237,3.53553,1
1725,346,587,0.43676,3.53553,2
1726,382,586,0.45237,3.53553,1
1727,383,587,0.43676,3.53553,2
1728,586,546,0.45237,3.53553,1
1729,587,547,0.43676,3.53553,2
1730,586,581,0.45237,3.53553,1
1731,587,582,0.43676,3.53553,2
1732,384,544,0.45237,3.53553,1
1733,385,545,0.43676,3.53553,2
1734,384,579,0.45237,3.53553,1
1735,385,580,0.43676,3.53553,2
1736,544,583,0.45237,3.53553,1
1737,545,584,0.43676,3.53553,2
1738,579,583,0.45237,3.53553,1
1739,580,584,0.43676,3.53553,2
1740,544,586,0.45237,2.50000,1
1741,545,587,0.43676,2.50000,2
1742,586,579,0.45237,2.50000,1
1743,587,580,0.43676,2.50000,2
1744,384,586,0.45237,2.50000,1
1745,385,587,0.43676,2.50000,2
1746,586,583,0.45237,2.50000,1
1747,587,584,0.43676,2.50000,2
1748,386,588,0.46286,2.50000,2
1749,588,585,0.46286,2.50000,2
1750,555,589,0.35773,2.50000,4
1751,589,590,0.35773,2.50000,4
1752,391,591,0.40131,2.50000,4
1753,591,590,0.40131,2.50000,4
1754,582,592,0.44762,2.50000,4
1755,592,590,0.44762,2.50000,4
1756,354,593,0.36374,3.53553,2
1757,593,555,0.36374,3.53553,2
1758,391,593,0.36374,3.53553,2
1759,593,590,0.36374,3.53553,2
1760,390,554,0.36374,3.53553,2
1761,554,589,0.36374,3.53553,2
1762,390,591,0.36374,3.53553,2
1763,591,589,0.36374,3.53553,2
1764,390,593,0.42058,2.50000,1
1765,593,589,0.42058,2.50000,1
1766,554,593,0.42058,2.50000,1
1767,593,591,0.42058,2.50000,1
1768,396,587,0.42058,3.53553,1
1769,396,593,0.42058,3.53553,1
1770,587,594,0.42058,3.53553,1
1771,593,594,0.42058,3.53553,1
1772,398,595,0.40131,2.50000,4
1773,595,596,0.40131,2.50000,4
1774,561,597,0.35773,2.50000,4
1775,597,596,0.35773,2.50000,4
1776,590,598,0.35027,2.50000,4
1777,598,596,0.35027,2.50000,4
1778,360,599,0.36374,3.53553,2
1779,398,599,0.36374,3.53553,2
1780,599,561,0.36374,3.53553,2
1781,599,596,0.36374,3.53553,2
1782,391,600,0.34892,3.53553,2
1783,398,600,0.34892,3.53553,2
1784,600,590,0.34892,3.53553,2
1785,600,596,0.34892,3.53553,2
1786,354,601,0.29617,4.33013,1
1787,360,601,0.29617,4.33013,1
1788,391,601,0.29617,4.33013,1
1789,398,601,0.29617,4.33013,1
1790,601,555,0.29617,4.33013,1
1791,601,561,0.29617,4.33013,1
1792,601,590,0.29617,4.33013,1
1793,601,596,0.29617,4.33013,1
1794,400,562,0.36374,3.53553,2
1795,400,595,0.36374,3.53553,2
1796,562,597,0.36374,3.53553,2
1797,595,597,0.36374,3.53553,2
1798,399,591,0.34892,3.53553,2
1799,399,595,0.34892,3.53553,2
1800,591,598,0.34892,3.53553,2
1801,595,598,0.34892,3.53553,2
1802,567,602,0.44223,2.50000,4
1803,602,603,0.44223,2.50000,4
1804,405,604,0.45530,2.50000,4
1805,604,603,0.45530,2.50000,4
1806,596,605,0.44762,2.50000,4
1807,605,603,0.44762,2.50000,4
1808,369,606,0.43676,3.53553,2
1809,606,567,0.43676,3.53553,2
1810,405,606,0.43676,3.53553,2
1811,606,603,0.43676,3.53553,2
1812,404,566,0.43676,3.53553,2
1813,566,602,0.43676,3.53553,2
1814,404,604,0.43676,3.53553,2
1815,604,602,0.43676,3.53553,2
1816,400,599,0.42058,2.50000,1
1817,404,606,0.43676,2.50000,2
1818,599,597,0.42058,2.50000,1
1819,606,602,0.43676,2.50000,2
1820,562,599,0.42058,2.50000,1
1821,566,606,0.43676,2.50000,2
1822,599,595,0.42058,2.50000,1
1823,606,604,0.43676,2.50000,2
1824,410,599,0.42058,3.53553,1
1825,410,606,0.42058,3.53553,1
1826,599,607,0.42058,3.53553,1
1827,606,607,0.42058,3.53553,1
1828,412,608,0.46286,2.50000,2
1829,608,609,0.46286,2.50000,2
1830,574,610,0.46286,2.50000,2
1831,610,609,0.46286,2.50000,2
1832,603,611,0.46801,2.50000,4
1833,611,609,0.46801,2.50000,4
1834,375,612,0.45237,3.53553,1
1835,412,612,0.45237,3.53553,1
1836,612,574,0.45237,3.53553,1
1837,612,609,0.45237,3.53553,1
1838,413,573,0.45237,3.53553,1
1839,413,608,0.45237,3.53553,1
1840,573,610,0.45237,3.53553,1
1841,608,610,0.45237,3.53553,1
1842,573,612,0.45237,2.50000,1
1843,612,608,0.45237,2.50000,1
1844,413,612,0.45237,2.50000,1
1845,612,610,0.45237,2.50000,1
1846,414,613,0.46286,2.50000,2
1847,613,611,0.46286,2.50000,2
1848,419,614,0.47311,2.50000,2
1849,420,615,0.47311,2.50000,4
1850,614,616,0.47311,2.50000,2
1851,615,617,0.47311,2.50000,4
1852,581,618,0.46286,2.50000,2
1853,582,619,0.46801,2.50000,4
1854,618,616,0.46286,2.50000,2
1855,619,617,0.46801,2.50000,4
1856,616,620,0.46801,2.50000,4
1857,620,617,0.46801,2.50000,4
1858,421,579,0.47311,3.53553,1
1859,422,580,0.47311,3.53553,2
1860,421,614,0.47311,3.53553,1
1861,422,615,0.47311,3.53553,2
1862,579,618,0.47311,3.53553,1
1863,580,619,0.47311,3.53553,2
1864,614,618,0.47311,3.53553,1
1865,615,619,0.47311,3.53553,2
1866,386,579,0.47311,3.53553,1
1867,386,580,0.47311,3.53553,1
1868,423,614,0.47311,3.53553,2
1869,423,615,0.47311,3.53553,2
1870,579,585,0.47311,3.53553,1
1871,580,585,0.47311,3.53553,1
1872,614,620,0.47311,3.53553,2
1873,615,620,0.47311,3.53553,2
1874,421,621,0.47311,2.50000,1
1875,422,622,0.47311,2.50000,2
1876,621,618,0.47311,2.50000,1
1877,622,619,0.47311,2.50000,2
1878,423,623,0.47311,2.50000,2
1879,623,620,0.47311,2.50000,2
1880,428,624,0.45478,2.50000,4
1881,624,625,0.45478,2.50000,4
1882,590,626,0.44168,2.50000,4
1883,626,625,0.44168,2.50000,4
1884,617,627,0.47311,2.50000,4
1885,627,625,0.47311,2.50000,4
1886,429,591,0.47311,3.53553,1
1887,429,624,0.47311,3.53553,1
1888,591,626,0.47311,3.53553,1
1889,624,626,0.47311,3.53553,1
1890,393,580,0.47311,3.53553,1
1891,393,591,0.47311,3.53553,1
1892,430,615,0.47311,3.53553,2
1893,430,624,0.47311,3.53553,2
1894,580,592,0.47311,3.53553,1
1895,591,592,0.47311,3.53553,1
1896,615,627,0.47311,3.53553,2
1897,624,627,0.47311,3.53553,2
1898,429,628,0.47311,2.50000,1
1899,628,626,0.47311,2.50000,1
1900,393,629,0.47311,2.50000,1
1901,430,630,0.47311,2.50000,2
1902,629,592,0.47311,2.50000,1
1903,630,627,0.47311,2.50000,2
1904,625,631,0.44168,2.50000,4
1905,631,632,0.44168,2.50000,4
1906,435,633,0.44947,2.50000,4
1907,633,632,0.44947,2.50000,4
1908,596,634,0.44168,2.50000,4
1909,634,632,0.44168,2.50000,4
1910,428,635,0.43566,3.53553,2
1911,635,625,0.43566,3.53553,2
1912,435,635,0.43566,3.53553,2
1913,635,632,0.43566,3.53553,2
1914,434,624,0.43566,3.53553,2
1915,624,631,0.43566,3.53553,2
1916,434,633,0.43566,3.53553,2
1917,633,631,0.43566,3.53553,2
1918,399,600,0.39468,2.50000,1
1919,434,635,0.43566,2.50000,2
1920,600,598,0.39468,2.50000,1
1921,635,631,0.43566,2.50000,2
1922,399,636,0.39468,3.53553,1
1923,434,636,0.39468,3.53553,1
1924,636,598,0.39468,3.53553,1
1925,636,631,0.39468,3.53553,1
1926,429,636,0.39468,3.53553,1
1927,636,626,0.39468,3.53553,1
1928,437,636,0.39468,3.53553,1
1929,636,634,0.39468,3.53553,1
1930,444,637,0.46801,2.50000,4
1931,637,638,0.46801,2.50000,4
1932,603,639,0.47311,2.50000,4
1933,639,638,0.47311,2.50000,4
1934,632,640,0.46286,2.50000,4
1935,640,638,0.46286,2.50000,4
1936,437,595,0.47311,3.53553,1
1937,445,604,0.47311,3.53553,2
1938,437,633,0.47311,3.53553,1
1939,445,637,0.47311,3.53553,2
1940,595,634,0.47311,3.53553,1
1941,604,639,0.47311,3.53553,2
1942,633,634,0.47311,3.53553,1
1943,637,639,0.47311,3.53553,2
1944,407,595,0.47311,3.53553,1
1945,407,604,0.47311,3.53553,1
1946,446,633,0.46286,3.53553,2
1947,446,637,0.46286,3.53553,2
1948,595,605,0.47311,3.53553,1
1949,604,605,0.47311,3.53553,1
1950,633,640,0.46286,3.53553,2
1951,637,640,0.46286,3.53553,2
1952,437,641,0.47311,2.50000,1
1953,445,642,0.47311,2.50000,2
1954,641,634,0.47311,2.50000,1
1955,642,639,0.47311,2.50000,2
1956,407,643,0.47311,2.50000,1
1957,446,644,0.46286,2.50000,2
1958,643,605,0.47311,2.50000,1
1959,644,640,0.46286,2.50000,2
1960,451,645,0.47311,2.50000,2
1961,645,646,0.47311,2.50000,2
1962,609,647,0.47311,2.50000,2
1963,647,646,0.47311,2.50000,2
1964,638,648,0.47311,2.50000,4
1965,648,646,0.47311,2.50000,4
1966,452,608,0.47311,3.53553,1
1967,452,645,0.47311,3.53553,1
1968,608,647,0.47311,3.53553,1
1969,645,647,0.47311,3.53553,1
1970,414,604,0.47311,3.53553,1
1971,414,608,0.47311,3.53553,1
1972,453,637,0.47311,3.53553,2
1973,453,645,0.47311,3.53553,2
1974,604,611,0.47311,3.53553,1
1975,608,611,0.47311,3.53553,1
1976,637,648,0.47311,3.53553,2
1977,645,648,0.47311,3.53553,2
1978,452,649,0.47311,2.50000,1
1979,649,647,0.47311,2.50000,1
1980,453,650,0.47311,2.50000,2
1981,650,648,0.47311,2.50000,2
1982,458,651,0.47311,2.50000,1
1983,459,652,0.47311,2.50000,2
1984,651,653,0.47311,2.50000,1
1985,652,654,0.47311,2.50000,2
1986,616,655,0.47311,2.50000,2
1987,617,656,0.47311,2.50000,4
1988,655,653,0.47311,2.50000,2
1989,656,654,0.47311,2.50000,4
1990,653,657,0.47311,2.50000,2
1991,657,654,0.47311,2.50000,2
1992,460,614,0.47311,3.53553,1
1993,461,615,0.47311,3.53553,1
1994,460,651,0.47311,3.53553,1
1995,461,652,0.47311,3.53553,1
1996,614,655,0.47311,3.53553,1
1997,615,656,0.47311,3.53553,1
1998,651,655,0.47311,3.53553,1
1999,652,656,0.47311,3.53553,1
2000,462,651,0.47311,3.53553,1
2001,462,652,0.47311,3.53553,1
2002,651,657,0.47311,3.53553,1
2003,652,657,0.47311,3.53553,1
2004,460,658,0.47311,2.50000,1
2005,461,659,0.47311,2.50000,1
2006,658,655,0.47311,2.50000,1
2007,659,656,0.47311,2.50000,1
2008,462,660,0.47311,2.50000,1
2009,660,657,0.47311,2.50000,1
2010,467,661,0.47311,2.50000,2
2011,661,662,0.47311,2.50000,2
2012,654,663,0.47311,2.50000,2
2013,663,662,0.47311,2.50000,2
2014,625,664,0.47311,2.50000,4
2015,664,662,0.47311,2.50000,4
2016,420,630,0.47311,3.53553,1
2017,459,665,0.47311,3.53553,1
2018,428,630,0.47311,3.53553,1
2019,467,665,0.47311,3.53553,1
2020,630,617,0.47311,3.53553,1
2021,665,654,0.47311,3.53553,1
2022,630,625,0.47311,3.53553,1
2023,665,662,0.47311,3.53553,1
2024,468,652,0.47311,3.53553,1
2025,468,661,0.47311,3.53553,1
2026,652,663,0.47311,3.53553,1
2027,661,663,0.47311,3.53553,1
2028,615,630,0.47311,2.50000,1
2029,652,665,0.47311,2.50000,1
2030,630,624,0.47311,2.50000,1
2031,665,661,0.47311,2.50000,1
2032,468,665,0.47311,2.50000,1
2033,665,663,0.47311,2.50000,1
2034,472,666,0.46286,2.50000,2
2035,666,667,0.46286,2.50000,2
2036,662,668,0.47311,2.50000,2
2037,668,667,0.47311,2.50000,2
2038,632,669,0.46286,2.50000,4
2039,669,667,0.46286,2.50000,4
2040,467,670,0.47311,3.53553,1
2041,472,670,0.47311,3.53553,1
2042,670,662,0.47311,3.53553,1
2043,670,667,0.47311,3.53553,1
2044,473,661,0.47311,3.53553,1
2045,473,666,0.47311,3.53553,1
2046,661,668,0.47311,3.53553,1
2047,666,668,0.47311,3.53553,1
2048,624,635,0.47311,2.50000,1
2049,661,670,0.47311,2.50000,1
2050,635,633,0.47311,2.50000,1
2051,670,666,0.47311,2.50000,1
2052,473,670,0.47311,2.50000,1
2053,670,668,0.47311,2.50000,1
2054,477,671,0.46286,2.50000,2
2055,671,672,0.46286,2.50000,2
2056,667,673,0.45237,2.50000,2
2057,673,672,0.45237,2.50000,2
2058,638,674,0.46286,2.50000,4
2059,674,672,0.46286,2.50000,4
2060,435,644,0.45237,3.53553,1
2061,472,675,0.45237,3.53553,1
2062,444,644,0.45237,3.53553,1
2063,477,675,0.45237,3.53553,1
2064,644,632,0.45237,3.53553,1
2065,675,667,0.45237,3.53553,1
2066,644,638,0.45237,3.53553,1
2067,675,672,0.45237,3.53553,1
2068,478,666,0.45237,3.53553,1
2069,478,671,0.45237,3.53553,1
2070,666,673,0.45237,3.53553,1
2071,671,673,0.45237,3.53553,1
2072,633,644,0.45237,2.50000,1
2073,666,675,0.45237,2.50000,1
2074,644,637,0.45237,2.50000,1
2075,675,671,0.45237,2.50000,1
2076,478,675,0.45237,2.50000,1
2077,675,673,0.45237,2.50000,1
2078,474,676,0.45237,2.50000,1
2079,479,677,0.46286,2.50000,2
2080,676,669,0.45237,2.50000,1
2081,677,674,0.46286,2.50000,2
2082,484,678,0.47311,2.50000,1
2083,678,679,0.47311,2.50000,1
2084,646,680,0.47311,2.50000,2
2085,680,679,0.47311,2.50000,2
2086,672,681,0.47311,2.50000,2
2087,681,679,0.47311,2.50000,2
2088,479,637,0.47311,3.53553,1
2089,485,645,0.47311,3.53553,1
2090,479,671,0.47311,3.53553,1
2091,485,678,0.47311,3.53553,1
2092,637,674,0.47311,3.53553,1
2093,645,680,0.47311,3.53553,1
2094,671,674,0.47311,3.53553,1
2095,678,680,0.47311,3.53553,1
2096,486,671,0.47311,3.53553,1
2097,486,678,0.47311,3.53553,1
2098,671,681,0.47311,3.53553,1
2099,678,681,0.47311,3.53553,1
2100,485,682,0.47311,2.50000,1
2101,682,680,0.47311,2.50000,1
2102,486,683,0.47311,2.50000,1
2103,683,681,0.47311,2.50000,1
2104,493,684,0.47311,2.50000,1
2105,494,685,0.46286,2.50000,2
2106,495,686,0.47311,2.50000,2
2107,496,687,0.46801,2.50000,4
2108,684,688,0.47311,2.50000,1
2109,685,689,0.46286,2.50000,2
2110,686,690,0.47311,2.50000,2
2111,687,691,0.46801,2.50000,4
2112,688,692,0.47311,2.50000,2
2113,689,693,0.46286,2.50000,4
2114,692,690,0.47311,2.50000,2
2115,693,691,0.46286,2.50000,4
2116,688,694,0.47311,2.50000,2
2117,694,689,0.47311,2.50000,2
2118,690,695,0.46801,2.50000,4
2119,695,691,0.46801,2.50000,4
2120,497,684,0.47311,3.53553,1
2121,498,685,0.47311,3.53553,1
2122,497,686,0.47311,3.53553,1
2123,498,687,0.47311,3.53553,1
2124,684,692,0.47311,3.53553,1
2125,685,693,0.47311,3.53553,1
2126,686,692,0.47311,3.53553,1
2127,687,693,0.47311,3.53553,1
2128,499,684,0.47311,3.53553,1
2129,499,685,0.47311,3.53553,1
2130,500,686,0.47311,3.53553,2
2131,500,687,0.47311,3.53553,2
2132,684,694,0.47311,3.53553,1
2133,685,694,0.47311,3.53553,1
2134,686,695,0.47311,3.53553,2
2135,687,695,0.47311,3.53553,2
2136,497,696,0.47311,2.50000,1
2137,498,697,0.46286,2.50000,2
2138,696,692,0.47311,2.50000,1
2139,697,693,0.46286,2.50000,2
2140,499,698,0.47311,2.50000,1
2141,500,699,0.47311,2.50000,2
2142,698,694,0.47311,2.50000,1
2143,699,695,0.47311,2.50000,2
2144,507,700,0.46286,2.50000,2
2145,508,701,0.45530,2.50000,4
2146,700,702,0.46286,2.50000,2
2147,701,703,0.45530,2.50000,4
2148,689,704,0.45237,2.50000,2
2149,691,705,0.46286,2.50000,4
2150,704,702,0.45237,2.50000,2
2151,705,703,0.46286,2.50000,4
2152,702,706,0.46286,2.50000,4
2153,706,703,0.46286,2.50000,4
2154,494,707,0.45237,3.53553,1
2155,496,708,0.45237,3.53553,1
2156,507,707,0.45237,3.53553,1
2157,508,708,0.45237,3.53553,1
2158,707,689,0.45237,3.53553,1
2159,708,691,0.45237,3.53553,1
2160,707,702,0.45237,3.53553,1
2161,708,703,0.45237,3.53553,1
2162,509,685,0.45237,3.53553,1
2163,510,687,0.46286,3.53553,2
2164,509,700,0.45237,3.53553,1
2165,510,701,0.46286,3.53553,2
2166,685,704,0.45237,3.53553,1
2167,687,705,0.46286,3.53553,2
2168,700,704,0.45237,3.53553,1
2169,701,705,0.46286,3.53553,2
2170,685,707,0.45237,2.50000,1
2171,687,708,0.45237,2.50000,1
2172,707,700,0.45237,2.50000,1
2173,708,701,0.45237,2.50000,1
2174,509,707,0.45237,2.50000,1
2175,510,708,0.46286,2.50000,2
2176,707,704,0.45237,2.50000,1
2177,708,705,0.46286,2.50000,2
2178,511,709,0.45237,2.50000,1
2179,709,706,0.45237,2.50000,1
2180,517,710,0.47311,2.50000,2
2181,518,711,0.46054,2.50000,4
2182,710,712,0.47311,2.50000,2
2183,711,713,0.46054,2.50000,4
2184,702,714,0.47311,2.50000,2
2185,703,715,0.46028,2.50000,4
2186,714,712,0.47311,2.50000,2
2187,715,713,0.46028,2.50000,4
2188,712,716,0.47311,2.50000,4
2189,716,713,0.47311,2.50000,4
2190,507,717,0.47311,3.53553,1
2191,508,718,0.44762,3.53553,2
2192,517,717,0.47311,3.53553,1
2193,518,718,0.44762,3.53553,2
2194,717,702,0.47311,3.53553,1
2195,718,703,0.44762,3.53553,2
2196,717,712,0.47311,3.53553,1
2197,718,713,0.44762,3.53553,2
2198,519,700,0.47311,3.53553,1
2199,520,701,0.44762,3.53553,2
2200,519,710,0.47311,3.53553,1
2201,520,711,0.44762,3.53553,2
2202,700,714,0.47311,3.53553,1
2203,701,715,0.44762,3.53553,2
2204,710,714,0.47311,3.53553,1
2205,711,715,0.44762,3.53553,2
2206,700,717,0.47311,2.50000,1
2207,701,718,0.44762,2.50000,2
2208,717,710,0.47311,2.50000,1
2209,718,711,0.44762,2.50000,2
2210,519,717,0.47311,2.50000,1
2211,520,718,0.44762,2.50000,2
2212,717,714,0.47311,2.50000,1
2213,718,715,0.44762,2.50000,2
2214,526,719,0.47311,2.50000,2
2215,527,720,0.47311,2.50000,4
2216,719,721,0.47311,2.50000,2
2217,720,722,0.47311,2.50000,4
2218,712,723,0.47311,2.50000,2
2219,713,724,0.47311,2.50000,4
2220,723,721,0.47311,2.50000,2
2221,724,722,0.47311,2.50000,4
2222,721,725,0.47311,2.50000,4
2223,725,722,0.47311,2.50000,4
2224,517,726,0.47311,3.53553,1
2225,518,727,0.47311,3.53553,1
2226,526,726,0.47311,3.53553,1
2227,527,727,0.47311,3.53553,1
2228,726,712,0.47311,3.53553,1
2229,727,713,0.47311,3.53553,1
2230,726,721,0.47311,3.53553,1
2231,727,722,0.47311,3.53553,1
2232,528,710,0.47311,3.53553,1
2233,529,711,0.47311,3.53553,2
2234,528,719,0.47311,3.53553,1
2235,529,720,0.47311,3.53553,2
2236,710,723,0.47311,3.53553,1
2237,711,724,0.47311,3.53553,2
2238,719,723,0.47311,3.53553,1
2239,720,724,0.47311,3.53553,2
2240,710,726,0.47311,2.50000,1
2241,711,727,0.47311,2.50000,1
2242,726,719,0.47311,2.50000,1
2243,727,720,0.47311,2.50000,1
2244,528,726,0.47311,2.50000,1
2245,529,727,0.47311,2.50000,2
2246,726,723,0.47311,2.50000,1
2247,727,724,0.47311,2.50000,2
2248,535,728,0.47311,2.50000,1
2249,536,729,0.47311,2.50000,2
2250,728,730,0.47311,2.50000,1
2251,729,731,0.47311,2.50000,2
2252,730,732,0.47311,2.50000,2
2253,732,731,0.47311,2.50000,2
2254,721,733,0.47311,2.50000,2
2255,733,730,0.47311,2.50000,2
2256,722,734,0.46801,2.50000,4
2257,734,731,0.46801,2.50000,4
2258,530,719,0.47311,3.53553,1
2259,537,728,0.47311,3.53553,1
2260,530,720,0.47311,3.53553,1
2261,537,729,0.47311,3.53553,1
2262,719,725,0.47311,3.53553,1
2263,728,732,0.47311,3.53553,1
2264,720,725,0.47311,3.53553,1
2265,729,732,0.47311,3.53553,1
2266,538,719,0.47311,3.53553,1
2267,538,728,0.47311,3.53553,1
2268,539,720,0.47311,3.53553,2
2269,539,729,0.47311,3.53553,2
2270,719,733,0.47311,3.53553,1
2271,728,733,0.47311,3.53553,1
2272,720,734,0.47311,3.53553,2
2273,729,734,0.47311,3.53553,2
2274,530,735,0.47311,2.50000,1
2275,537,736,0.47311,2.50000,1
2276,735,725,0.47311,2.50000,1
2277,736,732,0.47311,2.50000,1
2278,538,737,0.47311,2.50000,1
2279,539,738,0.47311,2.50000,2
2280,737,733,0.47311,2.50000,1
2281,738,734,0.47311,2.50000,2
2282,546,739,0.47311,2.50000,2
2283,547,740,0.46054,2.50000,4
2284,739,741,0.47311,2.50000,2
2285,740,742,0.46054,2.50000,4
2286,690,743,0.46286,2.50000,2
2287,691,744,0.46801,2.50000,4
2288,743,741,0.46286,2.50000,2
2289,744,742,0.46801,2.50000,4
2290,741,745,0.46286,2.50000,4
2291,745,742,0.46286,2.50000,4
2292,548,686,0.47311,3.53553,1
2293,549,687,0.47311,3.53553,2
2294,548,739,0.47311,3.53553,1
2295,549,740,0.47311,3.53553,2
2296,686,743,0.47311,3.53553,1
2297,687,744,0.47311,3.53553,2
2298,739,743,0.47311,3.53553,1
2299,740,744,0.47311,3.53553,2
2300,550,739,0.47311,3.53553,1
2301,550,740,0.47311,3.53553,1
2302,739,745,0.47311,3.53553,1
2303,740,745,0.47311,3.53553,1
2304,548,746,0.47311,2.50000,1
2305,549,747,0.47311,2.50000,2
2306,746,743,0.47311,2.50000,1
2307,747,744,0.47311,2.50000,2
2308,550,748,0.47311,2.50000,1
2309,748,745,0.47311,2.50000,1
2310,555,749,0.40249,2.50000,4
2311,749,750,0.40249,2.50000,4
2312,703,751,0.46028,2.50000,4
2313,751,750,0.46028,2.50000,4
2314,742,752,0.44761,2.50000,4
2315,752,750,0.44761,2.50000,4
2316,556,701,0.47311,3.53553,1
2317,556,749,0.47311,3.53553,1
2318,701,751,0.47311,3.53553,1
2319,749,751,0.47311,3.53553,1
2320,557,740,0.47311,3.53553,1
2321,557,749,0.47311,3.53553,1
2322,740,752,0.47311,3.53553,1
2323,749,752,0.47311,3.53553,1
2324,556,753,0.47311,2.50000,1
2325,753,751,0.47311,2.50000,1
2326,557,754,0.47311,2.50000,1
2327,754,752,0.47311,2.50000,1
2328,561,755,0.40249,2.50000,4
2329,755,756,0.40249,2.50000,4
2330,750,757,0.37997,2.50000,4
2331,757,756,0.37997,2.50000,4
2332,713,758,0.46028,2.50000,4
2333,758,756,0.46028,2.50000,4
2334,555,759,0.42058,3.53553,1
2335,561,759,0.42058,3.53553,1
2336,759,750,0.42058,3.53553,1
2337,759,756,0.42058,3.53553,1
2338,508,753,0.42058,3.53553,1
2339,555,753,0.42058,3.53553,1
2340,518,760,0.42058,3.53553,1
2341,561,760,0.42058,3.53553,1
2342,753,703,0.42058,3.53553,1
2343,753,750,0.42058,3.53553,1
2344,760,713,0.42058,3.53553,1
2345,760,756,0.42058,3.53553,1
2346,560,749,0.35161,3.53553,2
2347,560,755,0.35161,3.53553,2
2348,749,757,0.35161,3.53553,2
2349,755,757,0.35161,3.53553,2
2350,749,759,0.42058,2.50000,1
2351,759,755,0.42058,2.50000,1
2352,560,759,0.42058,2.50000,1
2353,759,757,0.42058,2.50000,1
2354,567,761,0.46054,2.50000,4
2355,761,762,0.46054,2.50000,4
2356,722,763,0.46801,2.50000,4
2357,763,762,0.46801,2.50000,4
2358,756,764,0.44761,2.50000,4
2359,764,762,0.44761,2.50000,4
2360,563,711,0.47311,3.53553,1
2361,568,720,0.47311,3.53553,2
2362,563,755,0.47311,3.53553,1
2363,568,761,0.47311,3.53553,2
2364,711,758,0.47311,3.53553,1
2365,720,763,0.47311,3.53553,2
2366,755,758,0.47311,3.53553,1
2367,761,763,0.47311,3.53553,2
2368,569,755,0.47311,3.53553,1
2369,569,761,0.47311,3.53553,1
2370,755,764,0.47311,3.53553,1
2371,761,764,0.47311,3.53553,1
2372,563,760,0.47311,2.50000,1
2373,568,765,0.47311,2.50000,2
2374,760,758,0.47311,2.50000,1
2375,765,763,0.47311,2.50000,2
2376,569,766,0.47311,2.50000,1
2377,766,764,0.47311,2.50000,1
2378,574,767,0.47311,2.50000,2
2379,767,768,0.47311,2.50000,2
2380,731,769,0.46286,2.50000,2
2381,769,768,0.46286,2.50000,2
2382,762,770,0.46286,2.50000,4
2383,770,768,0.46286,2.50000,4
2384,575,729,0.47311,3.53553,1
2385,575,767,0.47311,3.53553,1
2386,729,769,0.47311,3.53553,1
2387,767,769,0.47311,3.53553,1
2388,576,761,0.47311,3.53553,1
2389,576,767,0.47311,3.53553,1
2390,761,770,0.47311,3.53553,1
2391,767,770,0.47311,3.53553,1
2392,575,771,0.47311,2.50000,1
2393,771,769,0.47311,2.50000,1
2394,576,772,0.47311,2.50000,1
2395,772,770,0.47311,2.50000,1
2396,581,773,0.46286,2.50000,2
2397,582,774,0.45530,2.50000,4
2398,773,775,0.46286,2.50000,2
2399,774,776,0.45530,2.50000,4
2400,741,777,0.46286,2.50000,2
2401,742,778,0.44222,2.50000,4
2402,777,775,0.46286,2.50000,2
2403,778,776,0.44222,2.50000,4
2404,775,779,0.45764,2.50000,4
2405,779,776,0.45764,2.50000,4
2406,546,780,0.47311,3.53553,1
2407,547,781,0.44762,3.53553,2
2408,581,780,0.47311,3.53553,1
2409,582,781,0.44762,3.53553,2
2410,780,741,0.47311,3.53553,1
2411,781,742,0.44762,3.53553,2
2412,780,775,0.47311,3.53553,1
2413,781,776,0.44762,3.53553,2
2414,583,739,0.47311,3.53553,1
2415,584,740,0.44762,3.53553,2
2416,583,773,0.47311,3.53553,1
2417,584,774,0.44762,3.53553,2
2418,739,777,0.47311,3.53553,1
2419,740,778,0.44762,3.53553,2
2420,773,777,0.47311,3.53553,1
2421,774,778,0.44762,3.53553,2
2422,739,780,0.47311,2.50000,1
2423,740,781,0.44762,2.50000,2
2424,780,773,0.47311,2.50000,1
2425,781,774,0.44762,2.50000,2
2426,583,780,0.47311,2.50000,1
2427,584,781,0.44762,2.50000,2
2428,780,777,0.47311,2.50000,1
2429,781,778,0.44762,2.50000,2
2430,750,782,0.36452,2.50000,4
2431,782,783,0.36452,2.50000,4
2432,590,784,0.40249,2.50000,4
2433,784,783,0.40249,2.50000,4
2434,776,785,0.44761,2.50000,4
2435,785,783,0.44761,2.50000,4
2436,555,786,0.42058,3.53553,1
2437,786,750,0.42058,3.53553,1
2438,590,786,0.42058,3.53553,1
2439,786,783,0.42058,3.53553,1
2440,589,749,0.42058,3.53553,1
2441,749,782,0.42058,3.53553,1
2442,589,784,0.42058,3.53553,1
2443,784,782,0.42058,3.53553,1
2444,589,786,0.42058,2.50000,1
2445,786,782,0.42058,2.50000,1
2446,749,786,0.42058,2.50000,1
2447,786,784,0.42058,2.50000,1
2448,594,781,0.42058,3.53553,1
2449,594,786,0.42058,3.53553,1
2450,781,787,0.42058,3.53553,1
2451,786,787,0.42058,3.53553,1
2452,783,788,0.37934,2.50000,4
2453,788,789,0.37934,2.50000,4
2454,596,790,0.40249,2.50000,4
2455,790,789,0.40249,2.50000,4
2456,756,791,0.36452,2.50000,4
2457,791,789,0.36452,2.50000,4
2458,555,792,0.26528,4.33013,1
2459,590,792,0.26528,4.33013,1
2460,792,750,0.26528,4.33013,1
2461,792,783,0.26528,4.33013,1
2462,561,792,0.26528,4.33013,1
2463,596,792,0.26528,4.33013,1
2464,792,756,0.26528,4.33013,1
2465,792,789,0.26528,4.33013,1
2466,598,784,0.35161,3.53553,2
2467,784,788,0.35161,3.53553,2
2468,598,790,0.35161,3.53553,2
2469,790,788,0.35161,3.53553,2
2470,560,786,0.26528,4.33013,1
2471,598,786,0.26528,4.33013,1
2472,786,757,0.26528,4.33013,1
2473,786,788,0.26528,4.33013,1
2474,560,793,0.26528,4.33013,1
2475,598,793,0.26528,4.33013,1
2476,793,757,0.26528,4.33013,1
2477,793,788,0.26528,4.33013,1
2478,560,792,0.26528,3.53553,1
2479,598,792,0.26528,3.53553,1
2480,792,757,0.26528,3.53553,1
2481,792,788,0.26528,3.53553,1
2482,589,792,0.26528,3.53553,1
2483,792,782,0.26528,3.53553,1
2484,597,792,0.26528,3.53553,1
2485,792,791,0.26528,3.53553,1
2486,762,794,0.44222,2.50000,4
2487,794,795,0.44222,2.50000,4
2488,603,796,0.46054,2.50000,4
2489,796,795,0.46054,2.50000,4
2490,789,797,0.44761,2.50000,4
2491,797,795,0.44761,2.50000,4
2492,561,793,0.42058,3.53553,1
2493,567,798,0.44762,3.53553,2
2494,793,756,0.42058,3.53553,1
2495,798,762,0.44762,3.53553,2
2496,596,793,0.42058,3.53553,1
2497,603,798,0.44762,3.53553,2
2498,793,789,0.42058,3.53553,1
2499,798,795,0.44762,3.53553,2
2500,597,755,0.42058,3.53553,1
2501,602,761,0.44762,3.53553,2
2502,755,791,0.42058,3.53553,1
2503,761,794,0.44762,3.53553,2
2504,597,790,0.42058,3.53553,1
2505,602,796,0.44762,3.53553,2
2506,790,791,0.42058,3.53553,1
2507,796,794,0.44762,3.53553,2
2508,597,793,0.42058,2.50000,1
2509,602,798,0.44762,2.50000,2
2510,793,791,0.42058,2.50000,1
2511,798,794,0.44762,2.50000,2
2512,755,793,0.42058,2.50000,1
2513,761,798,0.44762,2.50000,2
2514,793,790,0.42058,2.50000,1
2515,798,796,0.44762,2.50000,2
2516,607,793,0.42058,3.53553,1
2517,607,798,0.42058,3.53553,1
2518,793,799,0.42058,3.53553,1
2519,798,799,0.42058,3.53553,1
2520,609,800,0.47311,2.50000,2
2521,800,801,0.47311,2.50000,2
2522,768,802,0.46286,2.50000,2
2523,802,801,0.46286,2.50000,2
2524,795,803,0.46286,2.50000,4
2525,803,801,0.46286,2.50000,4
2526,574,804,0.47311,3.53553,1
2527,609,804,0.47311,3.53553,1
2528,804,768,0.47311,3.53553,1
2529,804,801,0.47311,3.53553,1
2530,610,767,0.47311,3.53553,1
2531,610,800,0.47311,3.53553,1
2532,767,802,0.47311,3.53553,1
2533,800,802,0.47311,3.53553,1
2534,767,804,0.47311,2.50000,1
2535,804,800,0.47311,2.50000,1
2536,610,804,0.47311,2.50000,1
2537,804,802,0.47311,2.50000,1
2538,616,805,0.46286,2.50000,2
2539,617,806,0.46801,2.50000,4
2540,805,807,0.46286,2.50000,2
2541,806,808,0.46801,2.50000,4
2542,775,809,0.45237,2.50000,2
2543,776,810,0.46286,2.50000,4
2544,809,807,0.45237,2.50000,2
2545,810,808,0.46286,2.50000,4
2546,807,811,0.46286,2.50000,4
2547,811,808,0.46286,2.50000,4
2548,581,812,0.45237,3.53553,1
2549,582,813,0.45237,3.53553,1
2550,616,812,0.45237,3.53553,1
2551,617,813,0.45237,3.53553,1
2552,812,775,0.45237,3.53553,1
2553,813,776,0.45237,3.53553,1
2554,812,807,0.45237,3.53553,1
2555,813,808,0.45237,3.53553,1
2556,618,773,0.45237,3.53553,1
2557,619,774,0.46286,3.53553,2
2558,618,805,0.45237,3.53553,1
2559,619,806,0.46286,3.53553,2
2560,773,809,0.45237,3.53553,1
2561,774,810,0.46286,3.53553,2
2562,805,809,0.45237,3.53553,1
2563,806,810,0.46286,3.53553,2
2564,773,812,0.45237,2.50000,1
2565,774,813,0.45237,2.50000,1
2566,812,805,0.45237,2.50000,1
2567,813,806,0.45237,2.50000,1
2568,618,812,0.45237,2.50000,1
2569,619,813,0.46286,2.50000,2
2570,812,809,0.45237,2.50000,1
2571,813,810,0.46286,2.50000,2
2572,585,814,0.45237,2.50000,1
2573,620,815,0.46286,2.50000,2
2574,814,779,0.45237,2.50000,1
2575,815,811,0.46286,2.50000,2
2576,625,816,0.46054,2.50000,4
2577,816,817,0.46054,2.50000,4
2578,783,818,0.45976,2.50000,4
2579,818,817,0.45976,2.50000,4
2580,808,819,0.47311,2.50000,4
2581,819,817,0.47311,2.50000,4
2582,626,784,0.47311,3.53553,1
2583,626,816,0.47311,3.53553,1
2584,784,818,0.47311,3.53553,1
2585,816,818,0.47311,3.53553,1
2586,592,774,0.47311,3.53553,1
2587,592,784,0.47311,3.53553,1
2588,627,806,0.47311,3.53553,2
2589,627,816,0.47311,3.53553,2
2590,774,785,0.47311,3.53553,1
2591,784,785,0.47311,3.53553,1
2592,806,819,0.47311,3.53553,2
2593,816,819,0.47311,3.53553,2
2594,626,820,0.47311,2.50000,1
2595,820,818,0.47311,2.50000,1
2596,592,821,0.47311,2.50000,1
2597,627,822,0.47311,2.50000,2
2598,821,785,0.47311,2.50000,1
2599,822,819,0.47311,2.50000,2
2600,632,823,0.45530,2.50000,4
2601,823,824,0.45530,2.50000,4
2602,817,825,0.45976,2.50000,4
2603,825,824,0.45976,2.50000,4
2604,789,826,0.45976,2.50000,4
2605,826,824,0.45976,2.50000,4
2606,590,827,0.42058,3.53553,1
2607,625,828,0.44762,3.53553,2
2608,596,827,0.42058,3.53553,1
2609,632,828,0.44762,3.53553,2
2610,827,783,0.42058,3.53553,1
2611,828,817,0.44762,3.53553,2
2612,827,789,0.42058,3.53553,1
2613,828,824,0.44762,3.53553,2
2614,590,820,0.42058,3.53553,1
2615,625,820,0.42058,3.53553,1
2616,596,829,0.42058,3.53553,1
2617,632,829,0.42058,3.53553,1
2618,820,783,0.42058,3.53553,1
2619,820,817,0.42058,3.53553,1
2620,829,789,0.42058,3.53553,1
2621,829,824,0.42058,3.53553,1
2622,631,816,0.44762,3.53553,2
2623,631,823,0.44762,3.53553,2
2624,816,825,0.44762,3.53553,2
2625,823,825,0.44762,3.53553,2
2626,784,827,0.42058,2.50000,1
2627,816,828,0.44762,2.50000,2
2628,827,790,0.42058,2.50000,1
2629,828,823,0.44762,2.50000,2
2630,598,827,0.42058,2.50000,1
2631,631,828,0.44762,2.50000,2
2632,827,788,0.42058,2.50000,1
2633,828,825,0.44762,2.50000,2
2634,638,830,0.46801,2.50000,4
2635,830,831,0.46801,2.50000,4
2636,795,832,0.46801,2.50000,4
2637,832,831,0.46801,2.50000,4
2638,824,833,0.46286,2.50000,4
2639,833,831,0.46286,2.50000,4
2640,634,790,0.47311,3.53553,1
2641,639,796,0.47311,3.53553,2
2642,634,823,0.47311,3.53553,1
2643,639,830,0.47311,3.53553,2
2644,790,826,0.47311,3.53553,1
2645,796,832,0.47311,3.53553,2
2646,823,826,0.47311,3.53553,1
2647,830,832,0.47311,3.53553,2
2648,605,790,0.47311,3.53553,1
2649,605,796,0.47311,3.53553,1
2650,640,823,0.46286,3.53553,2
2651,640,830,0.46286,3.53553,2
2652,790,797,0.47311,3.53553,1
2653,796,797,0.47311,3.53553,1
2654,823,833,0.46286,3.53553,2
2655,830,833,0.46286,3.53553,2
2656,634,829,0.47311,2.50000,1
2657,639,834,0.47311,2.50000,2
2658,829,826,0.47311,2.50000,1
2659,834,832,0.47311,2.50000,2
2660,605,835,0.47311,2.50000,1
2661,640,836,0.46286,2.50000,2
2662,835,797,0.47311,2.50000,1
2663,836,833,0.46286,2.50000,2
2664,646,837,0.47311,2.50000,2
2665,837,838,0.47311,2.50000,2
2666,801,839,0.46286,2.50000,2
2667,839,838,0.46286,2.50000,2
2668,831,840,0.46801,2.50000,4
2669,840,838,0.46801,2.50000,4
2670,647,800,0.47311,3.53553,1
2671,647,837,0.47311,3.53553,1
2672,800,839,0.47311,3.53553,1
2673,837,839,0.47311,3.53553,1
2674,611,796,0.47311,3.53553,1
2675,611,800,0.47311,3.53553,1
2676,648,830,0.47311,3.53553,2
2677,648,837,0.47311,3.53553,2
2678,796,803,0.47311,3.53553,1
2679,800,803,0.47311,3.53553,1
2680,830,840,0.47311,3.53553,2
2681,837,840,0.47311,3.53553,2
2682,647,841,0.47311,2.50000,1
2683,841,839,0.47311,2.50000,1
2684,611,842,0.47311,2.50000,1
2685,648,843,0.47311,2.50000,2
2686,842,803,0.47311,2.50000,1
2687,843,840,0.47311,2.50000,2
2688,653,844,0.47311,2.50000,1
2689,654,845,0.47311,2.50000,2
2690,844,846,0.47311,2.50000,1
2691,845,847,0.47311,2.50000,2
2692,807,848,0.47311,2.50000,2
2693,808,849,0.47311,2.50000,4
2694,848,846,0.47311,2.50000,2
2695,849,847,0.47311,2.50000,4
2696,846,850,0.47311,2.50000,2
2697,850,847,0.47311,2.50000,2
2698,655,805,0.47311,3.53553,1
2699,656,806,0.47311,3.53553,1
2700,655,844,0.47311,3.53553,1
2701,656,845,0.47311,3.53553,1
2702,805,848,0.47311,3.53553,1
2703,806,849,0.47311,3.53553,1
2704,844,848,0.47311,3.53553,1
2705,845,849,0.47311,3.53553,1
2706,620,805,0.47311,3.53553,1
2707,620,806,0.47311,3.53553,1
2708,657,844,0.47311,3.53553,1
2709,657,845,0.47311,3.53553,1
2710,805,811,0.47311,3.53553,1
2711,806,811,0.47311,3.53553,1
2712,844,850,0.47311,3.53553,1
2713,845,850,0.47311,3.53553,1
2714,655,851,0.47311,2.50000,1
2715,656,852,0.47311,2.50000,1
2716,851,848,0.47311,2.50000,1
2717,852,849,0.47311,2.50000,1
2718,657,853,0.47311,2.50000,1
2719,853,850,0.47311,2.50000,1
2720,662,854,0.47311,2.50000,2
2721,854,855,0.47311,2.50000,2
2722,847,856,0.47311,2.50000,2
2723,856,855,0.47311,2.50000,2
2724,817,857,0.47311,2.50000,4
2725,857,855,0.47311,2.50000,4
2726,617,822,0.47311,3.53553,1
2727,654,858,0.47311,3.53553,1
2728,625,822,0.47311,3.53553,1
2729,662,858,0.47311,3.53553,1
2730,822,808,0.47311,3.53553,1
2731,858,847,0.47311,3.53553,1
2732,822,817,0.47311,3.53553,1
2733,858,855,0.47311,3.53553,1
2734,663,845,0.47311,3.53553,1
2735,663,854,0.47311,3.53553,1
2736,845,856,0.47311,3.53553,1
2737,854,856,0.47311,3.53553,1
2738,806,822,0.47311,2.50000,1
2739,845,858,0.47311,2.50000,1
2740,822,816,0.47311,2.50000,1
2741,858,854,0.47311,2.50000,1
2742,663,858,0.47311,2.50000,1
2743,858,856,0.47311,2.50000,1
2744,667,859,0.46286,2.50000,2
2745,859,860,0.46286,2.50000,2
2746,855,861,0.47311,2.50000,2
2747,861,860,0.47311,2.50000,2
2748,824,862,0.46286,2.50000,4
2749,862,860,0.46286,2.50000,4
2750,662,863,0.47311,3.53553,1
2751,667,863,0.47311,3.53553,1
2752,863,855,0.47311,3.53553,1
2753,863,860,0.47311,3.53553,1
2754,668,854,0.47311,3.53553,1
2755,668,859,0.47311,3.53553,1
2756,854,861,0.47311,3.53553,1
2757,859,861,0.47311,3.53553,1
2758,854,863,0.47311,2.50000,1
2759,863,859,0.47311,2.50000,1
2760,668,863,0.47311,2.50000,1
2761,863,861,0.47311,2.50000,1
2762,672,864,0.46286,2.50000,2
2763,864,865,0.46286,2.50000,2
2764,860,866,0.45237,2.50000,2
2765,866,865,0.45237,2.50000,2
2766,831,867,0.46286,2.50000,4
2767,867,865,0.46286,2.50000,4
2768,632,836,0.45237,3.53553,1
2769,667,868,0.45237,3.53553,1
2770,638,836,0.45237,3.53553,1
2771,672,868,0.45237,3.53553,1
2772,836,824,0.45237,3.53553,1
2773,868,860,0.45237,3.53553,1
2774,836,831,0.45237,3.53553,1
2775,868,865,0.45237,3.53553,1
2776,673,859,0.45237,3.53553,1
2777,673,864,0.45237,3.53553,1
2778,859,866,0.45237,3.53553,1
2779,864,866,0.45237,3.53553,1
2780,823,836,0.45237,2.50000,1
2781,859,868,0.45237,2.50000,1
2782,836,830,0.45237,2.50000,1
2783,868,864,0.45237,2.50000,1
2784,673,868,0.45237,2.50000,1
2785,868,866,0.45237,2.50000,1
2786,669,869,0.45237,2.50000,1
2787,674,870,0.46286,2.50000,2
2788,869,862,0.45237,2.50000,1
2789,870,867,0.46286,2.50000,2
2790,679,871,0.47311,2.50000,1
2791,871,872,0.47311,2.50000,1
2792,838,873,0.47311,2.50000,2
2793,873,872,0.47311,2.50000,2
2794,865,874,0.47311,2.50000,2
2795,874,872,0.47311,2.50000,2
2796,674,830,0.47311,3.53553,1
2797,680,837,0.47311,3.53553,1
2798,674,864,0.47311,3.53553,1
2799,680,871,0.47311,3.53553,1
2800,830,867,0.47311,3.53553,1
2801,837,873,0.47311,3.53553,1
2802,864,867,0.47311,3.53553,1
2803,871,873,0.47311,3.53553,1
2804,681,864,0.47311,3.53553,1
2805,681,871,0.47311,3.53553,1
2806,864,874,0.47311,3.53553,1
2807,871,874,0.47311,3.53553,1
2808,680,875,0.47311,2.50000,1
2809,875,873,0.47311,2.50000,1
2810,681,876,0.47311,2.50000,1
2811,876,874,0.47311,2.50000,1
2812,688,877,0.47311,2.50000,1
2813,689,878,0.46286,2.50000,2
2814,690,879,0.46286,2.50000,2
2815,691,880,0.46286,2.50000,4
2816,877,881,0.47311,2.50000,1
2817,878,882,0.46286,2.50000,2
2818,879,883,0.46286,2.50000,2
2819,880,884,0.46286,2.50000,4
2820,881,885,0.46286,2.50000,2
2821,882,886,0.46286,2.50000,4
2822,885,883,0.46286,2.50000,2
2823,886,884,0.46286,2.50000,4
2824,881,887,0.46286,2.50000,2
2825,887,882,0.46286,2.50000,2
2826,883,888,0.45000,2.50000,4
2827,888,884,0.45000,2.50000,4
2828,692,877,0.47311,3.53553,1
2829,693,878,0.47311,3.53553,1
2830,692,879,0.47311,3.53553,1
2831,693,880,0.47311,3.53553,1
2832,877,885,0.47311,3.53553,1
2833,878,886,0.47311,3.53553,1
2834,879,885,0.47311,3.53553,1
2835,880,886,0.47311,3.53553,1
2836,694,877,0.47311,3.53553,1
2837,694,878,0.47311,3.53553,1
2838,695,879,0.47311,3.53553,1
2839,695,880,0.47311,3.53553,1
2840,877,887,0.47311,3.53553,1
2841,878,887,0.47311,3.53553,1
2842,879,888,0.47311,3.53553,1
2843,880,888,0.47311,3.53553,1
2844,692,889,0.47311,2.50000,1
2845,693,890,0.46286,2.50000,2
2846,889,885,0.47311,2.50000,1
2847,890,886,0.46286,2.50000,2
2848,694,891,0.47311,2.50000,1
2849,695,892,0.46286,2.50000,2
2850,891,887,0.47311,2.50000,1
2851,892,888,0.46286,2.50000,2
2852,702,893,0.46286,2.50000,2
2853,703,894,0.46776,2.50000,4
2854,893,895,0.46286,2.50000,2
2855,894,896,0.46776,2.50000,4
2856,882,897,0.46286,2.50000,2
2857,884,898,0.44946,2.50000,4
2858,897,895,0.46286,2.50000,2
2859,898,896,0.44946,2.50000,4
2860,895,899,0.45918,2.50000,4
2861,899,896,0.45918,2.50000,4
2862,689,900,0.45237,3.53553,1
2863,691,901,0.45237,3.53553,1
2864,702,900,0.45237,3.53553,1
2865,703,901,0.45237,3.53553,1
2866,900,882,0.45237,3.53553,1
2867,901,884,0.45237,3.53553,1
2868,900,895,0.45237,3.53553,1
2869,901,896,0.45237,3.53553,1
2870,704,878,0.45237,3.53553,1
2871,705,880,0.46286,3.53553,2
2872,704,893,0.45237,3.53553,1
2873,705,894,0.46286,3.53553,2
2874,878,897,0.45237,3.53553,1
2875,880,898,0.46286,3.53553,2
2876,893,897,0.45237,3.53553,1
2877,894,898,0.46286,3.53553,2
2878,878,900,0.45237,2.50000,1
2879,880,901,0.45237,2.50000,1
2880,900,893,0.45237,2.50000,1
2881,901,894,0.45237,2.50000,1
2882,704,900,0.45237,2.50000,1
2883,705,901,0.46286,2.50000,2
2884,900,897,0.45237,2.50000,1
2885,901,898,0.46286,2.50000,2
2886,706,902,0.45237,2.50000,1
2887,902,899,0.45237,2.50000,1
2888,712,903,0.47311,2.50000,2
2889,713,904,0.47286,2.50000,4
2890,903,905,0.47311,2.50000,2
2891,904,906,0.47286,2.50000,4
2892,895,907,0.45546,2.50000,2
2893,896,908,0.44839,2.50000,4
2894,907,905,0.45546,2.50000,2
2895,908,906,0.44839,2.50000,4
2896,905,909,0.46437,2.50000,4
2897,909,906,0.46437,2.50000,4
2898,702,910,0.47311,3.53553,1
2899,703,911,0.47311,3.53553,1
2900,712,910,0.47311,3.53553,1
2901,713,911,0.47311,3.53553,1
2902,910,895,0.47311,3.53553,1
2903,911,896,0.47311,3.53553,1
2904,910,905,0.47311,3.53553,1
2905,911,906,0.47311,3.53553,1
2906,714,893,0.47311,3.53553,1
2907,715,894,0.47261,3.53553,2
2908,714,903,0.47311,3.53553,1
2909,715,904,0.47261,3.53553,2
2910,893,907,0.47311,3.53553,1
2911,894,908,0.47261,3.53553,2
2912,903,907,0.47311,3.53553,1
2913,904,908,0.47261,3.53553,2
2914,893,910,0.47311,2.50000,1
2915,894,911,0.47311,2.50000,1
2916,910,903,0.47311,2.50000,1
2917,911,904,0.47311,2.50000,1
2918,714,910,0.47311,2.50000,1
2919,715,911,0.47261,2.50000,2
2920,910,907,0.47311,2.50000,1
2921,911,908,0.47261,2.50000,2
2922,721,912,0.47311,2.50000,2
2923,722,913,0.46801,2.50000,4
2924,912,914,0.47311,2.50000,2
2925,913,915,0.46801,2.50000,4
2926,905,916,0.47311,2.50000,2
2927,906,917,0.44712,2.50000,4
2928,916,914,0.47311,2.50000,2
2929,917,915,0.44712,2.50000,4
2930,914,918,0.46801,2.50000,4
2931,918,915,0.46801,2.50000,4
2932,712,919,0.47311,3.53553,1
2933,713,920,0.47311,3.53553,1
2934,721,919,0.47311,3.53553,1
2935,722,920,0.47311,3.53553,1
2936,919,905,0.47311,3.53553,1
2937,920,906,0.47311,3.53553,1
2938,919,914,0.47311,3.53553,1
2939,920,915,0.47311,3.53553,1
2940,723,903,0.47311,3.53553,1
2941,724,904,0.47311,3.53553,2
2942,723,912,0.47311,3.53553,1
2943,724,913,0.47311,3.53553,2
2944,903,916,0.47311,3.53553,1
2945,904,917,0.47311,3.53553,2
2946,912,916,0.47311,3.53553,1
2947,913,917,0.47311,3.53553,2
2948,903,919,0.47311,2.50000,1
2949,904,920,0.47311,2.50000,1
2950,919,912,0.47311,2.50000,1
2951,920,913,0.47311,2.50000,1
2952,723,919,0.47311,2.50000,1
2953,724,920,0.47311,2.50000,2
2954,919,916,0.47311,2.50000,1
2955,920,917,0.47311,2.50000,2
2956,730,921,0.47311,2.50000,1
2957,731,922,0.46286,2.50000,2
2958,921,923,0.47311,2.50000,1
2959,922,924,0.46286,2.50000,2
2960,923,925,0.46286,2.50000,2
2961,925,924,0.46286,2.50000,2
2962,914,926,0.46286,2.50000,2
2963,926,923,0.46286,2.50000,2
2964,915,927,0.46286,2.50000,4
2965,927,924,0.46286,2.50000,4
2966,725,912,0.47311,3.53553,1
2967,732,921,0.47311,3.53553,1
2968,725,913,0.47311,3.53553,1
2969,732,922,0.47311,3.53553,1
2970,912,918,0.47311,3.53553,1
2971,921,925,0.47311,3.53553,1
2972,913,918,0.47311,3.53553,1
2973,922,925,0.47311,3.53553,1
2974,733,912,0.47311,3.53553,1
2975,733,921,0.47311,3.53553,1
2976,734,913,0.47311,3.53553,1
2977,734,922,0.47311,3.53553,1
2978,912,926,0.47311,3.53553,1
2979,921,926,0.47311,3.53553,1
2980,913,927,0.47311,3.53553,1
2981,922,927,0.47311,3.53553,1
2982,725,928,0.47311,2.50000,1
2983,732,929,0.47311,2.50000,1
2984,928,918,0.47311,2.50000,1
2985,929,925,0.47311,2.50000,1
2986,733,930,0.47311,2.50000,1
2987,734,931,0.46286,2.50000,2
2988,930,926,0.47311,2.50000,1
2989,931,927,0.46286,2.50000,2
2990,741,932,0.45237,2.50000,2
2991,742,933,0.44999,2.50000,4
2992,932,934,0.45237,2.50000,2
2993,933,935,0.44999,2.50000,4
2994,883,936,0.43676,2.50000,2
2995,884,937,0.43621,2.50000,4
2996,936,934,0.43676,2.50000,2
2997,937,935,0.43621,2.50000,4
2998,934,938,0.44463,2.50000,4
2999,938,935,0.44463,2.50000,4
3000,690,939,0.45237,3.53553,1
3001,691,940,0.45237,3.53553,1
3002,741,939,0.45237,3.53553,1
3003,742,940,0.45237,3.53553,1
3004,939,883,0.45237,3.53553,1
3005,940,884,0.45237,3.53553,1
3006,939,934,0.45237,3.53553,1
3007,940,935,0.45237,3.53553,1
3008,743,879,0.45237,3.53553,1
3009,744,880,0.46286,3.53553,2
3010,743,932,0.45237,3.53553,1
3011,744,933,0.46286,3.53553,2
3012,879,936,0.45237,3.53553,1
3013,880,937,0.46286,3.53553,2
3014,932,936,0.45237,3.53553,1
3015,933,937,0.46286,3.53553,2
3016,879,939,0.45237,2.50000,1
3017,880,940,0.45237,2.50000,1
3018,939,932,0.45237,2.50000,1
3019,940,933,0.45237,2.50000,1
3020,743,939,0.45237,2.50000,1
3021,744,940,0.46286,2.50000,2
3022,939,936,0.45237,2.50000,1
3023,940,937,0.46286,2.50000,2
3024,745,941,0.45237,2.50000,2
3025,941,938,0.45237,2.50000,2
3026,750,942,0.42748,2.50000,4
3027,942,943,0.42748,2.50000,4
3028,896,944,0.43844,2.50000,4
3029,944,943,0.43844,2.50000,4
3030,935,945,0.42812,2.50000,4
3031,945,943,0.42812,2.50000,4
3032,751,894,0.47261,3.53553,2
3033,751,942,0.47261,3.53553,2
3034,894,944,0.47261,3.53553,2
3035,942,944,0.47261,3.53553,2
3036,752,933,0.47311,3.53553,1
3037,752,942,0.47311,3.53553,1
3038,933,945,0.47311,3.53553,1
3039,942,945,0.47311,3.53553,1
3040,751,946,0.47261,2.50000,2
3041,946,944,0.47261,2.50000,2
3042,752,947,0.47311,2.50000,1
3043,947,945,0.47311,2.50000,1
3044,756,948,0.42748,2.50000,4
3045,948,949,0.42748,2.50000,4
3046,906,950,0.43050,2.50000,4
3047,950,949,0.43050,2.50000,4
3048,943,951,0.38606,2.50000,4
3049,951,949,0.38606,2.50000,4
3050,758,904,0.47261,3.53553,2
3051,758,948,0.47261,3.53553,2
3052,904,950,0.47261,3.53553,2
3053,948,950,0.47261,3.53553,2
3054,757,942,0.40636,3.53553,2
3055,757,948,0.40636,3.53553,2
3056,942,951,0.40636,3.53553,2
3057,948,951,0.40636,3.53553,2
3058,758,952,0.47261,2.50000,2
3059,952,950,0.47261,2.50000,2
3060,757,953,0.47210,2.50000,1
3061,953,951,0.47210,2.50000,1
3062,762,954,0.44999,2.50000,4
3063,954,955,0.44999,2.50000,4
3064,915,956,0.44172,2.50000,4
3065,956,955,0.44172,2.50000,4
3066,949,957,0.41998,2.50000,4
3067,957,955,0.41998,2.50000,4
3068,763,913,0.46286,3.53553,2
3069,763,954,0.46286,3.53553,2
3070,913,956,0.46286,3.53553,2
3071,954,956,0.46286,3.53553,2
3072,764,948,0.47311,3.53553,1
3073,764,954,0.47311,3.53553,1
3074,948,957,0.47311,3.53553,1
3075,954,957,0.47311,3.53553,1
3076,763,958,0.46286,2.50000,2
3077,958,956,0.46286,2.50000,2
3078,764,959,0.47311,2.50000,1
3079,959,957,0.47311,2.50000,1
3080,768,960,0.45237,2.50000,2
3081,960,961,0.45237,2.50000,2
3082,924,962,0.46286,2.50000,2
3083,962,961,0.46286,2.50000,2
3084,955,963,0.45764,2.50000,4
3085,963,961,0.45764,2.50000,4
3086,722,958,0.45237,3.53553,1
3087,731,964,0.45237,3.53553,1
3088,762,958,0.45237,3.53553,1
3089,768,964,0.45237,3.53553,1
3090,958,915,0.45237,3.53553,1
3091,964,924,0.45237,3.53553,1
3092,958,955,0.45237,3.53553,1
3093,964,961,0.45237,3.53553,1
3094,769,922,0.45237,3.53553,1
3095,769,960,0.45237,3.53553,1
3096,922,962,0.45237,3.53553,1
3097,960,962,0.45237,3.53553,1
3098,913,958,0.45237,2.50000,1
3099,922,964,0.45237,2.50000,1
3100,958,954,0.45237,2.50000,1
3101,964,960,0.45237,2.50000,1
3102,769,964,0.45237,2.50000,1
3103,964,962,0.45237,2.50000,1
3104,770,965,0.45237,2.50000,2
3105,965,963,0.45237,2.50000,2
3106,775,966,0.45237,2.50000,2
3107,776,967,0.44999,2.50000,4
3108,966,968,0.45237,2.50000,2
3109,967,969,0.44999,2.50000,4
3110,934,970,0.45237,2.50000,2
3111,935,971,0.43670,2.50000,4
3112,970,968,0.45237,2.50000,2
3113,971,969,0.43670,2.50000,4
3114,968,972,0.45764,2.50000,4
3115,972,969,0.45764,2.50000,4
3116,741,973,0.45237,3.53553,1
3117,742,974,0.43675,3.53553,2
3118,775,973,0.45237,3.53553,1
3119,776,974,0.43675,3.53553,2
3120,973,934,0.45237,3.53553,1
3121,974,935,0.43675,3.53553,2
3122,973,968,0.45237,3.53553,1
3123,974,969,0.43675,3.53553,2
3124,777,932,0.45237,3.53553,1
3125,778,933,0.43675,3.53553,2
3126,777,966,0.45237,3.53553,1
3127,778,967,0.43675,3.53553,2
3128,932,970,0.45237,3.53553,1
3129,933,971,0.43675,3.53553,2
3130,966,970,0.45237,3.53553,1
3131,967,971,0.43675,3.53553,2
3132,932,973,0.45237,2.50000,1
3133,933,974,0.43675,2.50000,2
3134,973,966,0.45237,2.50000,1
3135,974,967,0.43675,2.50000,2
3136,777,973,0.45237,2.50000,1
3137,778,974,0.43675,2.50000,2
3138,973,970,0.45237,2.50000,1
3139,974,971,0.43675,2.50000,2
3140,779,975,0.45237,2.50000,2
3141,975,972,0.45237,2.50000,2
3142,943,976,0.37430,2.50000,4
3143,976,977,0.37430,2.50000,4
3144,783,978,0.42692,2.50000,4
3145,978,977,0.42692,2.50000,4
3146,969,979,0.42021,2.50000,4
3147,979,977,0.42021,2.50000,4
3148,750,980,0.37699,3.53553,2
3149,980,943,0.37699,3.53553,2
3150,783,980,0.37699,3.53553,2
3151,980,977,0.37699,3.53553,2
3152,782,942,0.37699,3.53553,2
3153,942,976,0.37699,3.53553,2
3154,782,978,0.37699,3.53553,2
3155,978,976,0.37699,3.53553,2
3156,782,980,0.42055,2.50000,1
3157,980,976,0.42055,2.50000,1
3158,942,980,0.42055,2.50000,1
3159,980,978,0.42055,2.50000,1
3160,787,974,0.42055,3.53553,1
3161,787,980,0.42055,3.53553,1
3162,974,981,0.42055,3.53553,1
3163,980,981,0.42055,3.53553,1
3164,789,982,0.42692,2.50000,4
3165,982,983,0.42692,2.50000,4
3166,949,984,0.37429,2.50000,4
3167,984,983,0.37429,2.50000,4
3168,977,985,0.38547,2.50000,4
3169,985,983,0.38547,2.50000,4
3170,756,986,0.37699,3.53553,2
3171,789,986,0.37699,3.53553,2
3172,986,949,0.37699,3.53553,2
3173,986,983,0.37699,3.53553,2
3174,791,948,0.37699,3.53553,2
3175,791,982,0.37699,3.53553,2
3176,948,984,0.37699,3.53553,2
3177,982,984,0.37699,3.53553,2
3178,788,978,0.40518,3.53553,2
3179,788,982,0.40518,3.53553,2
3180,978,985,0.40518,3.53553,2
3181,982,985,0.40518,3.53553,2
3182,782,987,0.32768,3.53553,1
3183,791,987,0.32768,3.53553,1
3184,987,976,0.32768,3.53553,1
3185,987,984,0.32768,3.53553,1
3186,757,987,0.32768,3.53553,1
3187,788,987,0.32768,3.53553,1
3188,987,951,0.32768,3.53553,1
3189,987,985,0.32768,3.53553,1
3190,955,988,0.43669,2.50000,4
3191,988,989,0.43669,2.50000,4
3192,795,990,0.44999,2.50000,4
3193,990,989,0.44999,2.50000,4
3194,983,991,0.42810,2.50000,4
3195,991,989,0.42810,2.50000,4
3196,762,992,0.43675,3.53553,2
3197,992,955,0.43675,3.53553,2
3198,795,992,0.43675,3.53553,2
3199,992,989,0.43675,3.53553,2
3200,794,954,0.43675,3.53553,2
3201,954,988,0.43675,3.53553,2
3202,794,990,0.43675,3.53553,2
3203,990,988,0.43675,3.53553,2
3204,791,986,0.42055,2.50000,1
3205,794,992,0.43675,2.50000,2
3206,986,984,0.42055,2.50000,1
3207,992,988,0.43675,2.50000,2
3208,948,986,0.42055,2.50000,1
3209,954,992,0.43675,2.50000,2
3210,986,982,0.42055,2.50000,1
3211,992,990,0.43675,2.50000,2
3212,799,986,0.42055,3.53553,1
3213,799,992,0.42055,3.53553,1
3214,986,993,0.42055,3.53553,1
3215,992,993,0.42055,3.53553,1
3216,801,994,0.45237,2.50000,2
3217,994,995,0.45237,2.50000,2
3218,961,996,0.45237,2.50000,2
3219,996,995,0.45237,2.50000,2
3220,989,997,0.45764,2.50000,4
3221,997,995,0.45764,2.50000,4
3222,768,998,0.45237,3.53553,1
3223,801,998,0.45237,3.53553,1
3224,998,961,0.45237,3.53553,1
3225,998,995,0.45237,3.53553,1
3226,802,960,0.45237,3.53553,1
3227,802,994,0.45237,3.53553,1
3228,960,996,0.45237,3.53553,1
3229,994,996,0.45237,3.53553,1
3230,960,998,0.45237,2.50000,1
3231,998,994,0.45237,2.50000,1
3232,802,998,0.45237,2.50000,1
3233,998,996,0.45237,2.50000,1
3234,803,999,0.45237,2.50000,2
3235,999,997,0.45237,2.50000,2
3236,807,1000,0.46286,2.50000,2
3237,808,1001,0.46801,2.50000,4
3238,1000,1002,0.46286,2.50000,2
3239,1001,1003,0.46801,2.50000,4
3240,968,1004,0.46286,2.50000,2
3241,969,1005,0.44193,2.50000,4
3242,1004,1002,0.46286,2.50000,2
3243,1005,1003,0.44193,2.50000,4
3244,1002,1006,0.46286,2.50000,4
3245,1006,1003,0.46286,2.50000,4
3246,775,1007,0.45237,3.53553,1
3247,776,1008,0.45237,3.53553,1
3248,807,1007,0.45237,3.53553,1
3249,808,1008,0.45237,3.53553,1
3250,1007,968,0.45237,3.53553,1
3251,1008,969,0.45237,3.53553,1
3252,1007,1002,0.45237,3.53553,1
3253,1008,1003,0.45237,3.53553,1
3254,809,966,0.45237,3.53553,1
3255,810,967,0.46286,3.53553,2
3256,809,1000,0.45237,3.53553,1
3257,810,1001,0.46286,3.53553,2
3258,966,1004,0.45237,3.53553,1
3259,967,1005,0.46286,3.53553,2
3260,1000,1004,0.45237,3.53553,1
3261,1001,1005,0.46286,3.53553,2
3262,966,1007,0.45237,2.50000,1
3263,967,1008,0.45237,2.50000,1
3264,1007,1000,0.45237,2.50000,1
3265,1008,1001,0.45237,2.50000,1
3266,809,1007,0.45237,2.50000,1
3267,810,1008,0.46286,2.50000,2
3268,1007,1004,0.45237,2.50000,1
3269,1008,1005,0.46286,2.50000,2
3270,811,1009,0.46286,2.50000,2
3271,1009,1006,0.46286,2.50000,2
3272,817,1010,0.47235,2.50000,4
3273,1010,1011,0.47235,2.50000,4
3274,977,1012,0.43019,2.50000,4
3275,1012,1011,0.43019,2.50000,4
3276,1003,1013,0.44733,2.50000,4
3277,1013,1011,0.44733,2.50000,4
3278,818,978,0.47159,3.53553,2
3279,818,1010,0.47159,3.53553,2
3280,978,1012,0.47159,3.53553,2
3281,1010,1012,0.47159,3.53553,2
3282,785,967,0.47311,3.53553,1
3283,785,978,0.47311,3.53553,1
3284,819,1001,0.47311,3.53553,2
3285,819,1010,0.47311,3.53553,2
3286,967,979,0.47311,3.53553,1
3287,978,979,0.47311,3.53553,1
3288,1001,1013,0.47311,3.53553,2
3289,1010,1013,0.47311,3.53553,2
3290,818,1014,0.47159,2.50000,2
3291,1014,1012,0.47159,2.50000,2
3292,785,1015,0.47311,2.50000,1
3293,819,1016,0.47311,2.50000,2
3294,1015,979,0.47311,2.50000,1
3295,1016,1013,0.47311,2.50000,2
3296,824,1017,0.46724,2.50000,4
3297,1017,1018,0.46724,2.50000,4
3298,983,1019,0.43790,2.50000,4
3299,1019,1018,0.43790,2.50000,4
3300,1011,1020,0.44788,2.50000,4
3301,1020,1018,0.44788,2.50000,4
3302,826,982,0.47159,3.53553,2
3303,826,1017,0.47159,3.53553,2
3304,982,1019,0.47159,3.53553,2
3305,1017,1019,0.47159,3.53553,2
3306,825,1010,0.47159,3.53553,2
3307,825,1017,0.47159,3.53553,2
3308,1010,1020,0.47159,3.53553,2
3309,1017,1020,0.47159,3.53553,2
3310,826,1021,0.47159,2.50000,2
3311,1021,1019,0.47159,2.50000,2
3312,788,1022,0.47006,2.50000,1
3313,825,1023,0.47159,2.50000,2
3314,1022,985,0.47006,2.50000,1
3315,1023,1020,0.47159,2.50000,2
3316,831,1024,0.46286,2.50000,4
3317,1024,1025,0.46286,2.50000,4
3318,989,1026,0.44945,2.50000,4
3319,1026,1025,0.44945,2.50000,4
3320,1018,1027,0.44945,2.50000,4
3321,1027,1025,0.44945,2.50000,4
3322,832,990,0.46286,3.53553,2
3323,832,1024,0.46286,3.53553,2
3324,990,1026,0.46286,3.53553,2
3325,1024,1026,0.46286,3.53553,2
3326,797,982,0.47311,3.53553,1
3327,797,990,0.47311,3.53553,1
3328,833,1017,0.46286,3.53553,2
3329,833,1024,0.46286,3.53553,2
3330,982,991,0.47311,3.53553,1
3331,990,991,0.47311,3.53553,1
3332,1017,1027,0.46286,3.53553,2
3333,1024,1027,0.46286,3.53553,2
3334,832,1028,0.46286,2.50000,2
3335,1028,1026,0.46286,2.50000,2
3336,797,1029,0.47311,2.50000,1
3337,833,1030,0.46286,2.50000,2
3338,1029,991,0.47311,2.50000,1
3339,1030,1027,0.46286,2.50000,2
3340,838,1031,0.46286,2.50000,2
3341,1031,1032,0.46286,2.50000,2
3342,995,1033,0.46286,2.50000,2
3343,1033,1032,0.46286,2.50000,2
3344,1025,1034,0.46286,2.50000,4
3345,1034,1032,0.46286,2.50000,4
3346,795,1028,0.45237,3.53553,1
3347,801,1035,0.45237,3.53553,1
3348,831,1028,0.45237,3.53553,1
3349,838,1035,0.45237,3.53553,1
3350,1028,989,0.45237,3.53553,1
3351,1035,995,0.45237,3.53553,1
3352,1028,1025,0.45237,3.53553,1
3353,1035,1032,0.45237,3.53553,1
3354,839,994,0.45237,3.53553,1
3355,839,1031,0.45237,3.53553,1
3356,994,1033,0.45237,3.53553,1
3357,1031,1033,0.45237,3.53553,1
3358,990,1028,0.45237,2.50000,1
3359,994,1035,0.45237,2.50000,1
3360,1028,1024,0.45237,2.50000,1
3361,1035,1031,0.45237,2.50000,1
3362,839,1035,0.45237,2.50000,1
3363,1035,1033,0.45237,2.50000,1
3364,840,1036,0.46286,2.50000,2
3365,1036,1034,0.46286,2.50000,2
3366,846,1037,0.47311,2.50000,1
3367,847,1038,0.47311,2.50000,2
3368,1037,1039,0.47311,2.50000,1
3369,1038,1040,0.47311,2.50000,2
3370,1002,1041,0.46286,2.50000,2
3371,1003,1042,0.46801,2.50000,4
3372,1041,1039,0.46286,2.50000,2
3373,1042,1040,0.46801,2.50000,4
3374,1039,1043,0.46286,2.50000,2
3375,1043,1040,0.46286,2.50000,2
3376,848,1000,0.47311,3.53553,1
3377,849,1001,0.47311,3.53553,1
3378,848,1037,0.47311,3.53553,1
3379,849,1038,0.47311,3.53553,1
3380,1000,1041,0.47311,3.53553,1
3381,1001,1042,0.47311,3.53553,1
3382,1037,1041,0.47311,3.53553,1
3383,1038,1042,0.47311,3.53553,1
3384,811,1000,0.47311,3.53553,1
3385,811,1001,0.47311,3.53553,1
3386,850,1037,0.47311,3.53553,1
3387,850,1038,0.47311,3.53553,1
3388,1000,1006,0.47311,3.53553,1
3389,1001,1006,0.47311,3.53553,1
3390,1037,1043,0.47311,3.53553,1
3391,1038,1043,0.47311,3.53553,1
3392,848,1044,0.47311,2.50000,1
3393,849,1045,0.47311,2.50000,1
3394,1044,1041,0.47311,2.50000,1
3395,1045,1042,0.47311,2.50000,1
3396,850,1046,0.47311,2.50000,1
3397,1046,1043,0.47311,2.50000,1
3398,855,1047,0.47311,2.50000,2
3399,1047,1048,0.47311,2.50000,2
3400,1040,1049,0.47311,2.50000,2
3401,1049,1048,0.47311,2.50000,2
3402,1011,1050,0.46437,2.50000,4
3403,1050,1048,0.46437,2.50000,4
3404,808,1016,0.47311,3.53553,1
3405,847,1051,0.47311,3.53553,1
3406,817,1016,0.47311,3.53553,1
3407,855,1051,0.47311,3.53553,1
3408,1016,1003,0.47311,3.53553,1
3409,1051,1040,0.47311,3.53553,1
3410,1016,1011,0.47311,3.53553,1
3411,1051,1048,0.47311,3.53553,1
3412,856,1038,0.47311,3.53553,1
3413,856,1047,0.47311,3.53553,1
3414,1038,1049,0.47311,3.53553,1
3415,1047,1049,0.47311,3.53553,1
3416,1001,1016,0.47311,2.50000,1
3417,1038,1051,0.47311,2.50000,1
3418,1016,1010,0.47311,2.50000,1
3419,1051,1047,0.47311,2.50000,1
3420,856,1051,0.47311,2.50000,1
3421,1051,1049,0.47311,2.50000,1
3422,860,1052,0.46286,2.50000,2
3423,1052,1053,0.46286,2.50000,2
3424,1048,1054,0.45546,2.50000,2
3425,1054,1053,0.45546,2.50000,2
3426,1018,1055,0.45918,2.50000,4
3427,1055,1053,0.45918,2.50000,4
3428,817,1023,0.47311,3.53553,1
3429,855,1056,0.47311,3.53553,1
3430,824,1023,0.47311,3.53553,1
3431,860,1056,0.47311,3.53553,1
3432,1023,1011,0.47311,3.53553,1
3433,1056,1048,0.47311,3.53553,1
3434,1023,1018,0.47311,3.53553,1
3435,1056,1053,0.47311,3.53553,1
3436,861,1047,0.47311,3.53553,1
3437,861,1052,0.47311,3.53553,1
3438,1047,1054,0.47311,3.53553,1
3439,1052,1054,0.47311,3.53553,1
3440,1010,1023,0.47311,2.50000,1
3441,1047,1056,0.47311,2.50000,1
3442,1023,1017,0.47311,2.50000,1
3443,1056,1052,0.47311,2.50000,1
3444,861,1056,0.47311,2.50000,1
3445,1056,1054,0.47311,2.50000,1
3446,865,1057,0.46286,2.50000,2
3447,1057,1058,0.46286,2.50000,2
3448,1053,1059,0.46286,2.50000,2
3449,1059,1058,0.46286,2.50000,2
3450,1025,1060,0.46286,2.50000,4
3451,1060,1058,0.46286,2.50000,4
3452,824,1030,0.45237,3.53553,1
3453,860,1061,0.45237,3.53553,1
3454,831,1030,0.45237,3.53553,1
3455,865,1061,0.45237,3.53553,1
3456,1030,1018,0.45237,3.53553,1
3457,1061,1053,0.45237,3.53553,1
3458,1030,1025,0.45237,3.53553,1
3459,1061,1058,0.45237,3.53553,1
3460,866,1052,0.45237,3.53553,1
3461,866,1057,0.45237,3.53553,1
3462,1052,1059,0.45237,3.53553,1
3463,1057,1059,0.45237,3.53553,1
3464,1017,1030,0.45237,2.50000,1
3465,1052,1061,0.45237,2.50000,1
3466,1030,1024,0.45237,2.50000,1
3467,1061,1057,0.45237,2.50000,1
3468,866,1061,0.45237,2.50000,1
3469,1061,1059,0.45237,2.50000,1
3470,862,1062,0.45237,2.50000,1
3471,867,1063,0.46286,2.50000,2
3472,1062,1055,0.45237,2.50000,1
3473,1063,1060,0.46286,2.50000,2
3474,872,1064,0.47311,2.50000,1
3475,1064,1065,0.47311,2.50000,1
3476,1032,1066,0.46286,2.50000,2
3477,1066,1065,0.46286,2.50000,2
3478,1058,1067,0.46286,2.50000,2
3479,1067,1065,0.46286,2.50000,2
3480,867,1024,0.47311,3.53553,1
3481,873,1031,0.47311,3.53553,1
3482,867,1057,0.47311,3.53553,1
3483,873,1064,0.47311,3.53553,1
3484,1024,1060,0.47311,3.53553,1
3485,1031,1066,0.47311,3.53553,1
3486,1057,1060,0.47311,3.53553,1
3487,1064,1066,0.47311,3.53553,1
3488,840,1024,0.47311,3.53553,1
3489,840,1031,0.47311,3.53553,1
3490,874,1057,0.47311,3.53553,1
3491,874,1064,0.47311,3.53553,1
3492,1024,1034,0.47311,3.53553,1
3493,1031,1034,0.47311,3.53553,1
3494,1057,1067,0.47311,3.53553,1
3495,1064,1067,0.47311,3.53553,1
3496,873,1068,0.47311,2.50000,1
3497,1068,1066,0.47311,2.50000,1
3498,874,1069,0.47311,2.50000,1
3499,1069,1067,0.47311,2.50000,1
3500,881,1070,0.45237,2.50000,1
3501,882,1071,0.46286,2.50000,2
3502,883,1072,0.43676,2.50000,2
3503,884,1073,0.43621,2.50000,4
3504,1070,1074,0.45237,2.50000,1
3505,1071,1075,0.46286,2.50000,2
3506,1072,1076,0.43676,2.50000,2
3507,1073,1077,0.43621,2.50000,4
3508,1074,1078,0.46286,2.50000,2
3509,1075,1079,0.46801,2.50000,4
3510,1078,1076,0.46286,2.50000,2
3511,1079,1077,0.46801,2.50000,4
3512,1074,1080,0.46286,2.50000,2
3513,1080,1075,0.46286,2.50000,2
3514,1076,1081,0.45530,2.50000,4
3515,1081,1077,0.45530,2.50000,4
3516,881,1082,0.45237,3.53553,1
3517,882,1083,0.45237,3.53553,1
3518,883,1082,0.45237,3.53553,1
3519,884,1083,0.45237,3.53553,1
3520,1082,1074,0.45237,3.53553,1
3521,1083,1075,0.45237,3.53553,1
3522,1082,1076,0.45237,3.53553,1
3523,1083,1077,0.45237,3.53553,1
3524,885,1070,0.45237,3.53553,1
3525,886,1071,0.45237,3.53553,1
3526,885,1072,0.45237,3.53553,1
3527,886,1073,0.45237,3.53553,1
3528,1070,1078,0.45237,3.53553,1
3529,1071,1079,0.45237,3.53553,1
3530,1072,1078,0.45237,3.53553,1
3531,1073,1079,0.45237,3.53553,1
3532,1070,1082,0.45237,2.50000,1
3533,1071,1083,0.45237,2.50000,1
3534,1082,1072,0.45237,2.50000,1
3535,1083,1073,0.45237,2.50000,1
3536,885,1082,0.45237,2.50000,1
3537,886,1083,0.45237,2.50000,1
3538,1082,1078,0.45237,2.50000,1
3539,1083,1079,0.45237,2.50000,1
3540,887,1084,0.45237,2.50000,1
3541,888,1085,0.45237,2.50000,1
3542,1084,1080,0.45237,2.50000,1
3543,1085,1081,0.45237,2.50000,1
3544,895,1086,0.45546,2.50000,2
3545,896,1087,0.42927,2.50000,4
3546,1086,1088,0.45546,2.50000,2
3547,1087,1089,0.42927,2.50000,4
3548,1075,1090,0.47311,2.50000,2
3549,1077,1091,0.42345,2.50000,4
3550,1090,1088,0.47311,2.50000,2
3551,1091,1089,0.42345,2.50000,4
3552,1088,1092,0.46437,2.50000,4
3553,1092,1089,0.46437,2.50000,4
3554,882,1093,0.47311,3.53553,1
3555,884,1094,0.43565,3.53553,2
3556,895,1093,0.47311,3.53553,1
3557,896,1094,0.43565,3.53553,2
3558,1093,1075,0.47311,3.53553,1
3559,1094,1077,0.43565,3.53553,2
3560,1093,1088,0.47311,3.53553,1
3561,1094,1089,0.43565,3.53553,2
3562,897,1071,0.47311,3.53553,1
3563,898,1073,0.43565,3.53553,2
3564,897,1086,0.47311,3.53553,1
3565,898,1087,0.43565,3.53553,2
3566,1071,1090,0.47311,3.53553,1
3567,1073,1091,0.43565,3.53553,2
3568,1086,1090,0.47311,3.53553,1
3569,1087,1091,0.43565,3.53553,2
3570,1071,1093,0.47311,2.50000,1
3571,1073,1094,0.47311,2.50000,1
3572,1093,1086,0.47311,2.50000,1
3573,1094,1087,0.47311,2.50000,1
3574,897,1093,0.47311,2.50000,1
3575,898,1094,0.43565,2.50000,2
3576,1093,1090,0.47311,2.50000,1
3577,1094,1091,0.43565,2.50000,2
3578,1088,1095,0.45546,2.50000,2
3579,1089,1096,0.42158,2.50000,4
3580,1095,1097,0.45546,2.50000,2
3581,1096,1098,0.42158,2.50000,4
3582,905,1099,0.45546,2.50000,2
3583,906,1100,0.42116,2.50000,4
3584,1099,1097,0.45546,2.50000,2
3585,1100,1098,0.42116,2.50000,4
3586,1097,1101,0.46437,2.50000,4
3587,1101,1098,0.46437,2.50000,4
3588,895,1102,0.43710,3.53553,1
3589,896,1103,0.42279,3.53553,2
3590,1102,1088,0.43710,3.53553,1
3591,1103,1089,0.42279,3.53553,2
3592,905,1102,0.43710,3.53553,1
3593,906,1103,0.42279,3.53553,2
3594,1102,1097,0.43710,3.53553,1
3595,1103,1098,0.42279,3.53553,2
3596,907,1086,0.43710,3.53553,1
3597,908,1087,0.43710,3.53553,1
3598,1086,1095,0.43710,3.53553,1
3599,1087,1096,0.43710,3.53553,1
3600,907,1099,0.43710,3.53553,1
3601,908,1100,0.43710,3.53553,1
3602,1099,1095,0.43710,3.53553,1
3603,1100,1096,0.43710,3.53553,1
3604,907,1102,0.43710,2.50000,1
3605,908,1103,0.43710,2.50000,1
3606,1102,1095,0.43710,2.50000,1
3607,1103,1096,0.43710,2.50000,1
3608,899,1104,0.43710,3.53553,1
3609,1104,1092,0.43710,3.53553,1
3610,909,1104,0.43710,3.53553,1
3611,1104,1101,0.43710,3.53553,1
3612,914,1105,0.46286,2.50000,2
3613,915,1106,0.44172,2.50000,4
3614,1105,1107,0.46286,2.50000,2
3615,1106,1108,0.44172,2.50000,4
3616,1097,1109,0.47311,2.50000,2
3617,1098,1110,0.41759,2.50000,4
3618,1109,1107,0.47311,2.50000,2
3619,1110,1108,0.41759,2.50000,4
3620,1107,1111,0.46286,2.50000,4
3621,1111,1108,0.46286,2.50000,4
3622,905,1112,0.47311,3.53553,1
3623,906,1113,0.47311,3.53553,1
3624,914,1112,0.47311,3.53553,1
3625,915,1113,0.47311,3.53553,1
3626,1112,1097,0.47311,3.53553,1
3627,1113,1098,0.47311,3.53553,1
3628,1112,1107,0.47311,3.53553,1
3629,1113,1108,0.47311,3.53553,1
3630,916,1099,0.47311,3.53553,1
3631,917,1100,0.41951,3.53553,2
3632,916,1105,0.47311,3.53553,1
3633,917,1106,0.41951,3.53553,2
3634,1099,1109,0.47311,3.53553,1
3635,1100,1110,0.41951,3.53553,2
3636,1105,1109,0.47311,3.53553,1
3637,1106,1110,0.41951,3.53553,2
3638,1099,1112,0.47311,2.50000,1
3639,1100,1113,0.47311,2.50000,1
3640,1112,1105,0.47311,2.50000,1
3641,1113,1106,0.47311,2.50000,1
3642,916,1112,0.47311,2.50000,1
3643,917,1113,0.41951,2.50000,2
3644,1112,1109,0.47311,2.50000,1
3645,1113,1110,0.41951,2.50000,2
3646,923,1114,0.45237,2.50000,1
3647,924,1115,0.46286,2.50000,2
3648,1114,1116,0.45237,2.50000,1
3649,1115,1117,0.46286,2.50000,2
3650,1107,1118,0.45237,2.50000,2
3651,1108,1119,0.45764,2.50000,4
3652,1118,1116,0.45237,2.50000,2
3653,1119,1117,0.45764,2.50000,4
3654,1116,1120,0.45237,2.50000,2
3655,1120,1117,0.45237,2.50000,2
3656,914,1121,0.45237,3.53553,1
3657,915,1122,0.45237,3.53553,1
3658,923,1121,0.45237,3.53553,1
3659,924,1122,0.45237,3.53553,1
3660,1121,1107,0.45237,3.53553,1
3661,1122,1108,0.45237,3.53553,1
3662,1121,1116,0.45237,3.53553,1
3663,1122,1117,0.45237,3.53553,1
3664,926,1105,0.45237,3.53553,1
3665,927,1106,0.45237,3.53553,1
3666,926,1114,0.45237,3.53553,1
3667,927,1115,0.45237,3.53553,1
3668,1105,1118,0.45237,3.53553,1
3669,1106,1119,0.45237,3.53553,1
3670,1114,1118,0.45237,3.53553,1
3671,1115,1119,0.45237,3.53553,1
3672,1105,1121,0.45237,2.50000,1
3673,1106,1122,0.45237,2.50000,1
3674,1121,1114,0.45237,2.50000,1
3675,1122,1115,0.45237,2.50000,1
3676,926,1121,0.45237,2.50000,1
3677,927,1122,0.45237,2.50000,1
3678,1121,1118,0.45237,2.50000,1
3679,1122,1119,0.45237,2.50000,1
3680,918,1123,0.45237,2.50000,1
3681,925,1124,0.45237,2.50000,1
3682,1123,1111,0.45237,2.50000,1
3683,1124,1120,0.45237,2.50000,1
3684,934,1125,0.43676,2.50000,2
3685,935,1126,0.42248,2.50000,4
3686,1125,1127,0.43676,2.50000,2
3687,1126,1128,0.42248,2.50000,4
3688,1076,1129,0.44762,2.50000,2
3689,1077,1130,0.40935,2.50000,4
3690,1129,1127,0.44762,2.50000,2
3691,1130,1128,0.40935,2.50000,4
3692,1127,1131,0.45530,2.50000,4
3693,1131,1128,0.45530,2.50000,4
3694,883,1132,0.42058,3.53553,1
3695,884,1133,0.40782,3.53553,2
3696,934,1132,0.42058,3.53553,1
3697,935,1133,0.40782,3.53553,2
3698,1132,1076,0.42058,3.53553,1
3699,1133,1077,0.40782,3.53553,2
3700,1132,1127,0.42058,3.53553,1
3701,1133,1128,0.40782,3.53553,2
3702,936,1072,0.42058,3.53553,1
3703,937,1073,0.40782,3.53553,2
3704,936,1125,0.42058,3.53553,1
3705,937,1126,0.40782,3.53553,2
3706,1072,1129,0.42058,3.53553,1
3707,1073,1130,0.40782,3.53553,2
3708,1125,1129,0.42058,3.53553,1
3709,1126,1130,0.40782,3.53553,2
3710,1072,1132,0.42058,2.50000,1
3711,1073,1133,0.42058,2.50000,1
3712,1132,1125,0.42058,2.50000,1
3713,1133,1126,0.42058,2.50000,1
3714,936,1132,0.42058,2.50000,1
3715,937,1133,0.42058,2.50000,1
3716,1132,1129,0.42058,2.50000,1
3717,1133,1130,0.42058,2.50000,1
3718,1085,1132,0.42058,3.53553,1
3719,1085,1133,0.42058,3.53553,1
3720,1132,1134,0.42058,3.53553,1
3721,1133,1134,0.42058,3.53553,1
3722,943,1135,0.38677,2.50000,4
3723,1135,1136,0.38677,2.50000,4
3724,1128,1137,0.35946,2.50000,4
3725,1137,1136,0.35946,2.50000,4
3726,1089,1138,0.37603,2.50000,4
3727,1138,1136,0.37603,2.50000,4
3728,935,1139,0.39464,3.53553,1
3729,943,1139,0.39464,3.53553,1
3730,1139,1128,0.39464,3.53553,1
3731,1139,1136,0.39464,3.53553,1
3732,896,1140,0.40137,3.53553,2
3733,943,1140,0.40137,3.53553,2
3734,1140,1089,0.40137,3.53553,2
3735,1140,1136,0.40137,3.53553,2
3736,945,1126,0.39464,3.53553,1
3737,945,1135,0.39464,3.53553,1
3738,1126,1137,0.39464,3.53553,1
3739,1135,1137,0.39464,3.53553,1
3740,944,1087,0.40137,3.53553,2
3741,944,1135,0.40137,3.53553,2
3742,1087,1138,0.40137,3.53553,2
3743,1135,1138,0.40137,3.53553,2
3744,945,1139,0.39464,2.50000,1
3745,1139,1137,0.39464,2.50000,1
3746,949,1141,0.37773,2.50000,4
3747,1141,1142,0.37773,2.50000,4
3748,1098,1143,0.36941,2.50000,4
3749,1143,1142,0.36941,2.50000,4
3750,1136,1144,0.35433,2.50000,4
3751,1144,1142,0.35433,2.50000,4
3752,906,1145,0.38379,3.53553,2
3753,949,1145,0.38379,3.53553,2
3754,1145,1098,0.38379,3.53553,2
3755,1145,1142,0.38379,3.53553,2
3756,943,1146,0.40799,3.53553,1
3757,949,1146,0.40799,3.53553,1
3758,1146,1136,0.40799,3.53553,1
3759,1146,1142,0.40799,3.53553,1
3760,950,1100,0.38379,3.53553,2
3761,950,1141,0.38379,3.53553,2
3762,1100,1143,0.38379,3.53553,2
3763,1141,1143,0.38379,3.53553,2
3764,1087,1140,0.40799,2.50000,1
3765,1100,1145,0.40799,2.50000,1
3766,1140,1135,0.40799,2.50000,1
3767,1145,1141,0.40799,2.50000,1
3768,944,1140,0.40799,2.50000,1
3769,950,1145,0.38379,2.50000,2
3770,1140,1138,0.40799,2.50000,1
3771,1145,1143,0.38379,2.50000,2
3772,955,1147,0.42816,2.50000,4
3773,1147,1148,0.42816,2.50000,4
3774,1108,1149,0.41180,2.50000,4
3775,1149,1148,0.41180,2.50000,4
3776,1142,1150,0.34965,2.50000,4
3777,1150,1148,0.34965,2.50000,4
3778,915,1151,0.41951,3.53553,2
3779,955,1151,0.41951,3.53553,2
3780,1151,1108,0.41951,3.53553,2
3781,1151,1148,0.41951,3.53553,2
3782,956,1106,0.41951,3.53553,2
3783,956,1147,0.41951,3.53553,2
3784,1106,1149,0.41951,3.53553,2
3785,1147,1149,0.41951,3.53553,2
3786,957,1141,0.35797,3.53553,1
3787,957,1147,0.35797,3.53553,1
3788,1141,1150,0.35797,3.53553,1
3789,1147,1150,0.35797,3.53553,1
3790,956,1151,0.41951,2.50000,2
3791,1151,1149,0.41951,2.50000,2
3792,957,1152,0.35797,2.50000,1
3793,1152,1150,0.35797,2.50000,1
3794,961,1153,0.46286,2.50000,2
3795,1153,1154,0.46286,2.50000,2
3796,1117,1155,0.46286,2.50000,2
3797,1155,1154,0.46286,2.50000,2
3798,1148,1156,0.46286,2.50000,4
3799,1156,1154,0.46286,2.50000,4
3800,924,1157,0.47311,3.53553,1
3801,961,1157,0.47311,3.53553,1
3802,1157,1117,0.47311,3.53553,1
3803,1157,1154,0.47311,3.53553,1
3804,962,1115,0.47311,3.53553,1
3805,962,1153,0.47311,3.53553,1
3806,1115,1155,0.47311,3.53553,1
3807,1153,1155,0.47311,3.53553,1
3808,1106,1151,0.47311,2.50000,1
3809,1115,1157,0.47311,2.50000,1
3810,1151,1147,0.47311,2.50000,1
3811,1157,1153,0.47311,2.50000,1
3812,962,1157,0.47311,2.50000,1
3813,1157,1155,0.47311,2.50000,1
3814,1127,1158,0.46286,2.50000,2
3815,1128,1159,0.41103,2.50000,4
3816,1158,1160,0.46286,2.50000,2
3817,1159,1161,0.41103,2.50000,4
3818,968,1162,0.46286,2.50000,2
3819,969,1163,0.42839,2.50000,4
3820,1162,1160,0.46286,2.50000,2
3821,1163,1161,0.42839,2.50000,4
3822,1160,1164,0.46801,2.50000,4
3823,1164,1161,0.46801,2.50000,4
3824,934,1165,0.45237,3.53553,1
3825,935,1166,0.43665,3.53553,2
3826,1165,1127,0.45237,3.53553,1
3827,1166,1128,0.43665,3.53553,2
3828,968,1165,0.45237,3.53553,1
3829,969,1166,0.43665,3.53553,2
3830,1165,1160,0.45237,3.53553,1
3831,1166,1161,0.43665,3.53553,2
3832,970,1125,0.45237,3.53553,1
3833,971,1126,0.43665,3.53553,2
3834,1125,1158,0.45237,3.53553,1
3835,1126,1159,0.43665,3.53553,2
3836,970,1162,0.45237,3.53553,1
3837,971,1163,0.43665,3.53553,2
3838,1162,1158,0.45237,3.53553,1
3839,1163,1159,0.43665,3.53553,2
3840,970,1165,0.45237,2.50000,1
3841,971,1166,0.43665,2.50000,2
3842,1165,1158,0.45237,2.50000,1
3843,1166,1159,0.43665,2.50000,2
3844,1125,1165,0.45237,2.50000,1
3845,1126,1166,0.43665,2.50000,2
3846,1165,1162,0.45237,2.50000,1
3847,1166,1163,0.43665,2.50000,2
3848,938,1167,0.45237,2.50000,1
3849,1131,1168,0.45237,2.50000,1
3850,1167,972,0.45237,2.50000,1
3851,1168,1164,0.45237,2.50000,1
3852,1136,1169,0.33670,2.50000,4
3853,1169,1170,0.33670,2.50000,4
3854,977,1171,0.37802,2.50000,4
3855,1171,1170,0.37802,2.50000,4
3856,1161,1172,0.34762,2.50000,4
3857,1172,1170,0.34762,2.50000,4
3858,943,1173,0.37159,3.53553,2
3859,1173,1136,0.37159,3.53553,2
3860,977,1173,0.37159,3.53553,2
3861,1173,1170,0.37159,3.53553,2
3862,976,1135,0.37159,3.53553,2
3863,1135,1169,0.37159,3.53553,2
3864,976,1171,0.37159,3.53553,2
3865,1171,1169,0.37159,3.53553,2
3866,976,1173,0.42035,2.50000,1
3867,1173,1169,0.42035,2.50000,1
3868,1135,1173,0.42035,2.50000,1
3869,1173,1171,0.42035,2.50000,1
3870,981,1166,0.42035,3.53553,1
3871,981,1173,0.42035,3.53553,1
3872,1166,1174,0.42035,3.53553,1
3873,1173,1174,0.42035,3.53553,1
3874,983,1175,0.38678,2.50000,4
3875,1175,1176,0.38678,2.50000,4
3876,1142,1177,0.33367,2.50000,4
3877,1177,1176,0.33367,2.50000,4
3878,1170,1178,0.35396,2.50000,4
3879,1178,1176,0.35396,2.50000,4
3880,949,1179,0.37158,3.53553,2
3881,983,1179,0.37158,3.53553,2
3882,1179,1142,0.37158,3.53553,2
3883,1179,1176,0.37158,3.53553,2
3884,984,1141,0.37158,3.53553,2
3885,984,1175,0.37158,3.53553,2
3886,1141,1177,0.37158,3.53553,2
3887,1175,1177,0.37158,3.53553,2
3888,951,1135,0.31537,3.53553,1
3889,951,1141,0.31537,3.53553,1
3890,985,1171,0.31537,3.53553,1
3891,985,1175,0.31537,3.53553,1
3892,1135,1144,0.31537,3.53553,1
3893,1141,1144,0.31537,3.53553,1
3894,1171,1178,0.31537,3.53553,1
3895,1175,1178,0.31537,3.53553,1
3896,951,1180,0.31537,3.53553,1
3897,985,1180,0.31537,3.53553,1
3898,1180,1144,0.31537,3.53553,1
3899,1180,1178,0.31537,3.53553,1
3900,1148,1181,0.40855,2.50000,4
3901,1181,1182,0.40855,2.50000,4
3902,989,1183,0.43613,2.50000,4
3903,1183,1182,0.43613,2.50000,4
3904,1176,1184,0.35737,2.50000,4
3905,1184,1182,0.35737,2.50000,4
3906,955,1185,0.43664,3.53553,2
3907,1185,1148,0.43664,3.53553,2
3908,989,1185,0.43664,3.53553,2
3909,1185,1182,0.43664,3.53553,2
3910,988,1147,0.43664,3.53553,2
3911,1147,1181,0.43664,3.53553,2
3912,988,1183,0.43664,3.53553,2
3913,1183,1181,0.43664,3.53553,2
3914,984,1179,0.42033,2.50000,1
3915,988,1185,0.43664,2.50000,2
3916,1179,1177,0.42033,2.50000,1
3917,1185,1181,0.43664,2.50000,2
3918,1141,1179,0.42033,2.50000,1
3919,1147,1185,0.43664,2.50000,2
3920,1179,1175,0.42033,2.50000,1
3921,1185,1183,0.43664,2.50000,2
3922,993,1179,0.42033,3.53553,1
3923,993,1185,0.42033,3.53553,1
3924,1179,1186,0.42033,3.53553,1
3925,1185,1186,0.42033,3.53553,1
3926,1154,1187,0.46286,2.50000,2
3927,1187,1188,0.46286,2.50000,2
3928,995,1189,0.46286,2.50000,2
3929,1189,1188,0.46286,2.50000,2
3930,1182,1190,0.46801,2.50000,4
3931,1190,1188,0.46801,2.50000,4
3932,961,1191,0.45237,3.53553,1
3933,1191,1154,0.45237,3.53553,1
3934,995,1191,0.45237,3.53553,1
3935,1191,1188,0.45237,3.53553,1
3936,996,1153,0.45237,3.53553,1
3937,1153,1187,0.45237,3.53553,1
3938,996,1189,0.45237,3.53553,1
3939,1189,1187,0.45237,3.53553,1
3940,996,1191,0.45237,2.50000,1
3941,1191,1187,0.45237,2.50000,1
3942,1153,1191,0.45237,2.50000,1
3943,1191,1189,0.45237,2.50000,1
3944,963,1192,0.45237,2.50000,1
3945,1156,1193,0.45237,2.50000,1
3946,1192,997,0.45237,2.50000,1
3947,1193,1190,0.45237,2.50000,1
3948,1002,1194,0.46286,2.50000,2
3949,1003,1195,0.44193,2.50000,4
3950,1194,1196,0.46286,2.50000,2
3951,1195,1197,0.44193,2.50000,4
3952,1160,1198,0.47311,2.50000,2
3953,1161,1199,0.41344,2.50000,4
3954,1198,1196,0.47311,2.50000,2
3955,1199,1197,0.41344,2.50000,4
3956,1196,1200,0.46286,2.50000,4
3957,1200,1197,0.46286,2.50000,4
3958,968,1201,0.47311,3.53553,1
3959,969,1202,0.41996,3.53553,2
3960,1002,1201,0.47311,3.53553,1
3961,1003,1202,0.41996,3.53553,2
3962,1201,1160,0.47311,3.53553,1
3963,1202,1161,0.41996,3.53553,2
3964,1201,1196,0.47311,3.53553,1
3965,1202,1197,0.41996,3.53553,2
3966,1004,1162,0.47311,3.53553,1
3967,1005,1163,0.41996,3.53553,2
3968,1004,1194,0.47311,3.53553,1
3969,1005,1195,0.41996,3.53553,2
3970,1162,1198,0.47311,3.53553,1
3971,1163,1199,0.41996,3.53553,2
3972,1194,1198,0.47311,3.53553,1
3973,1195,1199,0.41996,3.53553,2
3974,1162,1201,0.47311,2.50000,1
3975,1163,1202,0.41996,2.50000,2
3976,1201,1194,0.47311,2.50000,1
3977,1202,1195,0.41996,2.50000,2
3978,1004,1201,0.47311,2.50000,1
3979,1005,1202,0.41996,2.50000,2
3980,1201,1198,0.47311,2.50000,1
3981,1202,1199,0.41996,2.50000,2
3982,1011,1203,0.42141,2.50000,4
3983,1203,1204,0.42141,2.50000,4
3984,1170,1205,0.36436,2.50000,4
3985,1205,1204,0.36436,2.50000,4
3986,1197,1206,0.41344,2.50000,4
3987,1206,1204,0.41344,2.50000,4
3988,977,1207,0.38435,3.53553,2
3989,1011,1207,0.38435,3.53553,2
3990,1207,1170,0.38435,3.53553,2
3991,1207,1204,0.38435,3.53553,2
3992,1012,1171,0.38435,3.53553,2
3993,1012,1203,0.38435,3.53553,2
3994,1171,1205,0.38435,3.53553,2
3995,1203,1205,0.38435,3.53553,2
3996,979,1163,0.35902,3.53553,1
3997,979,1171,0.35902,3.53553,1
3998,1013,1195,0.41996,3.53553,2
3999,1013,1203,0.41996,3.53553,2
4000,1163,1172,0.35902,3.53553,1
4001,1171,1172,0.35902,3.53553,1
4002,1195,1206,0.41996,3.53553,2
4003,1203,1206,0.41996,3.53553,2
4004,1171,1207,0.38435,2.50000,2
4005,1207,1203,0.38435,2.50000,2
4006,1012,1207,0.38435,2.50000,2
4007,1207,1205,0.38435,2.50000,2
4008,1018,1208,0.42928,2.50000,4
4009,1208,1209,0.42928,2.50000,4
4010,1176,1210,0.37638,2.50000,4
4011,1210,1209,0.37638,2.50000,4
4012,1204,1211,0.42127,2.50000,4
4013,1211,1209,0.42127,2.50000,4
4014,983,1212,0.40140,3.53553,2
4015,1018,1212,0.40140,3.53553,2
4016,1212,1176,0.40140,3.53553,2
4017,1212,1209,0.40140,3.53553,2
4018,977,1213,0.40811,3.53553,1
4019,983,1213,0.40811,3.53553,1
4020,1011,1214,0.42285,3.53553,2
4021,1018,1214,0.42285,3.53553,2
4022,1213,1170,0.40811,3.53553,1
4023,1213,1176,0.40811,3.53553,1
4024,1214,1204,0.42285,3.53553,2
4025,1214,1209,0.42285,3.53553,2
4026,1019,1175,0.40140,3.53553,2
4027,1019,1208,0.40140,3.53553,2
4028,1175,1210,0.40140,3.53553,2
4029,1208,1210,0.40140,3.53553,2
4030,1175,1212,0.40811,2.50000,1
4031,1212,1208,0.40811,2.50000,1
4032,1019,1212,0.40811,2.50000,1
4033,1212,1210,0.40811,2.50000,1
4034,1025,1215,0.44945,2.50000,4
4035,1215,1216,0.44945,2.50000,4
4036,1209,1217,0.42407,2.50000,4
4037,1217,1216,0.42407,2.50000,4
4038,1182,1218,0.42407,2.50000,4
4039,1218,1216,0.42407,2.50000,4
4040,983,1219,0.39458,3.53553,1
4041,1018,1220,0.43562,3.53553,2
4042,989,1219,0.39458,3.53553,1
4043,1025,1220,0.43562,3.53553,2
4044,1219,1176,0.39458,3.53553,1
4045,1220,1209,0.43562,3.53553,2
4046,1219,1182,0.39458,3.53553,1
4047,1220,1216,0.43562,3.53553,2
4048,989,1221,0.43562,3.53553,2
4049,1025,1221,0.43562,3.53553,2
4050,1221,1182,0.43562,3.53553,2
4051,1221,1216,0.43562,3.53553,2
4052,991,1175,0.39458,3.53553,1
4053,1027,1208,0.43562,3.53553,2
4054,991,1183,0.39458,3.53553,1
4055,1027,1215,0.43562,3.53553,2
4056,1175,1184,0.39458,3.53553,1
4057,1208,1217,0.43562,3.53553,2
4058,1183,1184,0.39458,3.53553,1
4059,1215,1217,0.43562,3.53553,2
4060,1026,1183,0.43562,3.53553,2
4061,1026,1215,0.43562,3.53553,2
4062,1183,1218,0.43562,3.53553,2
4063,1215,1218,0.43562,3.53553,2
4064,991,1219,0.39458,2.50000,1
4065,1027,1220,0.43562,2.50000,2
4066,1219,1184,0.39458,2.50000,1
4067,1220,1217,0.43562,2.50000,2
4068,1032,1222,0.46286,2.50000,2
4069,1222,1223,0.46286,2.50000,2
4070,1188,1224,0.47311,2.50000,2
4071,1224,1223,0.47311,2.50000,2
4072,1216,1225,0.46801,2.50000,4
4073,1225,1223,0.46801,2.50000,4
4074,995,1226,0.47311,3.53553,1
4075,1032,1226,0.47311,3.53553,1
4076,1226,1188,0.47311,3.53553,1
4077,1226,1223,0.47311,3.53553,1
4078,1033,1189,0.47311,3.53553,1
4079,1033,1222,0.47311,3.53553,1
4080,1189,1224,0.47311,3.53553,1
4081,1222,1224,0.47311,3.53553,1
4082,1183,1221,0.47311,2.50000,1
4083,1189,1226,0.47311,2.50000,1
4084,1221,1215,0.47311,2.50000,1
4085,1226,1222,0.47311,2.50000,1
4086,1026,1221,0.47311,2.50000,1
4087,1033,1226,0.47311,2.50000,1
4088,1221,1218,0.47311,2.50000,1
4089,1226,1224,0.47311,2.50000,1
4090,1039,1227,0.45237,2.50000,1
4091,1040,1228,0.46286,2.50000,2
4092,1227,1229,0.45237,2.50000,1
4093,1228,1230,0.46286,2.50000,2
4094,1229,1231,0.45237,2.50000,2
4095,1231,1230,0.45237,2.50000,2
4096,1196,1232,0.45237,2.50000,2
4097,1232,1229,0.45237,2.50000,2
4098,1197,1233,0.46286,2.50000,4
4099,1233,1230,0.46286,2.50000,4
4100,1002,1234,0.45237,3.53553,1
4101,1039,1235,0.45237,3.53553,1
4102,1003,1234,0.45237,3.53553,1
4103,1040,1235,0.45237,3.53553,1
4104,1234,1196,0.45237,3.53553,1
4105,1235,1229,0.45237,3.53553,1
4106,1234,1197,0.45237,3.53553,1
4107,1235,1230,0.45237,3.53553,1
4108,1006,1194,0.45237,3.53553,1
4109,1043,1227,0.45237,3.53553,1
4110,1006,1195,0.45237,3.53553,1
4111,1043,1228,0.45237,3.53553,1
4112,1194,1200,0.45237,3.53553,1
4113,1227,1231,0.45237,3.53553,1
4114,1195,1200,0.45237,3.53553,1
4115,1228,1231,0.45237,3.53553,1
4116,1194,1234,0.45237,2.50000,1
4117,1227,1235,0.45237,2.50000,1
4118,1234,1195,0.45237,2.50000,1
4119,1235,1228,0.45237,2.50000,1
4120,1006,1234,0.45237,2.50000,1
4121,1043,1235,0.45237,2.50000,1
4122,1234,1200,0.45237,2.50000,1
4123,1235,1231,0.45237,2.50000,1
4124,1041,1236,0.45237,2.50000,1
4125,1042,1237,0.45237,2.50000,1
4126,1236,1232,0.45237,2.50000,1
4127,1237,1233,0.45237,2.50000,1
4128,1048,1238,0.45546,2.50000,2
4129,1238,1239,0.45546,2.50000,2
4130,1230,1240,0.47311,2.50000,2
4131,1240,1239,0.47311,2.50000,2
4132,1204,1241,0.46437,2.50000,4
4133,1241,1239,0.46437,2.50000,4
4134,1003,1242,0.47311,3.53553,1
4135,1040,1243,0.47311,3.53553,1
4136,1011,1242,0.47311,3.53553,1
4137,1048,1243,0.47311,3.53553,1
4138,1242,1197,0.47311,3.53553,1
4139,1243,1230,0.47311,3.53553,1
4140,1242,1204,0.47311,3.53553,1
4141,1243,1239,0.47311,3.53553,1
4142,1049,1228,0.47311,3.53553,1
4143,1049,1238,0.47311,3.53553,1
4144,1228,1240,0.47311,3.53553,1
4145,1238,1240,0.47311,3.53553,1
4146,1195,1242,0.47311,2.50000,1
4147,1228,1243,0.47311,2.50000,1
4148,1242,1203,0.47311,2.50000,1
4149,1243,1238,0.47311,2.50000,1
4150,1013,1242,0.47311,2.50000,1
4151,1049,1243,0.47311,2.50000,1
4152,1242,1206,0.47311,2.50000,1
4153,1243,1240,0.47311,2.50000,1
4154,1239,1244,0.45546,2.50000,2
4155,1244,1245,0.45546,2.50000,2
4156,1053,1246,0.45546,2.50000,2
4157,1246,1245,0.45546,2.50000,2
4158,1209,1247,0.46437,2.50000,4
4159,1247,1245,0.46437,2.50000,4
4160,1048,1248,0.43710,3.53553,1
4161,1248,1239,0.43710,3.53553,1
4162,1053,1248,0.43710,3.53553,1
4163,1248,1245,0.43710,3.53553,1
4164,1020,1203,0.43710,3.53553,1
4165,1054,1238,0.43710,3.53553,1
4166,1203,1211,0.43710,3.53553,1
4167,1238,1244,0.43710,3.53553,1
4168,1020,1208,0.43710,3.53553,1
4169,1054,1246,0.43710,3.53553,1
4170,1208,1211,0.43710,3.53553,1
4171,1246,1244,0.43710,3.53553,1
4172,1020,1214,0.43710,2.50000,1
4173,1054,1248,0.43710,2.50000,1
4174,1214,1211,0.43710,2.50000,1
4175,1248,1244,0.43710,2.50000,1
4176,1050,1249,0.43710,3.53553,1
4177,1249,1241,0.43710,3.53553,1
4178,1055,1249,0.43710,3.53553,1
4179,1249,1247,0.43710,3.53553,1
4180,1058,1250,0.46286,2.50000,2
4181,1250,1251,0.46286,2.50000,2
4182,1245,1252,0.47311,2.50000,2
4183,1252,1251,0.47311,2.50000,2
4184,1216,1253,0.46801,2.50000,4
4185,1253,1251,0.46801,2.50000,4
4186,1053,1254,0.47311,3.53553,1
4187,1058,1254,0.47311,3.53553,1
4188,1254,1245,0.47311,3.53553,1
4189,1254,1251,0.47311,3.53553,1
4190,1059,1246,0.47311,3.53553,1
4191,1059,1250,0.47311,3.53553,1
4192,1246,1252,0.47311,3.53553,1
4193,1250,1252,0.47311,3.53553,1
4194,1208,1220,0.47311,2.50000,1
4195,1246,1254,0.47311,2.50000,1
4196,1220,1215,0.47311,2.50000,1
4197,1254,1250,0.47311,2.50000,1
4198,1059,1254,0.47311,2.50000,1
4199,1254,1252,0.47311,2.50000,1
4200,1065,1255,0.45237,2.50000,1
4201,1255,1256,0.45237,2.50000,1
4202,1223,1257,0.46286,2.50000,2
4203,1257,1256,0.46286,2.50000,2
4204,1251,1258,0.46286,2.50000,2
4205,1258,1256,0.46286,2.50000,2
4206,1025,1259,0.45237,3.53553,1
4207,1032,1260,0.45237,3.53553,1
4208,1058,1259,0.45237,3.53553,1
4209,1065,1260,0.45237,3.53553,1
4210,1259,1216,0.45237,3.53553,1
4211,1260,1223,0.45237,3.53553,1
4212,1259,1251,0.45237,3.53553,1
4213,1260,1256,0.45237,3.53553,1
4214,1060,1215,0.45237,3.53553,1
4215,1066,1222,0.45237,3.53553,1
4216,1060,1250,0.45237,3.53553,1
4217,1066,1255,0.45237,3.53553,1
4218,1215,1253,0.45237,3.53553,1
4219,1222,1257,0.45237,3.53553,1
4220,1250,1253,0.45237,3.53553,1
4221,1255,1257,0.45237,3.53553,1
4222,1215,1259,0.45237,2.50000,1
4223,1222,1260,0.45237,2.50000,1
4224,1259,1250,0.45237,2.50000,1
4225,1260,1255,0.45237,2.50000,1
4226,1060,1259,0.45237,2.50000,1
4227,1066,1260,0.45237,2.50000,1
4228,1259,1253,0.45237,2.50000,1
4229,1260,1257,0.45237,2.50000,1
4230,1034,1261,0.45237,2.50000,1
4231,1067,1262,0.45237,2.50000,1
4232,1261,1225,0.45237,2.50000,1
4233,1262,1258,0.45237,2.50000,1
4234,1074,1263,0.47311,2.50000,1
4235,1076,1264,0.47311,2.50000,2
4236,1075,1265,0.47311,2.50000,2
4237,1077,1266,0.44309,2.50000,4
4238,1263,1267,0.47311,2.50000,1
4239,1264,1268,0.47311,2.50000,2
4240,1265,1269,0.47311,2.50000,2
4241,1266,1270,0.44309,2.50000,4
4242,1267,1271,0.51408,2.50000,2
4243,1268,1272,0.48199,2.50000,4
4244,1271,1269,0.51408,2.50000,2
4245,1272,1270,0.48199,2.50000,4
4246,1267,1273,0.51408,2.50000,2
4247,1273,1268,0.51408,2.50000,2
4248,1269,1274,0.48914,2.50000,4
4249,1274,1270,0.48914,2.50000,4
4250,1074,1275,0.47311,3.53553,1
4251,1076,1276,0.47311,3.53553,1
4252,1075,1275,0.47311,3.53553,1
4253,1077,1276,0.47311,3.53553,1
4254,1275,1267,0.47311,3.53553,1
4255,1276,1268,0.47311,3.53553,1
4256,1275,1269,0.47311,3.53553,1
4257,1276,1270,0.47311,3.53553,1
4258,1080,1263,0.47311,3.53553,1
4259,1081,1264,0.47311,3.53553,1
4260,1080,1265,0.47311,3.53553,1
4261,1081,1266,0.47311,3.53553,1
4262,1263,1271,0.47311,3.53553,1
4263,1264,1272,0.47311,3.53553,1
4264,1265,1271,0.47311,3.53553,1
4265,1266,1272,0.47311,3.53553,1
4266,1263,1275,0.47311,2.50000,1
4267,1264,1276,0.47311,2.50000,1
4268,1275,1265,0.47311,2.50000,1
4269,1276,1266,0.47311,2.50000,1
4270,1080,1275,0.47311,2.50000,1
4271,1081,1276,0.47311,2.50000,1
4272,1275,1271,0.47311,2.50000,1
4273,1276,1272,0.47311,2.50000,1
4274,1088,1277,0.47311,2.50000,2
4275,1089,1278,0.41565,2.50000,4
4276,1277,1279,0.47311,2.50000,2
4277,1278,1280,0.41565,2.50000,4
4278,1269,1281,0.46286,2.50000,2
4279,1270,1282,0.38914,2.50000,4
4280,1281,1279,0.46286,2.50000,2
4281,1282,1280,0.38914,2.50000,4
4282,1279,1283,0.46209,2.50000,4
4283,1283,1280,0.46209,2.50000,4
4284,1075,1284,0.47311,3.53553,1
4285,1077,1285,0.41089,3.53553,2
4286,1088,1284,0.47311,3.53553,1
4287,1089,1285,0.41089,3.53553,2
4288,1284,1269,0.47311,3.53553,1
4289,1285,1270,0.41089,3.53553,2
4290,1284,1279,0.47311,3.53553,1
4291,1285,1280,0.41089,3.53553,2
4292,1090,1265,0.47311,3.53553,1
4293,1091,1266,0.41089,3.53553,2
4294,1090,1277,0.47311,3.53553,1
4295,1091,1278,0.41089,3.53553,2
4296,1265,1281,0.47311,3.53553,1
4297,1266,1282,0.41089,3.53553,2
4298,1277,1281,0.47311,3.53553,1
4299,1278,1282,0.41089,3.53553,2
4300,1265,1284,0.47311,2.50000,1
4301,1266,1285,0.47311,2.50000,1
4302,1284,1277,0.47311,2.50000,1
4303,1285,1278,0.47311,2.50000,1
4304,1090,1284,0.47311,2.50000,1
4305,1091,1285,0.47311,2.50000,1
4306,1284,1281,0.47311,2.50000,1
4307,1285,1282,0.47311,2.50000,1
4308,1097,1286,0.47311,2.50000,2
4309,1098,1287,0.41802,2.50000,4
4310,1286,1288,0.47311,2.50000,2
4311,1287,1289,0.41802,2.50000,4
4312,1279,1290,0.46133,2.50000,2
4313,1280,1291,0.40663,2.50000,4
4314,1290,1288,0.46133,2.50000,2
4315,1291,1289,0.40663,2.50000,4
4316,1288,1292,0.46209,2.50000,4
4317,1292,1289,0.46209,2.50000,4
4318,1088,1293,0.47311,3.53553,1
4319,1089,1294,0.47311,3.53553,1
4320,1097,1293,0.47311,3.53553,1
4321,1098,1294,0.47311,3.53553,1
4322,1293,1279,0.47311,3.53553,1
4323,1294,1280,0.47311,3.53553,1
4324,1293,1288,0.47311,3.53553,1
4325,1294,1289,0.47311,3.53553,1
4326,1095,1277,0.47311,3.53553,1
4327,1096,1278,0.42037,3.53553,2
4328,1095,1286,0.47311,3.53553,1
4329,1096,1287,0.42037,3.53553,2
4330,1277,1290,0.47311,3.53553,1
4331,1278,1291,0.42037,3.53553,2
4332,1286,1290,0.47311,3.53553,1
4333,1287,1291,0.42037,3.53553,2
4334,1277,1293,0.47311,2.50000,1
4335,1278,1294,0.47311,2.50000,1
4336,1293,1286,0.47311,2.50000,1
4337,1294,1287,0.47311,2.50000,1
4338,1095,1293,0.47311,2.50000,1
4339,1096,1294,0.47311,2.50000,1
4340,1293,1290,0.47311,2.50000,1
4341,1294,1291,0.47311,2.50000,1
4342,1107,1295,0.46286,2.50000,2
4343,1108,1296,0.43440,2.50000,4
4344,1295,1297,0.46286,2.50000,2
4345,1296,1298,0.43440,2.50000,4
4346,1288,1299,0.46286,2.50000,2
4347,1289,1300,0.39260,2.50000,4
4348,1299,1297,0.46286,2.50000,2
4349,1300,1298,0.39260,2.50000,4
4350,1297,1301,0.45000,2.50000,4
4351,1301,1298,0.45000,2.50000,4
4352,1097,1302,0.47311,3.53553,1
4353,1098,1303,0.41565,3.53553,2
4354,1107,1302,0.47311,3.53553,1
4355,1108,1303,0.41565,3.53553,2
4356,1302,1288,0.47311,3.53553,1
4357,1303,1289,0.41565,3.53553,2
4358,1302,1297,0.47311,3.53553,1
4359,1303,1298,0.41565,3.53553,2
4360,1109,1286,0.47311,3.53553,1
4361,1110,1287,0.41565,3.53553,2
4362,1109,1295,0.47311,3.53553,1
4363,1110,1296,0.41565,3.53553,2
4364,1286,1299,0.47311,3.53553,1
4365,1287,1300,0.41565,3.53553,2
4366,1295,1299,0.47311,3.53553,1
4367,1296,1300,0.41565,3.53553,2
4368,1286,1302,0.47311,2.50000,1
4369,1287,1303,0.47311,2.50000,1
4370,1302,1295,0.47311,2.50000,1
4371,1303,1296,0.47311,2.50000,1
4372,1109,1302,0.47311,2.50000,1
4373,1110,1303,0.41565,2.50000,2
4374,1302,1299,0.47311,2.50000,1
4375,1303,1300,0.41565,2.50000,2
4376,1116,1304,0.45237,2.50000,1
4377,1117,1305,0.45237,2.50000,2
4378,1304,1306,0.45237,2.50000,1
4379,1305,1307,0.45237,2.50000,2
4380,1297,1308,0.43676,2.50000,2
4381,1298,1309,0.43676,2.50000,4
4382,1308,1306,0.43676,2.50000,2
4383,1309,1307,0.43676,2.50000,4
4384,1306,1310,0.43676,2.50000,2
4385,1310,1307,0.43676,2.50000,2
4386,1107,1311,0.45237,3.53553,1
4387,1108,1312,0.45237,3.53553,1
4388,1116,1311,0.45237,3.53553,1
4389,1117,1312,0.45237,3.53553,1
4390,1311,1297,0.45237,3.53553,1
4391,1312,1298,0.45237,3.53553,1
4392,1311,1306,0.45237,3.53553,1
4393,1312,1307,0.45237,3.53553,1
4394,1118,1295,0.45237,3.53553,1
4395,1119,1296,0.45237,3.53553,1
4396,1118,1304,0.45237,3.53553,1
4397,1119,1305,0.45237,3.53553,1
4398,1295,1308,0.45237,3.53553,1
4399,1296,1309,0.45237,3.53553,1
4400,1304,1308,0.45237,3.53553,1
4401,1305,1309,0.45237,3.53553,1
4402,1295,1311,0.45237,2.50000,1
4403,1296,1312,0.45237,2.50000,1
4404,1311,1304,0.45237,2.50000,1
4405,1312,1305,0.45237,2.50000,1
4406,1118,1311,0.45237,2.50000,1
4407,1119,1312,0.45237,2.50000,2
4408,1311,1308,0.45237,2.50000,1
4409,1312,1309,0.45237,2.50000,2
4410,1111,1313,0.45237,2.50000,1
4411,1120,1314,0.45237,2.50000,1
4412,1313,1301,0.45237,2.50000,1
4413,1314,1310,0.45237,2.50000,1
4414,1127,1315,0.47311,2.50000,2
4415,1128,1316,0.39752,2.50000,4
4416,1315,1317,0.47311,2.50000,2
4417,1316,1318,0.39752,2.50000,4
4418,1268,1319,0.44762,2.50000,2
4419,1270,1320,0.38013,2.50000,4
4420,1319,1317,0.44762,2.50000,2
4421,1320,1318,0.38013,2.50000,4
4422,1317,1321,0.45530,2.50000,4
4423,1321,1318,0.45530,2.50000,4
4424,1076,1322,0.47311,3.53553,1
4425,1077,1323,0.41089,3.53553,2
4426,1127,1322,0.47311,3.53553,1
4427,1128,1323,0.41089,3.53553,2
4428,1322,1268,0.47311,3.53553,1
4429,1323,1270,0.41089,3.53553,2
4430,1322,1317,0.47311,3.53553,1
4431,1323,1318,0.41089,3.53553,2
4432,1129,1264,0.47311,3.53553,1
4433,1130,1266,0.41089,3.53553,2
4434,1129,1315,0.47311,3.53553,1
4435,1130,1316,0.41089,3.53553,2
4436,1264,1319,0.47311,3.53553,1
4437,1266,1320,0.41089,3.53553,2
4438,1315,1319,0.47311,3.53553,1
4439,1316,1320,0.41089,3.53553,2
4440,1264,1322,0.47311,2.50000,1
4441,1266,1323,0.47311,2.50000,1
4442,1322,1315,0.47311,2.50000,1
4443,1323,1316,0.47311,2.50000,1
4444,1129,1322,0.47311,2.50000,1
4445,1130,1323,0.41089,2.50000,2
4446,1322,1319,0.47311,2.50000,1
4447,1323,1320,0.41089,2.50000,2
4448,1136,1324,0.32430,2.50000,4
4449,1324,1325,0.32430,2.50000,4
4450,1280,1326,0.32132,2.50000,4
4451,1326,1325,0.32132,2.50000,4
4452,1318,1327,0.27869,2.50000,4
4453,1327,1325,0.27869,2.50000,4
4454,1089,1328,0.34885,3.53553,2
4455,1136,1328,0.34885,3.53553,2
4456,1328,1280,0.34885,3.53553,2
4457,1328,1325,0.34885,3.53553,2
4458,1128,1329,0.30366,3.53553,2
4459,1136,1329,0.30366,3.53553,2
4460,1329,1318,0.30366,3.53553,2
4461,1329,1325,0.30366,3.53553,2
4462,1138,1278,0.34885,3.53553,2
4463,1138,1324,0.34885,3.53553,2
4464,1278,1326,0.34885,3.53553,2
4465,1324,1326,0.34885,3.53553,2
4466,1137,1316,0.30366,3.53553,2
4467,1137,1324,0.30366,3.53553,2
4468,1316,1327,0.30366,3.53553,2
4469,1324,1327,0.30366,3.53553,2
4470,1138,1328,0.33737,2.50000,1
4471,1328,1326,0.33737,2.50000,1
4472,1142,1330,0.32422,2.50000,4
4473,1330,1331,0.32422,2.50000,4
4474,1289,1332,0.32550,2.50000,4
4475,1332,1331,0.32550,2.50000,4
4476,1325,1333,0.32666,2.50000,4
4477,1333,1331,0.32666,2.50000,4
4478,1098,1334,0.35997,3.53553,1
4479,1142,1334,0.35997,3.53553,1
4480,1334,1289,0.35997,3.53553,1
4481,1334,1331,0.35997,3.53553,1
4482,1143,1287,0.35445,3.53553,2
4483,1143,1330,0.35445,3.53553,2
4484,1287,1332,0.35445,3.53553,2
4485,1330,1332,0.35445,3.53553,2
4486,1144,1324,0.34371,3.53553,2
4487,1144,1330,0.34371,3.53553,2
4488,1324,1333,0.34371,3.53553,2
4489,1330,1333,0.34371,3.53553,2
4490,1148,1335,0.39137,2.50000,4
4491,1335,1336,0.39137,2.50000,4
4492,1331,1337,0.27976,2.50000,4
4493,1337,1336,0.27976,2.50000,4
4494,1298,1338,0.37735,2.50000,4
4495,1338,1336,0.37735,2.50000,4
4496,1142,1339,0.34886,3.53553,1
4497,1148,1339,0.34886,3.53553,1
4498,1339,1331,0.34886,3.53553,1
4499,1339,1336,0.34886,3.53553,1
4500,1150,1330,0.34886,3.53553,1
4501,1150,1335,0.34886,3.53553,1
4502,1330,1337,0.34886,3.53553,1
4503,1335,1337,0.34886,3.53553,1
4504,1149,1296,0.40394,3.53553,2
4505,1149,1335,0.40394,3.53553,2
4506,1296,1338,0.40394,3.53553,2
4507,1335,1338,0.40394,3.53553,2
4508,1150,1339,0.34886,2.50000,1
4509,1339,1337,0.34886,2.50000,1
4510,1143,1334,0.34886,2.50000,1
4511,1149,1340,0.40394,2.50000,2
4512,1334,1332,0.34886,2.50000,1
4513,1340,1338,0.40394,2.50000,2
4514,1154,1341,0.46286,2.50000,2
4515,1341,1342,0.46286,2.50000,2
4516,1307,1343,0.43676,2.50000,2
4517,1343,1342,0.43676,2.50000,2
4518,1336,1344,0.45530,2.50000,4
4519,1344,1342,0.45530,2.50000,4
4520,1108,1340,0.45237,3.53553,1
4521,1117,1345,0.45237,3.53553,1
4522,1148,1340,0.45237,3.53553,1
4523,1154,1345,0.45237,3.53553,1
4524,1340,1298,0.45237,3.53553,1
4525,1345,1307,0.45237,3.53553,1
4526,1340,1336,0.45237,3.53553,1
4527,1345,1342,0.45237,3.53553,1
4528,1155,1305,0.45237,3.53553,1
4529,1155,1341,0.45237,3.53553,1
4530,1305,1343,0.45237,3.53553,1
4531,1341,1343,0.45237,3.53553,1
4532,1296,1340,0.45237,2.50000,1
4533,1305,1345,0.45237,2.50000,1
4534,1340,1335,0.45237,2.50000,1
4535,1345,1341,0.45237,2.50000,1
4536,1155,1345,0.45237,2.50000,1
4537,1345,1343,0.45237,2.50000,1
4538,1156,1346,0.45237,2.50000,1
4539,1346,1344,0.45237,2.50000,1
4540,1160,1347,0.47311,2.50000,2
4541,1161,1348,0.39542,2.50000,4
4542,1347,1349,0.47311,2.50000,2
4543,1348,1350,0.39542,2.50000,4
4544,1317,1351,0.46286,2.50000,2
4545,1318,1352,0.37479,2.50000,4
4546,1351,1349,0.46286,2.50000,2
4547,1352,1350,0.37479,2.50000,4
4548,1349,1353,0.45530,2.50000,4
4549,1353,1350,0.45530,2.50000,4
4550,1127,1354,0.47311,3.53553,1
4551,1128,1355,0.38369,3.53553,2
4552,1160,1354,0.47311,3.53553,1
4553,1161,1355,0.38369,3.53553,2
4554,1354,1317,0.47311,3.53553,1
4555,1355,1318,0.38369,3.53553,2
4556,1354,1349,0.47311,3.53553,1
4557,1355,1350,0.38369,3.53553,2
4558,1158,1315,0.47311,3.53553,1
4559,1159,1316,0.38369,3.53553,2
4560,1158,1347,0.47311,3.53553,1
4561,1159,1348,0.38369,3.53553,2
4562,1315,1351,0.47311,3.53553,1
4563,1316,1352,0.38369,3.53553,2
4564,1347,1351,0.47311,3.53553,1
4565,1348,1352,0.38369,3.53553,2
4566,1315,1354,0.47311,2.50000,1
4567,1316,1355,0.47311,2.50000,1
4568,1354,1347,0.47311,2.50000,1
4569,1355,1348,0.47311,2.50000,1
4570,1158,1354,0.47311,2.50000,1
4571,1159,1355,0.47311,2.50000,1
4572,1354,1351,0.47311,2.50000,1
4573,1355,1352,0.47311,2.50000,1
4574,1170,1356,0.32129,2.50000,4
4575,1356,1357,0.32129,2.50000,4
4576,1325,1358,0.28482,2.50000,4
4577,1358,1357,0.28482,2.50000,4
4578,1350,1359,0.28417,2.50000,4
4579,1359,1357,0.28417,2.50000,4
4580,1136,1360,0.29774,3.53553,2
4581,1170,1360,0.29774,3.53553,2
4582,1360,1325,0.29774,3.53553,2
4583,1360,1357,0.29774,3.53553,2
4584,1161,1361,0.29812,3.53553,2
4585,1170,1361,0.29812,3.53553,2
4586,1361,1350,0.29812,3.53553,2
4587,1361,1357,0.29812,3.53553,2
4588,1169,1324,0.29774,3.53553,2
4589,1169,1356,0.29774,3.53553,2
4590,1324,1358,0.29774,3.53553,2
4591,1356,1358,0.29774,3.53553,2
4592,1172,1348,0.29812,3.53553,2
4593,1172,1356,0.29812,3.53553,2
4594,1348,1359,0.29812,3.53553,2
4595,1356,1359,0.29812,3.53553,2
4596,1176,1362,0.32156,2.50000,4
4597,1362,1363,0.32156,2.50000,4
4598,1357,1364,0.32407,2.50000,4
4599,1364,1363,0.32407,2.50000,4
4600,1331,1365,0.28111,2.50000,4
4601,1365,1363,0.28111,2.50000,4
4602,1136,1366,0.32665,3.53553,1
4603,1170,1367,0.32665,3.53553,1
4604,1142,1366,0.32665,3.53553,1
4605,1176,1367,0.32665,3.53553,1
4606,1366,1325,0.32665,3.53553,1
4607,1367,1357,0.32665,3.53553,1
4608,1366,1331,0.32665,3.53553,1
4609,1367,1363,0.32665,3.53553,1
4610,1142,1368,0.32665,3.53553,1
4611,1176,1368,0.32665,3.53553,1
4612,1368,1331,0.32665,3.53553,1
4613,1368,1363,0.32665,3.53553,1
4614,1178,1356,0.34289,3.53553,2
4615,1178,1362,0.34289,3.53553,2
4616,1356,1364,0.34289,3.53553,2
4617,1362,1364,0.34289,3.53553,2
4618,1177,1330,0.32665,3.53553,1
4619,1177,1362,0.32665,3.53553,1
4620,1330,1365,0.32665,3.53553,1
4621,1362,1365,0.32665,3.53553,1
4622,1144,1369,0.32665,3.53553,1
4623,1178,1369,0.32665,3.53553,1
4624,1369,1333,0.32665,3.53553,1
4625,1369,1364,0.32665,3.53553,1
4626,1336,1370,0.37838,2.50000,4
4627,1370,1371,0.37838,2.50000,4
4628,1182,1372,0.39565,2.50000,4
4629,1372,1371,0.39565,2.50000,4
4630,1363,1373,0.27544,2.50000,4
4631,1373,1371,0.27544,2.50000,4
4632,1142,1374,0.25000,4.33013,1
4633,1148,1374,0.25000,4.33013,1
4634,1374,1331,0.25000,4.33013,1
4635,1374,1336,0.25000,4.33013,1
4636,1176,1374,0.25000,4.33013,1
4637,1182,1374,0.25000,4.33013,1
4638,1374,1363,0.25000,4.33013,1
4639,1374,1371,0.25000,4.33013,1
4640,1177,1339,0.25000,4.33013,1
4641,1181,1339,0.25000,4.33013,1
4642,1339,1365,0.25000,4.33013,1
4643,1339,1370,0.25000,4.33013,1
4644,1177,1375,0.25000,4.33013,1
4645,1181,1375,0.25000,4.33013,1
4646,1375,1365,0.25000,4.33013,1
4647,1375,1370,0.25000,4.33013,1
4648,1188,1376,0.47311,2.50000,2
4649,1376,1377,0.47311,2.50000,2
4650,1342,1378,0.47311,2.50000,2
4651,1378,1377,0.47311,2.50000,2
4652,1371,1379,0.46054,2.50000,4
4653,1379,1377,0.46054,2.50000,4
4654,1148,1380,0.47311,3.53553,1
4655,1154,1381,0.47311,3.53553,1
4656,1182,1380,0.47311,3.53553,1
4657,1188,1381,0.47311,3.53553,1
4658,1380,1336,0.47311,3.53553,1
4659,1381,1342,0.47311,3.53553,1
4660,1380,1371,0.47311,3.53553,1
4661,1381,1377,0.47311,3.53553,1
4662,1181,1335,0.47311,3.53553,1
4663,1187,1341,0.47311,3.53553,1
4664,1181,1372,0.47311,3.53553,1
4665,1187,1376,0.47311,3.53553,1
4666,1335,1370,0.47311,3.53553,1
4667,1341,1378,0.47311,3.53553,1
4668,1372,1370,0.47311,3.53553,1
4669,1376,1378,0.47311,3.53553,1
4670,1335,1380,0.47311,2.50000,1
4671,1341,1381,0.47311,2.50000,1
4672,1380,1372,0.47311,2.50000,1
4673,1381,1376,0.47311,2.50000,1
4674,1181,1380,0.47311,2.50000,1
4675,1187,1381,0.47311,2.50000,1
4676,1380,1370,0.47311,2.50000,1
4677,1381,1378,0.47311,2.50000,1
4678,1196,1382,0.46286,2.50000,2
4679,1197,1383,0.43574,2.50000,4
4680,1382,1384,0.46286,2.50000,2
4681,1383,1385,0.43574,2.50000,4
4682,1349,1386,0.44762,2.50000,2
4683,1350,1387,0.38417,2.50000,4
4684,1386,1384,0.44762,2.50000,2
4685,1387,1385,0.38417,2.50000,4
4686,1384,1388,0.44223,2.50000,4
4687,1388,1385,0.44223,2.50000,4
4688,1160,1389,0.47311,3.53553,1
4689,1161,1390,0.40681,3.53553,2
4690,1196,1389,0.47311,3.53553,1
4691,1197,1390,0.40681,3.53553,2
4692,1389,1349,0.47311,3.53553,1
4693,1390,1350,0.40681,3.53553,2
4694,1389,1384,0.47311,3.53553,1
4695,1390,1385,0.40681,3.53553,2
4696,1198,1347,0.47311,3.53553,1
4697,1199,1348,0.40681,3.53553,2
4698,1198,1382,0.47311,3.53553,1
4699,1199,1383,0.40681,3.53553,2
4700,1347,1386,0.47311,3.53553,1
4701,1348,1387,0.40681,3.53553,2
4702,1382,1386,0.47311,3.53553,1
4703,1383,1387,0.40681,3.53553,2
4704,1347,1389,0.47311,2.50000,1
4705,1348,1390,0.47311,2.50000,1
4706,1389,1382,0.47311,2.50000,1
4707,1390,1383,0.47311,2.50000,1
4708,1198,1389,0.47311,2.50000,1
4709,1199,1390,0.47311,2.50000,1
4710,1389,1386,0.47311,2.50000,1
4711,1390,1387,0.47311,2.50000,1
4712,1204,1391,0.41330,2.50000,4
4713,1391,1392,0.41330,2.50000,4
4714,1385,1393,0.39309,2.50000,4
4715,1393,1392,0.39309,2.50000,4
4716,1357,1394,0.32350,2.50000,4
4717,1394,1392,0.32350,2.50000,4
4718,1197,1395,0.40681,3.53553,2
4719,1204,1395,0.40681,3.53553,2
4720,1395,1385,0.40681,3.53553,2
4721,1395,1392,0.40681,3.53553,2
4722,1170,1396,0.34322,3.53553,2
4723,1204,1396,0.34322,3.53553,2
4724,1396,1357,0.34322,3.53553,2
4725,1396,1392,0.34322,3.53553,2
4726,1206,1383,0.40681,3.53553,2
4727,1206,1391,0.40681,3.53553,2
4728,1383,1393,0.40681,3.53553,2
4729,1391,1393,0.40681,3.53553,2
4730,1205,1356,0.34322,3.53553,2
4731,1205,1391,0.34322,3.53553,2
4732,1356,1394,0.34322,3.53553,2
4733,1391,1394,0.34322,3.53553,2
4734,1172,1361,0.32735,2.50000,1
4735,1206,1395,0.40681,2.50000,2
4736,1361,1359,0.32735,2.50000,1
4737,1395,1393,0.40681,2.50000,2
4738,1209,1397,0.41596,2.50000,4
4739,1397,1398,0.41596,2.50000,4
4740,1363,1399,0.31917,2.50000,4
4741,1399,1398,0.31917,2.50000,4
4742,1392,1400,0.40278,2.50000,4
4743,1400,1398,0.40278,2.50000,4
4744,1176,1401,0.34958,3.53553,2
4745,1209,1401,0.34958,3.53553,2
4746,1401,1363,0.34958,3.53553,2
4747,1401,1398,0.34958,3.53553,2
4748,1210,1362,0.34958,3.53553,2
4749,1210,1397,0.34958,3.53553,2
4750,1362,1399,0.34958,3.53553,2
4751,1397,1399,0.34958,3.53553,2
4752,1211,1391,0.41969,3.53553,2
4753,1211,1397,0.41969,3.53553,2
4754,1391,1400,0.41969,3.53553,2
4755,1397,1400,0.41969,3.53553,2
4756,1216,1402,0.44370,2.50000,4
4757,1402,1403,0.44370,2.50000,4
4758,1371,1404,0.38052,2.50000,4
4759,1404,1403,0.38052,2.50000,4
4760,1398,1405,0.38953,2.50000,4
4761,1405,1403,0.38953,2.50000,4
4762,1182,1406,0.41219,3.53553,2
4763,1216,1406,0.41219,3.53553,2
4764,1406,1371,0.41219,3.53553,2
4765,1406,1403,0.41219,3.53553,2
4766,1176,1375,0.34054,3.53553,1
4767,1182,1375,0.34054,3.53553,1
4768,1209,1407,0.41219,3.53553,2
4769,1216,1407,0.41219,3.53553,2
4770,1375,1363,0.34054,3.53553,1
4771,1375,1371,0.34054,3.53553,1
4772,1407,1398,0.41219,3.53553,2
4773,1407,1403,0.41219,3.53553,2
4774,1218,1372,0.41219,3.53553,2
4775,1218,1402,0.41219,3.53553,2
4776,1372,1404,0.41219,3.53553,2
4777,1402,1404,0.41219,3.53553,2
4778,1184,1362,0.34054,3.53553,1
4779,1184,1372,0.34054,3.53553,1
4780,1217,1397,0.41219,3.53553,2
4781,1217,1402,0.41219,3.53553,2
4782,1362,1373,0.34054,3.53553,1
4783,1372,1373,0.34054,3.53553,1
4784,1397,1405,0.41219,3.53553,2
4785,1402,1405,0.41219,3.53553,2
4786,1210,1401,0.34054,2.50000,1
4787,1218,1406,0.41219,2.50000,2
4788,1401,1399,0.34054,2.50000,1
4789,1406,1404,0.41219,2.50000,2
4790,1223,1408,0.47311,2.50000,2
4791,1408,1409,0.47311,2.50000,2
4792,1377,1410,0.44762,2.50000,2
4793,1410,1409,0.44762,2.50000,2
4794,1403,1411,0.44762,2.50000,4
4795,1411,1409,0.44762,2.50000,4
4796,1188,1412,0.47311,3.53553,1
4797,1223,1412,0.47311,3.53553,1
4798,1412,1377,0.47311,3.53553,1
4799,1412,1409,0.47311,3.53553,1
4800,1224,1376,0.47311,3.53553,1
4801,1224,1408,0.47311,3.53553,1
4802,1376,1410,0.47311,3.53553,1
4803,1408,1410,0.47311,3.53553,1
4804,1372,1406,0.47311,2.50000,1
4805,1376,1412,0.47311,2.50000,1
4806,1406,1402,0.47311,2.50000,1
4807,1412,1408,0.47311,2.50000,1
4808,1224,1412,0.47311,2.50000,1
4809,1412,1410,0.47311,2.50000,1
4810,1229,1413,0.45237,2.50000,1
4811,1230,1414,0.46286,2.50000,2
4812,1413,1415,0.45237,2.50000,1
4813,1414,1416,0.46286,2.50000,2
4814,1384,1417,0.43676,2.50000,2
4815,1385,1418,0.45000,2.50000,4
4816,1417,1415,0.43676,2.50000,2
4817,1418,1416,0.45000,2.50000,4
4818,1415,1419,0.43676,2.50000,2
4819,1419,1416,0.43676,2.50000,2
4820,1196,1420,0.45237,3.53553,1
4821,1197,1421,0.45237,3.53553,1
4822,1229,1420,0.45237,3.53553,1
4823,1230,1421,0.45237,3.53553,1
4824,1420,1384,0.45237,3.53553,1
4825,1421,1385,0.45237,3.53553,1
4826,1420,1415,0.45237,3.53553,1
4827,1421,1416,0.45237,3.53553,1
4828,1232,1382,0.45237,3.53553,1
4829,1233,1383,0.45237,3.53553,1
4830,1232,1413,0.45237,3.53553,1
4831,1233,1414,0.45237,3.53553,1
4832,1382,1417,0.45237,3.53553,1
4833,1383,1418,0.45237,3.53553,1
4834,1413,1417,0.45237,3.53553,1
4835,1414,1418,0.45237,3.53553,1
4836,1382,1420,0.45237,2.50000,1
4837,1383,1421,0.45237,2.50000,1
4838,1420,1413,0.45237,2.50000,1
4839,1421,1414,0.45237,2.50000,1
4840,1232,1420,0.45237,2.50000,1
4841,1233,1421,0.45237,2.50000,1
4842,1420,1417,0.45237,2.50000,1
4843,1421,1418,0.45237,2.50000,1
4844,1200,1422,0.45237,2.50000,1
4845,1231,1423,0.45237,2.50000,1
4846,1422,1388,0.45237,2.50000,1
4847,1423,1419,0.45237,2.50000,1
4848,1239,1424,0.47311,2.50000,2
4849,1424,1425,0.47311,2.50000,2
4850,1416,1426,0.46286,2.50000,2
4851,1426,1425,0.46286,2.50000,2
4852,1392,1427,0.46055,2.50000,4
4853,1427,1425,0.46055,2.50000,4
4854,1230,1428,0.47311,3.53553,1
4855,1239,1428,0.47311,3.53553,1
4856,1428,1416,0.47311,3.53553,1
4857,1428,1425,0.47311,3.53553,1
4858,1240,1414,0.47311,3.53553,1
4859,1240,1424,0.47311,3.53553,1
4860,1414,1426,0.47311,3.53553,1
4861,1424,1426,0.47311,3.53553,1
4862,1383,1395,0.47311,2.50000,1
4863,1414,1428,0.47311,2.50000,1
4864,1395,1391,0.47311,2.50000,1
4865,1428,1424,0.47311,2.50000,1
4866,1240,1428,0.47311,2.50000,1
4867,1428,1426,0.47311,2.50000,1
4868,1245,1429,0.47311,2.50000,2
4869,1429,1430,0.47311,2.50000,2
4870,1425,1431,0.45822,2.50000,2
4871,1431,1430,0.45822,2.50000,2
4872,1398,1432,0.46055,2.50000,4
4873,1432,1430,0.46055,2.50000,4
4874,1204,1433,0.47311,3.53553,1
4875,1239,1434,0.47311,3.53553,1
4876,1209,1433,0.47311,3.53553,1
4877,1245,1434,0.47311,3.53553,1
4878,1433,1392,0.47311,3.53553,1
4879,1434,1425,0.47311,3.53553,1
4880,1433,1398,0.47311,3.53553,1
4881,1434,1430,0.47311,3.53553,1
4882,1244,1424,0.47311,3.53553,1
4883,1244,1429,0.47311,3.53553,1
4884,1424,1431,0.47311,3.53553,1
4885,1429,1431,0.47311,3.53553,1
4886,1391,1433,0.47311,2.50000,1
4887,1424,1434,0.47311,2.50000,1
4888,1433,1397,0.47311,2.50000,1
4889,1434,1429,0.47311,2.50000,1
4890,1211,1433,0.47311,2.50000,1
4891,1244,1434,0.47311,2.50000,1
4892,1433,1400,0.47311,2.50000,1
4893,1434,1431,0.47311,2.50000,1
4894,1251,1435,0.47311,2.50000,2
4895,1435,1436,0.47311,2.50000,2
4896,1430,1437,0.46286,2.50000,2
4897,1437,1436,0.46286,2.50000,2
4898,1403,1438,0.45530,2.50000,4
4899,1438,1436,0.45530,2.50000,4
4900,1245,1439,0.47311,3.53553,1
4901,1251,1439,0.47311,3.53553,1
4902,1439,1430,0.47311,3.53553,1
4903,1439,1436,0.47311,3.53553,1
4904,1252,1429,0.47311,3.53553,1
4905,1252,1435,0.47311,3.53553,1
4906,1429,1437,0.47311,3.53553,1
4907,1435,1437,0.47311,3.53553,1
4908,1397,1407,0.47311,2.50000,1
4909,1429,1439,0.47311,2.50000,1
4910,1407,1402,0.47311,2.50000,1
4911,1439,1435,0.47311,2.50000,1
4912,1217,1407,0.47311,2.50000,1
4913,1252,1439,0.47311,2.50000,1
4914,1407,1405,0.47311,2.50000,1
4915,1439,1437,0.47311,2.50000,1
4916,1256,1440,0.47311,2.50000,1
4917,1440,1441,0.47311,2.50000,1
4918,1436,1442,0.44762,2.50000,2
4919,1442,1441,0.44762,2.50000,2
4920,1409,1443,0.44762,2.50000,2
4921,1443,1441,0.44762,2.50000,2
4922,1216,1444,0.47311,3.53553,1
4923,1251,1445,0.47311,3.53553,1
4924,1223,1444,0.47311,3.53553,1
4925,1256,1445,0.47311,3.53553,1
4926,1444,1403,0.47311,3.53553,1
4927,1445,1436,0.47311,3.53553,1
4928,1444,1409,0.47311,3.53553,1
4929,1445,1441,0.47311,3.53553,1
4930,1225,1402,0.47311,3.53553,1
4931,1258,1435,0.47311,3.53553,1
4932,1225,1408,0.47311,3.53553,1
4933,1258,1440,0.47311,3.53553,1
4934,1402,1411,0.47311,3.53553,1
4935,1435,1442,0.47311,3.53553,1
4936,1408,1411,0.47311,3.53553,1
4937,1440,1442,0.47311,3.53553,1
4938,1402,1444,0.47311,2.50000,1
4939,1435,1445,0.47311,2.50000,1
4940,1444,1408,0.47311,2.50000,1
4941,1445,1440,0.47311,2.50000,1
4942,1225,1444,0.47311,2.50000,1
4943,1258,1445,0.47311,2.50000,1
4944,1444,1411,0.47311,2.50000,1
4945,1445,1442,0.47311,2.50000,1
4946,1446,1447,0.49071,2.50000,2
4947,1448,1449,0.46966,2.50000,4
4948,1447,1450,0.49071,2.50000,2
4949,1449,1451,0.46966,2.50000,4
4950,1267,1452,0.55201,2.50000,1
4951,1268,1453,0.49071,2.50000,2
4952,1452,1446,0.55201,2.50000,1
4953,1453,1448,0.49071,2.50000,2
4954,1269,1454,0.50465,2.50000,2
4955,1270,1455,0.43292,2.50000,4
4956,1454,1450,0.50465,2.50000,2
4957,1455,1451,0.43292,2.50000,4
4958,1446,1456,0.49071,2.50000,2
4959,1456,1448,0.49071,2.50000,2
4960,1450,1457,0.46145,2.50000,4
4961,1457,1451,0.46145,2.50000,4
4962,1267,1458,0.55201,3.53553,1
4963,1268,1459,0.55201,3.53553,1
4964,1458,1446,0.55201,3.53553,1
4965,1459,1448,0.55201,3.53553,1
4966,1269,1458,0.55201,3.53553,1
4967,1270,1459,0.55201,3.53553,1
4968,1458,1450,0.55201,3.53553,1
4969,1459,1451,0.55201,3.53553,1
4970,1271,1458,0.55201,2.50000,1
4971,1272,1459,0.49071,2.50000,2
4972,1458,1447,0.55201,2.50000,1
4973,1459,1449,0.49071,2.50000,2
4974,1273,1460,0.55201,2.50000,1
4975,1460,1456,0.55201,2.50000,1
4976,1274,1461,0.50465,2.50000,2
4977,1461,1457,0.50465,2.50000,2
4978,1279,1462,0.45080,2.50000,2
4979,1280,1463,0.37949,2.50000,4
4980,1462,1464,0.45080,2.50000,2
4981,1463,1465,0.37949,2.50000,4
4982,1450,1466,0.43020,2.50000,2
4983,1451,1467,0.35460,2.50000,4
4984,1466,1464,0.43020,2.50000,2
4985,1467,1465,0.35460,2.50000,4
4986,1464,1468,0.40544,2.50000,4
4987,1468,1465,0.40544,2.50000,4
4988,1269,1469,0.45237,3.53553,1
4989,1270,1470,0.36611,3.53553,2
4990,1279,1469,0.45237,3.53553,1
4991,1280,1470,0.36611,3.53553,2
4992,1469,1450,0.45237,3.53553,1
4993,1470,1451,0.36611,3.53553,2
4994,1469,1464,0.45237,3.53553,1
4995,1470,1465,0.36611,3.53553,2
4996,1281,1454,0.45237,3.53553,1
4997,1282,1455,0.36611,3.53553,2
4998,1281,1462,0.45237,3.53553,1
4999,1282,1463,0.36611,3.53553,2
5000,1454,1466,0.45237,3.53553,1
5001,1455,1467,0.36611,3.53553,2
5002,1462,1466,0.45237,3.53553,1
5003,1463,1467,0.36611,3.53553,2
5004,1454,1469,0.45237,2.50000,1
5005,1455,1470,0.45237,2.50000,1
5006,1469,1462,0.45237,2.50000,1
5007,1470,1463,0.45237,2.50000,1
5008,1281,1469,0.45237,2.50000,1
5009,1282,1470,0.36611,2.50000,2
5010,1469,1466,0.45237,2.50000,1
5011,1470,1467,0.36611,2.50000,2
5012,1283,1471,0.45237,2.50000,1
5013,1471,1468,0.45237,2.50000,1
5014,1464,1472,0.37906,2.50000,2
5015,1465,1473,0.33765,2.50000,4
5016,1472,1474,0.37906,2.50000,2
5017,1473,1475,0.33765,2.50000,4
5018,1288,1476,0.45080,2.50000,2
5019,1289,1477,0.38045,2.50000,4
5020,1476,1474,0.45080,2.50000,2
5021,1477,1475,0.38045,2.50000,4
5022,1474,1478,0.41628,2.50000,4
5023,1478,1475,0.41628,2.50000,4
5024,1279,1479,0.44923,3.53553,1
5025,1280,1480,0.39241,3.53553,2
5026,1479,1464,0.44923,3.53553,1
5027,1480,1465,0.39241,3.53553,2
5028,1288,1479,0.44923,3.53553,1
5029,1289,1480,0.39241,3.53553,2
5030,1479,1474,0.44923,3.53553,1
5031,1480,1475,0.39241,3.53553,2
5032,1290,1462,0.44923,3.53553,1
5033,1291,1463,0.39241,3.53553,2
5034,1462,1472,0.44923,3.53553,1
5035,1463,1473,0.39241,3.53553,2
5036,1290,1476,0.44923,3.53553,1
5037,1291,1477,0.39241,3.53553,2
5038,1476,1472,0.44923,3.53553,1
5039,1477,1473,0.39241,3.53553,2
5040,1290,1479,0.44923,2.50000,1
5041,1291,1480,0.44923,2.50000,1
5042,1479,1472,0.44923,2.50000,1
5043,1480,1473,0.44923,2.50000,1
5044,1290,1481,0.44923,2.50000,1
5045,1481,1291,0.44923,2.50000,1
5046,1472,1482,0.44923,2.50000,1
5047,1482,1473,0.44923,2.50000,1
5048,1462,1479,0.44923,2.50000,1
5049,1463,1480,0.44923,2.50000,1
5050,1479,1476,0.44923,2.50000,1
5051,1480,1477,0.44923,2.50000,1
5052,1297,1483,0.43676,2.50000,2
5053,1298,1484,0.39521,2.50000,4
5054,1483,1485,0.43676,2.50000,2
5055,1484,1486,0.39521,2.50000,4
5056,1474,1487,0.45043,2.50000,2
5057,1475,1488,0.36559,2.50000,4
5058,1487,1485,0.45043,2.50000,2
5059,1488,1486,0.36559,2.50000,4
5060,1485,1489,0.43576,2.50000,4
5061,1489,1486,0.43576,2.50000,4
5062,1288,1490,0.45237,3.53553,1
5063,1289,1491,0.36810,3.53553,2
5064,1297,1490,0.45237,3.53553,1
5065,1298,1491,0.36810,3.53553,2
5066,1490,1474,0.45237,3.53553,1
5067,1491,1475,0.36810,3.53553,2
5068,1490,1485,0.45237,3.53553,1
5069,1491,1486,0.36810,3.53553,2
5070,1299,1476,0.45237,3.53553,1
5071,1300,1477,0.36810,3.53553,2
5072,1299,1483,0.45237,3.53553,1
5073,1300,1484,0.36810,3.53553,2
5074,1476,1487,0.45237,3.53553,1
5075,1477,1488,0.36810,3.53553,2
5076,1483,1487,0.45237,3.53553,1
5077,1484,1488,0.36810,3.53553,2
5078,1476,1490,0.45237,2.50000,1
5079,1477,1491,0.45237,2.50000,1
5080,1490,1483,0.45237,2.50000,1
5081,1491,1484,0.45237,2.50000,1
5082,1299,1490,0.45237,2.50000,1
5083,1300,1491,0.36810,2.50000,2
5084,1490,1487,0.45237,2.50000,1
5085,1491,1488,0.36810,2.50000,2
5086,1292,1492,0.45237,2.50000,1
5087,1301,1493,0.43676,2.50000,2
5088,1492,1478,0.45237,2.50000,1
5089,1493,1489,0.43676,2.50000,2
5090,1494,1495,0.42058,2.50000,2
5091,1495,1496,0.42058,2.50000,2
5092,1306,1497,0.42058,2.50000,1
5093,1497,1494,0.42058,2.50000,1
5094,1307,1498,0.42058,2.50000,2
5095,1498,1496,0.42058,2.50000,2
5096,1485,1499,0.42058,2.50000,2
5097,1499,1494,0.42058,2.50000,2
5098,1486,1500,0.42058,2.50000,4
5099,1500,1496,0.42058,2.50000,4
5100,1297,1493,0.42058,3.53553,1
5101,1306,1501,0.42058,3.53553,1
5102,1493,1485,0.42058,3.53553,1
5103,1501,1494,0.42058,3.53553,1
5104,1298,1493,0.42058,3.53553,1
5105,1307,1501,0.42058,3.53553,1
5106,1493,1486,0.42058,3.53553,1
5107,1501,1496,0.42058,3.53553,1
5108,1301,1483,0.42058,3.53553,1
5109,1310,1497,0.42058,3.53553,1
5110,1483,1489,0.42058,3.53553,1
5111,1497,1495,0.42058,3.53553,1
5112,1301,1484,0.42058,3.53553,1
5113,1310,1498,0.42058,3.53553,1
5114,1484,1489,0.42058,3.53553,1
5115,1498,1495,0.42058,3.53553,1
5116,1310,1501,0.42058,2.50000,1
5117,1501,1495,0.42058,2.50000,1
5118,1308,1502,0.42058,2.50000,1
5119,1502,1499,0.42058,2.50000,1
5120,1309,1503,0.42058,2.50000,2
5121,1503,1500,0.42058,2.50000,2
5122,1502,1493,0.42058,3.53553,1
5123,1502,1501,0.42058,3.53553,1
5124,1493,1503,0.42058,3.53553,1
5125,1501,1503,0.42058,3.53553,1
5126,1317,1504,0.43676,2.50000,2
5127,1318,1505,0.35629,2.50000,4
5128,1504,1506,0.43676,2.50000,2
5129,1505,1507,0.35629,2.50000,4
5130,1448,1508,0.44762,2.50000,2
5131,1451,1509,0.36522,2.50000,4
5132,1508,1506,0.44762,2.50000,2
5133,1509,1507,0.36522,2.50000,4
5134,1506,1510,0.45530,2.50000,4
5135,1510,1507,0.45530,2.50000,4
5136,1268,1511,0.42058,3.53553,1
5137,1270,1512,0.34665,3.53553,2
5138,1317,1511,0.42058,3.53553,1
5139,1318,1512,0.34665,3.53553,2
5140,1511,1448,0.42058,3.53553,1
5141,1512,1451,0.34665,3.53553,2
5142,1511,1506,0.42058,3.53553,1
5143,1512,1507,0.34665,3.53553,2
5144,1319,1453,0.42058,3.53553,1
5145,1320,1455,0.42058,3.53553,1
5146,1319,1504,0.42058,3.53553,1
5147,1320,1505,0.42058,3.53553,1
5148,1453,1508,0.42058,3.53553,1
5149,1455,1509,0.42058,3.53553,1
5150,1504,1508,0.42058,3.53553,1
5151,1505,1509,0.42058,3.53553,1
5152,1272,1453,0.42058,3.53553,1
5153,1272,1455,0.42058,3.53553,1
5154,1321,1504,0.42058,3.53553,1
5155,1321,1505,0.42058,3.53553,1
5156,1453,1449,0.42058,3.53553,1
5157,1455,1449,0.42058,3.53553,1
5158,1504,1510,0.42058,3.53553,1
5159,1505,1510,0.42058,3.53553,1
5160,1319,1511,0.42058,2.50000,1
5161,1320,1512,0.42058,2.50000,1
5162,1511,1508,0.42058,2.50000,1
5163,1512,1509,0.42058,2.50000,1
5164,1321,1513,0.43676,2.50000,2
5165,1513,1510,0.43676,2.50000,2
5166,1325,1514,0.28142,2.50000,4
5167,1514,1515,0.28142,2.50000,4
5168,1507,1516,0.25403,2.50000,4
5169,1516,1515,0.25403,2.50000,4
5170,1465,1517,0.27454,2.50000,4
5171,1517,1515,0.27454,2.50000,4
5172,1318,1518,0.25187,3.53553,1
5173,1325,1518,0.25187,3.53553,1
5174,1518,1507,0.25187,3.53553,1
5175,1518,1515,0.25187,3.53553,1
5176,1280,1519,0.29121,3.53553,2
5177,1325,1519,0.29121,3.53553,2
5178,1519,1465,0.29121,3.53553,2
5179,1519,1515,0.29121,3.53553,2
5180,1327,1505,0.25124,3.53553,2
5181,1327,1514,0.25124,3.53553,2
5182,1505,1516,0.25124,3.53553,2
5183,1514,1516,0.25124,3.53553,2
5184,1327,1518,0.25124,2.50000,2
5185,1518,1516,0.25124,2.50000,2
5186,1470,1512,0.25187,3.53553,1
5187,1512,1518,0.25187,3.53553,1
5188,1470,1519,0.25187,3.53553,1
5189,1519,1518,0.25187,3.53553,1
5190,1331,1520,0.28258,2.50000,4
5191,1520,1521,0.28258,2.50000,4
5192,1475,1522,0.27272,2.50000,4
5193,1522,1521,0.27272,2.50000,4
5194,1515,1523,0.28087,2.50000,4
5195,1523,1521,0.28087,2.50000,4
5196,1289,1524,0.29370,3.53553,2
5197,1331,1524,0.29370,3.53553,2
5198,1524,1475,0.29370,3.53553,2
5199,1524,1521,0.29370,3.53553,2
5200,1325,1525,0.32582,3.53553,1
5201,1331,1525,0.32582,3.53553,1
5202,1525,1515,0.32582,3.53553,1
5203,1525,1521,0.32582,3.53553,1
5204,1326,1463,0.32582,3.53553,1
5205,1332,1477,0.32582,3.53553,1
5206,1326,1514,0.32582,3.53553,1
5207,1332,1520,0.32582,3.53553,1
5208,1463,1517,0.32582,3.53553,1
5209,1477,1522,0.32582,3.53553,1
5210,1514,1517,0.32582,3.53553,1
5211,1520,1522,0.32582,3.53553,1
5212,1333,1514,0.30866,3.53553,2
5213,1333,1520,0.30866,3.53553,2
5214,1514,1523,0.30866,3.53553,2
5215,1520,1523,0.30866,3.53553,2
5216,1336,1526,0.36386,2.50000,4
5217,1526,1527,0.36386,2.50000,4
5218,1521,1528,0.25192,2.50000,4
5219,1528,1527,0.25192,2.50000,4
5220,1486,1529,0.34736,2.50000,4
5221,1529,1527,0.34736,2.50000,4
5222,1331,1530,0.25759,3.53553,1
5223,1336,1530,0.25759,3.53553,1
5224,1530,1521,0.25759,3.53553,1
5225,1530,1527,0.25759,3.53553,1
5226,1298,1531,0.34874,3.53553,2
5227,1336,1531,0.34874,3.53553,2
5228,1531,1486,0.34874,3.53553,2
5229,1531,1527,0.34874,3.53553,2
5230,1337,1520,0.25382,3.53553,2
5231,1337,1526,0.25382,3.53553,2
5232,1520,1528,0.25382,3.53553,2
5233,1526,1528,0.25382,3.53553,2
5234,1337,1530,0.25382,2.50000,2
5235,1530,1528,0.25382,2.50000,2
5236,1491,1524,0.25759,3.53553,1
5237,1524,1530,0.25759,3.53553,1
5238,1491,1531,0.25759,3.53553,1
5239,1531,1530,0.25759,3.53553,1
5240,1342,1532,0.44762,2.50000,2
5241,1532,1533,0.44762,2.50000,2
5242,1496,1534,0.42058,2.50000,2
5243,1534,1533,0.42058,2.50000,2
5244,1527,1535,0.43431,2.50000,4
5245,1535,1533,0.43431,2.50000,4
5246,1307,1536,0.42058,3.53553,1
5247,1342,1536,0.42058,3.53553,1
5248,1536,1496,0.42058,3.53553,1
5249,1536,1533,0.42058,3.53553,1
5250,1338,1484,0.42058,3.53553,1
5251,1343,1498,0.42058,3.53553,1
5252,1338,1526,0.42058,3.53553,1
5253,1343,1532,0.42058,3.53553,1
5254,1484,1529,0.42058,3.53553,1
5255,1498,1534,0.42058,3.53553,1
5256,1526,1529,0.42058,3.53553,1
5257,1532,1534,0.42058,3.53553,1
5258,1309,1484,0.42058,3.53553,1
5259,1309,1498,0.42058,3.53553,1
5260,1344,1526,0.42058,3.53553,1
5261,1344,1532,0.42058,3.53553,1
5262,1484,1500,0.42058,3.53553,1
5263,1498,1500,0.42058,3.53553,1
5264,1526,1535,0.42058,3.53553,1
5265,1532,1535,0.42058,3.53553,1
5266,1338,1531,0.42058,2.50000,1
5267,1343,1536,0.42058,2.50000,1
5268,1531,1529,0.42058,2.50000,1
5269,1536,1534,0.42058,2.50000,1
5270,1344,1537,0.42058,2.50000,1
5271,1537,1535,0.42058,2.50000,1
5272,1349,1538,0.43676,2.50000,2
5273,1350,1539,0.36290,2.50000,4
5274,1538,1540,0.43676,2.50000,2
5275,1539,1541,0.36290,2.50000,4
5276,1506,1542,0.46286,2.50000,2
5277,1507,1543,0.37208,2.50000,4
5278,1542,1540,0.46286,2.50000,2
5279,1543,1541,0.37208,2.50000,4
5280,1540,1544,0.44223,2.50000,4
5281,1544,1541,0.44223,2.50000,4
5282,1317,1545,0.45237,3.53553,1
5283,1318,1546,0.45237,3.53553,1
5284,1349,1545,0.45237,3.53553,1
5285,1350,1546,0.45237,3.53553,1
5286,1545,1506,0.45237,3.53553,1
5287,1546,1507,0.45237,3.53553,1
5288,1545,1540,0.45237,3.53553,1
5289,1546,1541,0.45237,3.53553,1
5290,1351,1504,0.45237,3.53553,1
5291,1352,1505,0.36568,3.53553,2
5292,1351,1538,0.45237,3.53553,1
5293,1352,1539,0.36568,3.53553,2
5294,1504,1542,0.45237,3.53553,1
5295,1505,1543,0.36568,3.53553,2
5296,1538,1542,0.45237,3.53553,1
5297,1539,1543,0.36568,3.53553,2
5298,1504,1545,0.45237,2.50000,1
5299,1505,1546,0.45237,2.50000,1
5300,1545,1538,0.45237,2.50000,1
5301,1546,1539,0.45237,2.50000,1
5302,1351,1545,0.45237,2.50000,1
5303,1352,1546,0.36568,2.50000,2
5304,1545,1542,0.45237,2.50000,1
5305,1546,1543,0.36568,2.50000,2
5306,1353,1547,0.43676,2.50000,2
5307,1547,1544,0.43676,2.50000,2
5308,1357,1548,0.28732,2.50000,4
5309,1548,1549,0.28732,2.50000,4
5310,1515,1550,0.26086,2.50000,4
5311,1550,1549,0.26086,2.50000,4
5312,1541,1551,0.25993,2.50000,4
5313,1551,1549,0.25993,2.50000,4
5314,1358,1514,0.27128,3.53553,2
5315,1358,1548,0.27128,3.53553,2
5316,1514,1550,0.27128,3.53553,2
5317,1548,1550,0.27128,3.53553,2
5318,1359,1539,0.26949,3.53553,2
5319,1359,1548,0.26949,3.53553,2
5320,1539,1551,0.26949,3.53553,2
5321,1548,1551,0.26949,3.53553,2
5322,1358,1552,0.25061,2.50000,1
5323,1552,1550,0.25061,2.50000,1
5324,1359,1553,0.26949,2.50000,2
5325,1553,1551,0.26949,2.50000,2
5326,1363,1554,0.27836,2.50000,4
5327,1554,1555,0.27836,2.50000,4
5328,1521,1556,0.26071,2.50000,4
5329,1556,1555,0.26071,2.50000,4
5330,1549,1557,0.27836,2.50000,4
5331,1557,1555,0.27836,2.50000,4
5332,1365,1520,0.27100,3.53553,2
5333,1365,1554,0.27100,3.53553,2
5334,1520,1556,0.27100,3.53553,2
5335,1554,1556,0.27100,3.53553,2
5336,1364,1548,0.30409,3.53553,2
5337,1364,1554,0.30409,3.53553,2
5338,1548,1557,0.30409,3.53553,2
5339,1554,1557,0.30409,3.53553,2
5340,1371,1558,0.36254,2.50000,4
5341,1558,1559,0.36254,2.50000,4
5342,1527,1560,0.36254,2.50000,4
5343,1560,1559,0.36254,2.50000,4
5344,1555,1561,0.25512,2.50000,4
5345,1561,1559,0.25512,2.50000,4
5346,1370,1526,0.37838,3.53553,2
5347,1370,1558,0.37838,3.53553,2
5348,1526,1560,0.37838,3.53553,2
5349,1558,1560,0.37838,3.53553,2
5350,1373,1554,0.25000,3.53553,2
5351,1373,1558,0.25000,3.53553,2
5352,1554,1561,0.25000,3.53553,2
5353,1558,1561,0.25000,3.53553,2
5354,1365,1562,0.25000,2.50000,1
5355,1370,1563,0.37838,2.50000,2
5356,1562,1556,0.25000,2.50000,1
5357,1563,1560,0.37838,2.50000,2
5358,1373,1564,0.25000,2.50000,2
5359,1564,1561,0.25000,2.50000,2
5360,1377,1565,0.44762,2.50000,2
5361,1565,1566,0.44762,2.50000,2
5362,1533,1567,0.44762,2.50000,2
5363,1567,1566,0.44762,2.50000,2
5364,1559,1568,0.44762,2.50000,4
5365,1568,1566,0.44762,2.50000,4
5366,1336,1563,0.47311,3.53553,1
5367,1342,1569,0.47311,3.53553,1
5368,1371,1563,0.47311,3.53553,1
5369,1377,1569,0.47311,3.53553,1
5370,1563,1527,0.47311,3.53553,1
5371,1569,1533,0.47311,3.53553,1
5372,1563,1559,0.47311,3.53553,1
5373,1569,1566,0.47311,3.53553,1
5374,1378,1532,0.47311,3.53553,1
5375,1378,1565,0.47311,3.53553,1
5376,1532,1567,0.47311,3.53553,1
5377,1565,1567,0.47311,3.53553,1
5378,1526,1563,0.47311,2.50000,1
5379,1532,1569,0.47311,2.50000,1
5380,1563,1558,0.47311,2.50000,1
5381,1569,1565,0.47311,2.50000,1
5382,1378,1569,0.47311,2.50000,1
5383,1569,1567,0.47311,2.50000,1
5384,1384,1570,0.42058,2.50000,2
5385,1385,1571,0.40027,2.50000,4
5386,1570,1572,0.42058,2.50000,2
5387,1571,1573,0.40027,2.50000,4
5388,1540,1574,0.42058,2.50000,2
5389,1541,1575,0.35310,2.50000,4
5390,1574,1572,0.42058,2.50000,2
5391,1575,1573,0.35310,2.50000,4
5392,1572,1576,0.42058,2.50000,4
5393,1576,1573,0.42058,2.50000,4
5394,1349,1577,0.42058,3.53553,1
5395,1350,1578,0.42058,3.53553,1
5396,1384,1577,0.42058,3.53553,1
5397,1385,1578,0.42058,3.53553,1
5398,1577,1540,0.42058,3.53553,1
5399,1578,1541,0.42058,3.53553,1
5400,1577,1572,0.42058,3.53553,1
5401,1578,1573,0.42058,3.53553,1
5402,1386,1538,0.42058,3.53553,1
5403,1387,1539,0.42058,3.53553,1
5404,1386,1570,0.42058,3.53553,1
5405,1387,1571,0.42058,3.53553,1
5406,1538,1574,0.42058,3.53553,1
5407,1539,1575,0.42058,3.53553,1
5408,1570,1574,0.42058,3.53553,1
5409,1571,1575,0.42058,3.53553,1
5410,1353,1538,0.42058,3.53553,1
5411,1353,1539,0.42058,3.53553,1
5412,1388,1570,0.42058,3.53553,2
5413,1388,1571,0.42058,3.53553,2
5414,1538,1544,0.42058,3.53553,1
5415,1539,1544,0.42058,3.53553,1
5416,1570,1576,0.42058,3.53553,2
5417,1571,1576,0.42058,3.53553,2
5418,1386,1577,0.42058,2.50000,1
5419,1387,1578,0.42058,2.50000,1
5420,1577,1574,0.42058,2.50000,1
5421,1578,1575,0.42058,2.50000,1
5422,1388,1579,0.42058,2.50000,2
5423,1579,1576,0.42058,2.50000,2
5424,1573,1580,0.37371,2.50000,4
5425,1580,1581,0.37371,2.50000,4
5426,1392,1582,0.38202,2.50000,4
5427,1582,1581,0.38202,2.50000,4
5428,1549,1583,0.27749,2.50000,4
5429,1583,1581,0.27749,2.50000,4
5430,1350,1553,0.28714,3.53553,1
5431,1385,1584,0.37887,3.53553,2
5432,1553,1541,0.28714,3.53553,1
5433,1584,1573,0.37887,3.53553,2
5434,1357,1553,0.28714,3.53553,1
5435,1392,1584,0.37887,3.53553,2
5436,1553,1549,0.28714,3.53553,1
5437,1584,1581,0.37887,3.53553,2
5438,1393,1571,0.37887,3.53553,2
5439,1571,1580,0.37887,3.53553,2
5440,1393,1582,0.37887,3.53553,2
5441,1582,1580,0.37887,3.53553,2
5442,1393,1584,0.37887,2.50000,2
5443,1584,1580,0.37887,2.50000,2
5444,1387,1585,0.28714,2.50000,1
5445,1575,1586,0.28714,2.50000,1
5446,1585,1394,0.28714,2.50000,1
5447,1586,1583,0.28714,2.50000,1
5448,1585,1553,0.28714,3.53553,1
5449,1585,1584,0.28714,3.53553,1
5450,1553,1586,0.28714,3.53553,1
5451,1584,1586,0.28714,3.53553,1
5452,1398,1587,0.37543,2.50000,4
5453,1587,1588,0.37543,2.50000,4
5454,1581,1589,0.33296,2.50000,4
5455,1589,1588,0.33296,2.50000,4
5456,1555,1590,0.27314,2.50000,4
5457,1590,1588,0.27314,2.50000,4
5458,1357,1591,0.31712,3.53553,1
5459,1392,1592,0.38514,3.53553,2
5460,1363,1591,0.31712,3.53553,1
5461,1398,1592,0.38514,3.53553,2
5462,1591,1549,0.31712,3.53553,1
5463,1592,1581,0.38514,3.53553,2
5464,1591,1555,0.31712,3.53553,1
5465,1592,1588,0.38514,3.53553,2
5466,1357,1593,0.31712,3.53553,1
5467,1392,1593,0.31712,3.53553,1
5468,1363,1594,0.28554,3.53553,2
5469,1398,1594,0.28554,3.53553,2
5470,1593,1549,0.31712,3.53553,1
5471,1593,1581,0.31712,3.53553,1
5472,1594,1555,0.28554,3.53553,2
5473,1594,1588,0.28554,3.53553,2
5474,1400,1582,0.38514,3.53553,2
5475,1400,1587,0.38514,3.53553,2
5476,1582,1589,0.38514,3.53553,2
5477,1587,1589,0.38514,3.53553,2
5478,1394,1548,0.31712,3.53553,1
5479,1394,1582,0.31712,3.53553,1
5480,1399,1554,0.31712,3.53553,1
5481,1399,1587,0.31712,3.53553,1
5482,1548,1583,0.31712,3.53553,1
5483,1582,1583,0.31712,3.53553,1
5484,1554,1590,0.31712,3.53553,1
5485,1587,1590,0.31712,3.53553,1
5486,1403,1595,0.39399,2.50000,4
5487,1595,1596,0.39399,2.50000,4
5488,1588,1597,0.35169,2.50000,4
5489,1597,1596,0.35169,2.50000,4
5490,1559,1598,0.36609,2.50000,4
5491,1598,1596,0.36609,2.50000,4
5492,1363,1564,0.25000,3.53553,1
5493,1398,1599,0.36547,3.53553,2
5494,1371,1564,0.25000,3.53553,1
5495,1403,1599,0.36547,3.53553,2
5496,1564,1555,0.25000,3.53553,1
5497,1599,1588,0.36547,3.53553,2
5498,1564,1559,0.25000,3.53553,1
5499,1599,1596,0.36547,3.53553,2
5500,1371,1600,0.34597,3.53553,2
5501,1403,1600,0.34597,3.53553,2
5502,1600,1559,0.34597,3.53553,2
5503,1600,1596,0.34597,3.53553,2
5504,1405,1587,0.36547,3.53553,2
5505,1405,1595,0.36547,3.53553,2
5506,1587,1597,0.36547,3.53553,2
5507,1595,1597,0.36547,3.53553,2
5508,1405,1599,0.36547,2.50000,2
5509,1599,1597,0.36547,2.50000,2
5510,1564,1594,0.25000,3.53553,1
5511,1594,1599,0.25000,3.53553,1
5512,1564,1600,0.25000,3.53553,1
5513,1600,1599,0.25000,3.53553,1
5514,1409,1601,0.42058,2.50000,2
5515,1601,1602,0.42058,2.50000,2
5516,1566,1603,0.44762,2.50000,2
5517,1603,1602,0.44762,2.50000,2
5518,1596,1604,0.43431,2.50000,4
5519,1604,1602,0.43431,2.50000,4
5520,1377,1605,0.42058,3.53553,1
5521,1409,1605,0.42058,3.53553,1
5522,1605,1566,0.42058,3.53553,1
5523,1605,1602,0.42058,3.53553,1
5524,1404,1558,0.42058,3.53553,1
5525,1410,1565,0.42058,3.53553,1
5526,1404,1595,0.42058,3.53553,1
5527,1410,1601,0.42058,3.53553,1
5528,1558,1598,0.42058,3.53553,1
5529,1565,1603,0.42058,3.53553,1
5530,1595,1598,0.42058,3.53553,1
5531,1601,1603,0.42058,3.53553,1
5532,1379,1558,0.42058,3.53553,1
5533,1379,1565,0.42058,3.53553,1
5534,1411,1595,0.42058,3.53553,1
5535,1411,1601,0.42058,3.53553,1
5536,1558,1568,0.42058,3.53553,1
5537,1565,1568,0.42058,3.53553,1
5538,1595,1604,0.42058,3.53553,1
5539,1601,1604,0.42058,3.53553,1
5540,1404,1600,0.42058,2.50000,1
5541,1410,1605,0.42058,2.50000,1
5542,1600,1598,0.42058,2.50000,1
5543,1605,1603,0.42058,2.50000,1
5544,1379,1606,0.42058,2.50000,1
5545,1411,1607,0.42058,2.50000,2
5546,1606,1568,0.42058,2.50000,1
5547,1607,1604,0.42058,2.50000,2
5548,1608,1609,0.42058,2.50000,2
5549,1609,1610,0.42058,2.50000,2
5550,1415,1611,0.42058,2.50000,1
5551,1611,1608,0.42058,2.50000,1
5552,1416,1612,0.43676,2.50000,2
5553,1612,1610,0.43676,2.50000,2
5554,1572,1613,0.42058,2.50000,2
5555,1613,1608,0.42058,2.50000,2
5556,1573,1614,0.43802,2.50000,4
5557,1614,1610,0.43802,2.50000,4
5558,1384,1579,0.42058,3.53553,1
5559,1415,1615,0.42058,3.53553,1
5560,1579,1572,0.42058,3.53553,1
5561,1615,1608,0.42058,3.53553,1
5562,1385,1579,0.42058,3.53553,1
5563,1416,1615,0.42058,3.53553,1
5564,1579,1573,0.42058,3.53553,1
5565,1615,1610,0.42058,3.53553,1
5566,1419,1611,0.42058,3.53553,1
5567,1611,1609,0.42058,3.53553,1
5568,1419,1612,0.42058,3.53553,1
5569,1612,1609,0.42058,3.53553,1
5570,1419,1615,0.42058,2.50000,1
5571,1615,1609,0.42058,2.50000,1
5572,1417,1616,0.42058,2.50000,1
5573,1616,1613,0.42058,2.50000,1
5574,1418,1617,0.43676,2.50000,2
5575,1617,1614,0.43676,2.50000,2
5576,1579,1616,0.42058,3.53553,1
5577,1616,1615,0.42058,3.53553,1
5578,1579,1617,0.42058,3.53553,1
5579,1617,1615,0.42058,3.53553,1
5580,1425,1618,0.44762,2.50000,2
5581,1618,1619,0.44762,2.50000,2
5582,1610,1620,0.45480,2.50000,2
5583,1620,1619,0.45480,2.50000,2
5584,1581,1621,0.41655,2.50000,4
5585,1621,1619,0.41655,2.50000,4
5586,1416,1622,0.45237,3.53553,1
5587,1425,1622,0.45237,3.53553,1
5588,1622,1610,0.45237,3.53553,1
5589,1622,1619,0.45237,3.53553,1
5590,1426,1612,0.45237,3.53553,1
5591,1426,1618,0.45237,3.53553,1
5592,1612,1620,0.45237,3.53553,1
5593,1618,1620,0.45237,3.53553,1
5594,1571,1584,0.45237,2.50000,1
5595,1612,1622,0.45237,2.50000,1
5596,1584,1582,0.45237,2.50000,1
5597,1622,1618,0.45237,2.50000,1
5598,1426,1622,0.45237,2.50000,1
5599,1622,1620,0.45237,2.50000,1
5600,1427,1623,0.45237,2.50000,1
5601,1623,1621,0.45237,2.50000,1
5602,1619,1624,0.37442,2.50000,2
5603,1624,1625,0.37442,2.50000,2
5604,1430,1626,0.44762,2.50000,2
5605,1626,1625,0.44762,2.50000,2
5606,1588,1627,0.39993,2.50000,4
5607,1627,1625,0.39993,2.50000,4
5608,1425,1628,0.44283,3.53553,1
5609,1628,1619,0.44283,3.53553,1
5610,1430,1628,0.44283,3.53553,1
5611,1628,1625,0.44283,3.53553,1
5612,1431,1618,0.44283,3.53553,1
5613,1618,1624,0.44283,3.53553,1
5614,1431,1626,0.44283,3.53553,1
5615,1626,1624,0.44283,3.53553,1
5616,1400,1592,0.44283,2.50000,1
5617,1431,1628,0.44283,2.50000,1
5618,1592,1589,0.44283,2.50000,1
5619,1628,1624,0.44283,2.50000,1
5620,1400,1629,0.44283,2.50000,1
5621,1629,1431,0.44283,2.50000,1
5622,1589,1630,0.44283,2.50000,1
5623,1630,1624,0.44283,2.50000,1
5624,1582,1592,0.44283,2.50000,1
5625,1618,1628,0.44283,2.50000,1
5626,1592,1587,0.44283,2.50000,1
5627,1628,1626,0.44283,2.50000,1
5628,1436,1631,0.43676,2.50000,2
5629,1631,1632,0.43676,2.50000,2
5630,1625,1633,0.42390,2.50000,2
5631,1633,1632,0.42390,2.50000,2
5632,1596,1634,0.42224,2.50000,4
5633,1634,1632,0.42224,2.50000,4
5634,1430,1635,0.45237,3.53553,1
5635,1436,1635,0.45237,3.53553,1
5636,1635,1625,0.45237,3.53553,1
5637,1635,1632,0.45237,3.53553,1
5638,1437,1626,0.45237,3.53553,1
5639,1437,1631,0.45237,3.53553,1
5640,1626,1633,0.45237,3.53553,1
5641,1631,1633,0.45237,3.53553,1
5642,1587,1599,0.45237,2.50000,1
5643,1626,1635,0.45237,2.50000,1
5644,1599,1595,0.45237,2.50000,1
5645,1635,1631,0.45237,2.50000,1
5646,1437,1635,0.45237,2.50000,1
5647,1635,1633,0.45237,2.50000,1
5648,1432,1636,0.45237,2.50000,1
5649,1438,1637,0.43676,2.50000,2
5650,1636,1627,0.45237,2.50000,1
5651,1637,1634,0.43676,2.50000,2
5652,1602,1638,0.42058,2.50000,2
5653,1638,1639,0.42058,2.50000,2
5654,1441,1640,0.42058,2.50000,1
5655,1640,1639,0.42058,2.50000,1
5656,1632,1641,0.42058,2.50000,2
5657,1641,1639,0.42058,2.50000,2
5658,1403,1637,0.42058,3.53553,1
5659,1409,1642,0.42058,3.53553,1
5660,1637,1596,0.42058,3.53553,1
5661,1642,1602,0.42058,3.53553,1
5662,1436,1637,0.42058,3.53553,1
5663,1441,1642,0.42058,3.53553,1
5664,1637,1632,0.42058,3.53553,1
5665,1642,1639,0.42058,3.53553,1
5666,1438,1595,0.42058,3.53553,1
5667,1443,1601,0.42058,3.53553,1
5668,1595,1634,0.42058,3.53553,1
5669,1601,1638,0.42058,3.53553,1
5670,1438,1631,0.42058,3.53553,1
5671,1443,1640,0.42058,3.53553,1
5672,1631,1634,0.42058,3.53553,1
5673,1640,1638,0.42058,3.53553,1
5674,1443,1642,0.42058,2.50000,1
5675,1642,1638,0.42058,2.50000,1
5676,1442,1643,0.42058,2.50000,1
5677,1643,1641,0.42058,2.50000,1
5678,1607,1637,0.42058,3.53553,1
5679,1607,1642,0.42058,3.53553,1
5680,1637,1643,0.42058,3.53553,1
5681,1642,1643,0.42058,3.53553,1
5682,1644,1645,0.42058,2.50000,2
5683,1646,1647,0.43431,2.50000,4
5684,1645,1648,0.42058,2.50000,2
5685,1647,1649,0.43431,2.50000,4
5686,1446,1650,0.42058,2.50000,1
5687,1448,1651,0.44762,2.50000,2
5688,1650,1644,0.42058,2.50000,1
5689,1651,1646,0.44762,2.50000,2
5690,1450,1652,0.41376,2.50000,2
5691,1451,1653,0.39863,2.50000,4
5692,1652,1648,0.41376,2.50000,2
5693,1653,1649,0.39863,2.50000,4
5694,1644,1654,0.42058,2.50000,2
5695,1654,1646,0.42058,2.50000,2
5696,1648,1655,0.40437,2.50000,4
5697,1655,1649,0.40437,2.50000,4
5698,1446,1656,0.42058,3.53553,1
5699,1448,1657,0.42058,3.53553,1
5700,1656,1644,0.42058,3.53553,1
5701,1657,1646,0.42058,3.53553,1
5702,1450,1656,0.42058,3.53553,1
5703,1451,1657,0.42058,3.53553,1
5704,1656,1648,0.42058,3.53553,1
5705,1657,1649,0.42058,3.53553,1
5706,1447,1650,0.42058,3.53553,1
5707,1449,1651,0.42058,3.53553,1
5708,1650,1645,0.42058,3.53553,1
5709,1651,1647,0.42058,3.53553,1
5710,1447,1652,0.42058,3.53553,1
5711,1449,1653,0.42058,3.53553,1
5712,1652,1645,0.42058,3.53553,1
5713,1653,1647,0.42058,3.53553,1
5714,1447,1656,0.42058,2.50000,1
5715,1449,1657,0.42058,2.50000,1
5716,1656,1645,0.42058,2.50000,1
5717,1657,1647,0.42058,2.50000,1
5718,1456,1658,0.42058,2.50000,1
5719,1658,1654,0.42058,2.50000,1
5720,1457,1659,0.42058,2.50000,1
5721,1659,1655,0.42058,2.50000,1
5722,1656,1658,0.42058,3.53553,1
5723,1658,1657,0.42058,3.53553,1
5724,1656,1659,0.42058,3.53553,1
5725,1659,1657,0.42058,3.53553,1
5726,1648,1660,0.38748,2.50000,2
5727,1649,1661,0.32870,2.50000,4
5728,1660,1662,0.38748,2.50000,2
5729,1661,1663,0.32870,2.50000,4
5730,1464,1664,0.35431,2.50000,2
5731,1465,1665,0.30941,2.50000,4
5732,1664,1662,0.35431,2.50000,2
5733,1665,1663,0.30941,2.50000,4
5734,1662,1666,0.33950,2.50000,4
5735,1666,1663,0.33950,2.50000,4
5736,1450,1667,0.40682,3.53553,1
5737,1451,1668,0.34270,3.53553,2
5738,1667,1648,0.40682,3.53553,1
5739,1668,1649,0.34270,3.53553,2
5740,1464,1667,0.40682,3.53553,1
5741,1465,1668,0.34270,3.53553,2
5742,1667,1662,0.40682,3.53553,1
5743,1668,1663,0.34270,3.53553,2
5744,1466,1652,0.40682,3.53553,1
5745,1467,1653,0.34270,3.53553,2
5746,1652,1660,0.40682,3.53553,1
5747,1653,1661,0.34270,3.53553,2
5748,1466,1664,0.40682,3.53553,1
5749,1467,1665,0.34270,3.53553,2
5750,1664,1660,0.40682,3.53553,1
5751,1665,1661,0.34270,3.53553,2
5752,1466,1667,0.40682,2.50000,1
5753,1467,1668,0.34270,2.50000,2
5754,1667,1660,0.40682,2.50000,1
5755,1668,1661,0.34270,2.50000,2
5756,1652,1667,0.40682,2.50000,1
5757,1653,1668,0.40682,2.50000,1
5758,1667,1664,0.40682,2.50000,1
5759,1668,1665,0.40682,2.50000,1
5760,1457,1669,0.40682,2.50000,1
5761,1655,1670,0.40682,2.50000,1
5762,1669,1468,0.40682,2.50000,1
5763,1670,1666,0.40682,2.50000,1
5764,1474,1671,0.37861,2.50000,2
5765,1475,1672,0.32082,2.50000,4
5766,1671,1673,0.37861,2.50000,2
5767,1672,1674,0.32082,2.50000,4
5768,1662,1675,0.28352,2.50000,2
5769,1663,1676,0.26729,2.50000,4
5770,1675,1673,0.28352,2.50000,2
5771,1676,1674,0.26729,2.50000,4
5772,1673,1677,0.33851,2.50000,4
5773,1677,1674,0.33851,2.50000,4
5774,1464,1678,0.29251,3.53553,1
5775,1465,1679,0.29251,3.53553,1
5776,1474,1678,0.29251,3.53553,1
5777,1475,1679,0.29251,3.53553,1
5778,1678,1662,0.29251,3.53553,1
5779,1679,1663,0.29251,3.53553,1
5780,1678,1673,0.29251,3.53553,1
5781,1679,1674,0.29251,3.53553,1
5782,1472,1664,0.29251,3.53553,1
5783,1473,1665,0.27209,3.53553,2
5784,1472,1671,0.29251,3.53553,1
5785,1473,1672,0.27209,3.53553,2
5786,1664,1675,0.29251,3.53553,1
5787,1665,1676,0.27209,3.53553,2
5788,1671,1675,0.29251,3.53553,1
5789,1672,1676,0.27209,3.53553,2
5790,1482,1664,0.29251,4.33013,1
5791,1482,1665,0.29251,4.33013,1
5792,1482,1671,0.29251,4.33013,1
5793,1482,1672,0.29251,4.33013,1
5794,1664,1680,0.29251,4.33013,1
5795,1665,1680,0.29251,4.33013,1
5796,1671,1680,0.29251,4.33013,1
5797,1672,1680,0.29251,4.33013,1
5798,1468,1681,0.29251,3.53553,1
5799,1478,1681,0.29251,3.53553,1
5800,1681,1666,0.29251,3.53553,1
5801,1681,1677,0.29251,3.53553,1
5802,1482,1682,0.29251,3.53553,1
5803,1482,1683,0.29251,3.53553,1
5804,1682,1680,0.29251,3.53553,1
5805,1683,1680,0.29251,3.53553,1
5806,1485,1684,0.43476,2.50000,2
5807,1486,1685,0.39288,2.50000,4
5808,1684,1686,0.43476,2.50000,2
5809,1685,1687,0.39288,2.50000,4
5810,1673,1688,0.38574,2.50000,2
5811,1674,1689,0.32503,2.50000,4
5812,1688,1686,0.38574,2.50000,2
5813,1689,1687,0.32503,2.50000,4
5814,1686,1690,0.40354,2.50000,4
5815,1690,1687,0.40354,2.50000,4
5816,1474,1691,0.44848,3.53553,1
5817,1475,1692,0.36307,3.53553,2
5818,1485,1691,0.44848,3.53553,1
5819,1486,1692,0.36307,3.53553,2
5820,1691,1673,0.44848,3.53553,1
5821,1692,1674,0.36307,3.53553,2
5822,1691,1686,0.44848,3.53553,1
5823,1692,1687,0.36307,3.53553,2
5824,1487,1671,0.44848,3.53553,1
5825,1488,1672,0.36307,3.53553,2
5826,1487,1684,0.44848,3.53553,1
5827,1488,1685,0.36307,3.53553,2
5828,1671,1688,0.44848,3.53553,1
5829,1672,1689,0.36307,3.53553,2
5830,1684,1688,0.44848,3.53553,1
5831,1685,1689,0.36307,3.53553,2
5832,1671,1691,0.44848,2.50000,1
5833,1672,1692,0.44848,2.50000,1
5834,1691,1684,0.44848,2.50000,1
5835,1692,1685,0.44848,2.50000,1
5836,1487,1691,0.44848,2.50000,1
5837,1488,1692,0.36307,2.50000,2
5838,1691,1688,0.44848,2.50000,1
5839,1692,1689,0.36307,2.50000,2
5840,1686,1693,0.42058,2.50000,2
5841,1687,1694,0.42058,2.50000,4
5842,1693,1695,0.42058,2.50000,2
5843,1694,1696,0.42058,2.50000,4
5844,1494,1697,0.42058,2.50000,1
5845,1496,1698,0.42058,2.50000,2
5846,1697,1695,0.42058,2.50000,1
5847,1698,1696,0.42058,2.50000,2
5848,1695,1699,0.42058,2.50000,2
5849,1699,1696,0.42058,2.50000,2
5850,1485,1700,0.42058,3.53553,1
5851,1486,1701,0.42058,3.53553,1
5852,1700,1686,0.42058,3.53553,1
5853,1701,1687,0.42058,3.53553,1
5854,1494,1700,0.42058,3.53553,1
5855,1496,1701,0.42058,3.53553,1
5856,1700,1695,0.42058,3.53553,1
5857,1701,1696,0.42058,3.53553,1
5858,1499,1684,0.42058,3.53553,1
5859,1500,1685,0.42058,3.53553,2
5860,1684,1693,0.42058,3.53553,1
5861,1685,1694,0.42058,3.53553,2
5862,1499,1697,0.42058,3.53553,1
5863,1500,1698,0.42058,3.53553,2
5864,1697,1693,0.42058,3.53553,1
5865,1698,1694,0.42058,3.53553,2
5866,1499,1700,0.42058,2.50000,1
5867,1500,1701,0.42058,2.50000,2
5868,1700,1693,0.42058,2.50000,1
5869,1701,1694,0.42058,2.50000,2
5870,1489,1702,0.42058,2.50000,1
5871,1702,1690,0.42058,2.50000,1
5872,1495,1703,0.42058,2.50000,1
5873,1703,1699,0.42058,2.50000,1
5874,1700,1702,0.42058,3.53553,1
5875,1702,1701,0.42058,3.53553,1
5876,1700,1703,0.42058,3.53553,1
5877,1703,1701,0.42058,3.53553,1
5878,1506,1704,0.47311,2.50000,2
5879,1507,1705,0.38064,2.50000,4
5880,1704,1706,0.47311,2.50000,2
5881,1705,1707,0.38064,2.50000,4
5882,1646,1708,0.44762,2.50000,2
5883,1649,1709,0.36490,2.50000,4
5884,1708,1706,0.44762,2.50000,2
5885,1709,1707,0.36490,2.50000,4
5886,1706,1710,0.44761,2.50000,4
5887,1710,1707,0.44761,2.50000,4
5888,1448,1711,0.47311,3.53553,1
5889,1451,1712,0.47311,3.53553,1
5890,1506,1711,0.47311,3.53553,1
5891,1507,1712,0.47311,3.53553,1
5892,1711,1646,0.47311,3.53553,1
5893,1712,1649,0.47311,3.53553,1
5894,1711,1706,0.47311,3.53553,1
5895,1712,1707,0.47311,3.53553,1
5896,1508,1651,0.47311,3.53553,1
5897,1509,1653,0.38289,3.53553,2
5898,1508,1704,0.47311,3.53553,1
5899,1509,1705,0.38289,3.53553,2
5900,1651,1708,0.47311,3.53553,1
5901,1653,1709,0.38289,3.53553,2
5902,1704,1708,0.47311,3.53553,1
5903,1705,1709,0.38289,3.53553,2
5904,1651,1711,0.47311,2.50000,1
5905,1653,1712,0.47311,2.50000,1
5906,1711,1704,0.47311,2.50000,1
5907,1712,1705,0.47311,2.50000,1
5908,1508,1711,0.47311,2.50000,1
5909,1509,1712,0.38289,2.50000,2
5910,1711,1708,0.47311,2.50000,1
5911,1712,1709,0.38289,2.50000,2
5912,1515,1713,0.25342,2.50000,4
5913,1713,1714,0.25342,2.50000,4
5914,1707,1715,0.25342,2.50000,4
5915,1715,1714,0.25342,2.50000,4
5916,1663,1716,0.25342,2.50000,4
5917,1716,1714,0.25342,2.50000,4
5918,1507,1717,0.26340,3.53553,1
5919,1515,1717,0.26340,3.53553,1
5920,1717,1707,0.26340,3.53553,1
5921,1717,1714,0.26340,3.53553,1
5922,1516,1705,0.25679,3.53553,2
5923,1516,1713,0.25679,3.53553,2
5924,1705,1715,0.25679,3.53553,2
5925,1713,1715,0.25679,3.53553,2
5926,1517,1665,0.25679,3.53553,2
5927,1517,1713,0.25679,3.53553,2
5928,1665,1716,0.25679,3.53553,2
5929,1713,1716,0.25679,3.53553,2
5930,1516,1717,0.25679,2.50000,2
5931,1717,1715,0.25679,2.50000,2
5932,1517,1718,0.25679,2.50000,2
5933,1718,1716,0.25679,2.50000,2
5934,1521,1719,0.25000,2.50000,4
5935,1719,1720,0.25000,2.50000,4
5936,1674,1721,0.25000,2.50000,4
5937,1721,1720,0.25000,2.50000,4
5938,1714,1722,0.25000,2.50000,4
5939,1722,1720,0.25000,2.50000,4
5940,1522,1672,0.25000,3.53553,1
5941,1522,1719,0.25000,3.53553,1
5942,1672,1721,0.25000,3.53553,1
5943,1719,1721,0.25000,3.53553,1
5944,1523,1713,0.25000,3.53553,2
5945,1523,1719,0.25000,3.53553,2
5946,1713,1722,0.25000,3.53553,2
5947,1719,1722,0.25000,3.53553,2
5948,1522,1723,0.25000,2.50000,1
5949,1723,1721,0.25000,2.50000,1
5950,1473,1679,0.25000,2.50000,1
5951,1523,1724,0.25000,2.50000,2
5952,1679,1676,0.25000,2.50000,1
5953,1724,1722,0.25000,2.50000,2
5954,1720,1725,0.25000,2.50000,4
5955,1725,1726,0.25000,2.50000,4
5956,1527,1727,0.34597,2.50000,4
5957,1727,1726,0.34597,2.50000,4
5958,1687,1728,0.34597,2.50000,4
5959,1728,1726,0.34597,2.50000,4
5960,1521,1729,0.25000,3.53553,1
5961,1729,1720,0.25000,3.53553,1
5962,1527,1729,0.25000,3.53553,1
5963,1729,1726,0.25000,3.53553,1
5964,1528,1719,0.25000,3.53553,2
5965,1719,1725,0.25000,3.53553,2
5966,1528,1727,0.25000,3.53553,2
5967,1727,1725,0.25000,3.53553,2
5968,1528,1729,0.25000,2.50000,2
5969,1729,1725,0.25000,2.50000,2
5970,1488,1730,0.25000,3.53553,1
5971,1528,1730,0.25000,3.53553,1
5972,1730,1689,0.25000,3.53553,1
5973,1730,1725,0.25000,3.53553,1
5974,1522,1730,0.25000,3.53553,1
5975,1730,1721,0.25000,3.53553,1
5976,1529,1730,0.25000,3.53553,1
5977,1730,1728,0.25000,3.53553,1
5978,1533,1731,0.42058,2.50000,2
5979,1731,1732,0.42058,2.50000,2
5980,1696,1733,0.42058,2.50000,2
5981,1733,1732,0.42058,2.50000,2
5982,1726,1734,0.42874,2.50000,4
5983,1734,1732,0.42874,2.50000,4
5984,1486,1735,0.42058,3.53553,1
5985,1496,1736,0.42058,3.53553,1
5986,1527,1735,0.42058,3.53553,1
5987,1533,1736,0.42058,3.53553,1
5988,1735,1687,0.42058,3.53553,1
5989,1736,1696,0.42058,3.53553,1
5990,1735,1726,0.42058,3.53553,1
5991,1736,1732,0.42058,3.53553,1
5992,1529,1685,0.42058,3.53553,1
5993,1534,1698,0.42058,3.53553,1
5994,1529,1727,0.42058,3.53553,1
5995,1534,1731,0.42058,3.53553,1
5996,1685,1728,0.42058,3.53553,1
5997,1698,1733,0.42058,3.53553,1
5998,1727,1728,0.42058,3.53553,1
5999,1731,1733,0.42058,3.53553,1
6000,1535,1727,0.42058,3.53553,2
6001,1535,1731,0.42058,3.53553,2
6002,1727,1734,0.42058,3.53553,2
6003,1731,1734,0.42058,3.53553,2
6004,1529,1735,0.42058,2.50000,1
6005,1534,1736,0.42058,2.50000,1
6006,1735,1728,0.42058,2.50000,1
6007,1736,1733,0.42058,2.50000,1
6008,1535,1737,0.42058,2.50000,2
6009,1737,1734,0.42058,2.50000,2
6010,1540,1738,0.44762,2.50000,2
6011,1541,1739,0.36254,2.50000,4
6012,1738,1740,0.44762,2.50000,2
6013,1739,1741,0.36254,2.50000,4
6014,1706,1742,0.44760,2.50000,2
6015,1707,1743,0.36252,2.50000,4
6016,1742,1740,0.44760,2.50000,2
6017,1743,1741,0.36252,2.50000,4
6018,1740,1744,0.43430,2.50000,4
6019,1744,1741,0.43430,2.50000,4
6020,1542,1704,0.47311,3.53553,1
6021,1543,1705,0.37838,3.53553,2
6022,1542,1738,0.47311,3.53553,1
6023,1543,1739,0.37838,3.53553,2
6024,1704,1742,0.47311,3.53553,1
6025,1705,1743,0.37838,3.53553,2
6026,1738,1742,0.47311,3.53553,1
6027,1739,1743,0.37838,3.53553,2
6028,1510,1704,0.47311,3.53553,1
6029,1510,1705,0.47311,3.53553,1
6030,1544,1738,0.44762,3.53553,2
6031,1544,1739,0.44762,3.53553,2
6032,1704,1710,0.47311,3.53553,1
6033,1705,1710,0.47311,3.53553,1
6034,1738,1744,0.44762,3.53553,2
6035,1739,1744,0.44762,3.53553,2
6036,1542,1745,0.47311,2.50000,1
6037,1543,1746,0.37838,2.50000,2
6038,1745,1742,0.47311,2.50000,1
6039,1746,1743,0.37838,2.50000,2
6040,1510,1747,0.47311,2.50000,1
6041,1544,1748,0.47311,2.50000,1
6042,1747,1710,0.47311,2.50000,1
6043,1748,1744,0.47311,2.50000,1
6044,1549,1749,0.25000,2.50000,4
6045,1749,1750,0.25000,2.50000,4
6046,1714,1751,0.25000,2.50000,4
6047,1751,1750,0.25000,2.50000,4
6048,1741,1752,0.25000,2.50000,4
6049,1752,1750,0.25000,2.50000,4
6050,1550,1713,0.25000,3.53553,2
6051,1550,1749,0.25000,3.53553,2
6052,1713,1751,0.25000,3.53553,2
6053,1749,1751,0.25000,3.53553,2
6054,1551,1739,0.25000,3.53553,2
6055,1551,1749,0.25000,3.53553,2
6056,1739,1752,0.25000,3.53553,2
6057,1749,1752,0.25000,3.53553,2
6058,1550,1753,0.25000,2.50000,2
6059,1753,1751,0.25000,2.50000,2
6060,1551,1754,0.25000,2.50000,2
6061,1754,1752,0.25000,2.50000,2
6062,1555,1755,0.25512,2.50000,4
6063,1755,1756,0.25512,2.50000,4
6064,1720,1757,0.25000,2.50000,4
6065,1757,1756,0.25000,2.50000,4
6066,1750,1758,0.25000,2.50000,4
6067,1758,1756,0.25000,2.50000,4
6068,1556,1719,0.25000,3.53553,2
6069,1556,1755,0.25000,3.53553,2
6070,1719,1757,0.25000,3.53553,2
6071,1755,1757,0.25000,3.53553,2
6072,1557,1749,0.25000,3.53553,2
6073,1557,1755,0.25000,3.53553,2
6074,1749,1758,0.25000,3.53553,2
6075,1755,1758,0.25000,3.53553,2
6076,1556,1759,0.25000,2.50000,2
6077,1759,1757,0.25000,2.50000,2
6078,1557,1760,0.25000,2.50000,2
6079,1760,1758,0.25000,2.50000,2
6080,1559,1761,0.36609,2.50000,4
6081,1761,1762,0.36609,2.50000,4
6082,1726,1763,0.35584,2.50000,4
6083,1763,1762,0.35584,2.50000,4
6084,1756,1764,0.25512,2.50000,4
6085,1764,1762,0.25512,2.50000,4
6086,1560,1727,0.34597,3.53553,2
6087,1560,1761,0.34597,3.53553,2
6088,1727,1763,0.34597,3.53553,2
6089,1761,1763,0.34597,3.53553,2
6090,1561,1755,0.26015,3.53553,2
6091,1561,1761,0.26015,3.53553,2
6092,1755,1764,0.26015,3.53553,2
6093,1761,1764,0.26015,3.53553,2
6094,1560,1765,0.34597,2.50000,2
6095,1765,1763,0.34597,2.50000,2
6096,1561,1766,0.26015,2.50000,2
6097,1766,1764,0.26015,2.50000,2
6098,1566,1767,0.44762,2.50000,2
6099,1767,1768,0.44762,2.50000,2
6100,1732,1769,0.43675,2.50000,2
6101,1769,1768,0.43675,2.50000,2
6102,1762,1770,0.44221,2.50000,4
6103,1770,1768,0.44221,2.50000,4
6104,1527,1765,0.42058,3.53553,1
6105,1533,1771,0.42058,3.53553,1
6106,1559,1765,0.42058,3.53553,1
6107,1566,1771,0.42058,3.53553,1
6108,1765,1726,0.42058,3.53553,1
6109,1771,1732,0.42058,3.53553,1
6110,1765,1762,0.42058,3.53553,1
6111,1771,1768,0.42058,3.53553,1
6112,1567,1731,0.42058,3.53553,1
6113,1567,1767,0.42058,3.53553,1
6114,1731,1769,0.42058,3.53553,1
6115,1767,1769,0.42058,3.53553,1
6116,1568,1761,0.42058,3.53553,1
6117,1568,1767,0.42058,3.53553,1
6118,1761,1770,0.42058,3.53553,1
6119,1767,1770,0.42058,3.53553,1
6120,1567,1771,0.42058,2.50000,1
6121,1771,1769,0.42058,2.50000,1
6122,1568,1772,0.42058,2.50000,1
6123,1772,1770,0.42058,2.50000,1
6124,1572,1773,0.42058,2.50000,2
6125,1573,1774,0.39539,2.50000,4
6126,1773,1775,0.42058,2.50000,2
6127,1774,1776,0.39539,2.50000,4
6128,1740,1777,0.42058,2.50000,2
6129,1741,1778,0.34597,2.50000,4
6130,1777,1775,0.42058,2.50000,2
6131,1778,1776,0.34597,2.50000,4
6132,1775,1779,0.42058,2.50000,4
6133,1779,1776,0.42058,2.50000,4
6134,1540,1780,0.42058,3.53553,1
6135,1541,1781,0.42058,3.53553,1
6136,1572,1780,0.42058,3.53553,1
6137,1573,1781,0.42058,3.53553,1
6138,1780,1740,0.42058,3.53553,1
6139,1781,1741,0.42058,3.53553,1
6140,1780,1775,0.42058,3.53553,1
6141,1781,1776,0.42058,3.53553,1
6142,1574,1738,0.42058,3.53553,1
6143,1575,1739,0.34597,3.53553,2
6144,1574,1773,0.42058,3.53553,1
6145,1575,1774,0.34597,3.53553,2
6146,1738,1777,0.42058,3.53553,1
6147,1739,1778,0.34597,3.53553,2
6148,1773,1777,0.42058,3.53553,1
6149,1774,1778,0.34597,3.53553,2
6150,1576,1773,0.42058,3.53553,2
6151,1576,1774,0.42058,3.53553,2
6152,1773,1779,0.42058,3.53553,2
6153,1774,1779,0.42058,3.53553,2
6154,1738,1780,0.42058,2.50000,1
6155,1739,1781,0.42058,2.50000,1
6156,1780,1773,0.42058,2.50000,1
6157,1781,1774,0.42058,2.50000,1
6158,1574,1780,0.42058,2.50000,1
6159,1575,1781,0.34597,2.50000,2
6160,1780,1777,0.42058,2.50000,1
6161,1781,1778,0.34597,2.50000,2
6162,1581,1782,0.32339,2.50000,4
6163,1782,1783,0.32339,2.50000,4
6164,1750,1784,0.25000,2.50000,4
6165,1784,1783,0.25000,2.50000,4
6166,1776,1785,0.32923,2.50000,4
6167,1785,1783,0.32923,2.50000,4
6168,1583,1749,0.25000,3.53553,2
6169,1583,1782,0.25000,3.53553,2
6170,1749,1784,0.25000,3.53553,2
6171,1782,1784,0.25000,3.53553,2
6172,1580,1774,0.36848,3.53553,2
6173,1580,1782,0.36848,3.53553,2
6174,1774,1785,0.36848,3.53553,2
6175,1782,1785,0.36848,3.53553,2
6176,1583,1786,0.25000,2.50000,2
6177,1786,1784,0.25000,2.50000,2
6178,1580,1787,0.36848,2.50000,2
6179,1787,1785,0.36848,2.50000,2
6180,1588,1788,0.30594,2.50000,4
6181,1788,1789,0.30594,2.50000,4
6182,1756,1790,0.25512,2.50000,4
6183,1790,1789,0.25512,2.50000,4
6184,1783,1791,0.26649,2.50000,4
6185,1791,1789,0.26649,2.50000,4
6186,1590,1755,0.26015,3.53553,2
6187,1590,1788,0.26015,3.53553,2
6188,1755,1790,0.26015,3.53553,2
6189,1788,1790,0.26015,3.53553,2
6190,1589,1782,0.27091,3.53553,2
6191,1589,1788,0.27091,3.53553,2
6192,1782,1791,0.27091,3.53553,2
6193,1788,1791,0.27091,3.53553,2
6194,1590,1792,0.26015,2.50000,2
6195,1792,1790,0.26015,2.50000,2
6196,1589,1793,0.25000,2.50000,1
6197,1793,1791,0.25000,2.50000,1
6198,1596,1794,0.39633,2.50000,4
6199,1794,1795,0.39633,2.50000,4
6200,1789,1796,0.32356,2.50000,4
6201,1796,1795,0.32356,2.50000,4
6202,1762,1797,0.36608,2.50000,4
6203,1797,1795,0.36608,2.50000,4
6204,1555,1766,0.26992,3.53553,1
6205,1588,1798,0.33734,3.53553,2
6206,1559,1766,0.26992,3.53553,1
6207,1596,1798,0.33734,3.53553,2
6208,1766,1756,0.26992,3.53553,1
6209,1798,1789,0.33734,3.53553,2
6210,1766,1762,0.26992,3.53553,1
6211,1798,1795,0.33734,3.53553,2
6212,1597,1788,0.33734,3.53553,2
6213,1597,1794,0.33734,3.53553,2
6214,1788,1796,0.33734,3.53553,2
6215,1794,1796,0.33734,3.53553,2
6216,1598,1761,0.38516,3.53553,2
6217,1598,1794,0.38516,3.53553,2
6218,1761,1797,0.38516,3.53553,2
6219,1794,1797,0.38516,3.53553,2
6220,1597,1798,0.33734,2.50000,2
6221,1798,1796,0.33734,2.50000,2
6222,1598,1799,0.38516,2.50000,2
6223,1799,1797,0.38516,2.50000,2
6224,1602,1800,0.44762,2.50000,2
6225,1800,1801,0.44762,2.50000,2
6226,1768,1802,0.44761,2.50000,2
6227,1802,1801,0.44761,2.50000,2
6228,1795,1803,0.43431,2.50000,4
6229,1803,1801,0.43431,2.50000,4
6230,1559,1799,0.47311,3.53553,1
6231,1566,1804,0.47311,3.53553,1
6232,1596,1799,0.47311,3.53553,1
6233,1602,1804,0.47311,3.53553,1
6234,1799,1762,0.47311,3.53553,1
6235,1804,1768,0.47311,3.53553,1
6236,1799,1795,0.47311,3.53553,1
6237,1804,1801,0.47311,3.53553,1
6238,1603,1767,0.47311,3.53553,1
6239,1603,1800,0.47311,3.53553,1
6240,1767,1802,0.47311,3.53553,1
6241,1800,1802,0.47311,3.53553,1
6242,1761,1799,0.47311,2.50000,1
6243,1767,1804,0.47311,2.50000,1
6244,1799,1794,0.47311,2.50000,1
6245,1804,1800,0.47311,2.50000,1
6246,1603,1804,0.47311,2.50000,1
6247,1804,1802,0.47311,2.50000,1
6248,1805,1806,0.42058,2.50000,2
6249,1806,1807,0.42058,2.50000,2
6250,1608,1808,0.42058,2.50000,1
6251,1808,1805,0.42058,2.50000,1
6252,1610,1809,0.43928,2.50000,2
6253,1809,1807,0.43928,2.50000,2
6254,1775,1810,0.42058,2.50000,2
6255,1810,1805,0.42058,2.50000,2
6256,1776,1811,0.40693,2.50000,4
6257,1811,1807,0.40693,2.50000,4
6258,1572,1812,0.42058,3.53553,1
6259,1608,1813,0.42058,3.53553,1
6260,1812,1775,0.42058,3.53553,1
6261,1813,1805,0.42058,3.53553,1
6262,1573,1812,0.42058,3.53553,1
6263,1610,1813,0.42058,3.53553,1
6264,1812,1776,0.42058,3.53553,1
6265,1813,1807,0.42058,3.53553,1
6266,1609,1808,0.42058,3.53553,1
6267,1808,1806,0.42058,3.53553,1
6268,1609,1809,0.42058,3.53553,1
6269,1809,1806,0.42058,3.53553,1
6270,1576,1812,0.42058,2.50000,1
6271,1609,1813,0.42058,2.50000,1
6272,1812,1779,0.42058,2.50000,1
6273,1813,1806,0.42058,2.50000,1
6274,1613,1814,0.42058,2.50000,1
6275,1814,1810,0.42058,2.50000,1
6276,1614,1815,0.42058,2.50000,1
6277,1815,1811,0.42058,2.50000,1
6278,1812,1814,0.42058,3.53553,1
6279,1814,1813,0.42058,3.53553,1
6280,1812,1815,0.42058,3.53553,1
6281,1815,1813,0.42058,3.53553,1
6282,1619,1816,0.38297,2.50000,2
6283,1816,1817,0.38297,2.50000,2
6284,1807,1818,0.39279,2.50000,2
6285,1818,1817,0.39279,2.50000,2
6286,1783,1819,0.34192,2.50000,4
6287,1819,1817,0.34192,2.50000,4
6288,1573,1787,0.45722,3.53553,1
6289,1610,1820,0.45722,3.53553,1
6290,1581,1787,0.45722,3.53553,1
6291,1619,1820,0.45722,3.53553,1
6292,1787,1776,0.45722,3.53553,1
6293,1820,1807,0.45722,3.53553,1
6294,1787,1783,0.45722,3.53553,1
6295,1820,1817,0.45722,3.53553,1
6296,1620,1809,0.45722,3.53553,1
6297,1620,1816,0.45722,3.53553,1
6298,1809,1818,0.45722,3.53553,1
6299,1816,1818,0.45722,3.53553,1
6300,1774,1787,0.45722,2.50000,1
6301,1809,1820,0.45722,2.50000,1
6302,1787,1782,0.45722,2.50000,1
6303,1820,1816,0.45722,2.50000,1
6304,1620,1820,0.45722,2.50000,1
6305,1820,1818,0.45722,2.50000,1
6306,1625,1821,0.34571,2.50000,2
6307,1821,1822,0.34571,2.50000,2
6308,1817,1823,0.28201,2.50000,2
6309,1823,1822,0.28201,2.50000,2
6310,1789,1824,0.33259,2.50000,4
6311,1824,1822,0.33259,2.50000,4
6312,1581,1793,0.29032,3.53553,1
6313,1619,1825,0.29032,3.53553,1
6314,1588,1793,0.29032,3.53553,1
6315,1625,1825,0.29032,3.53553,1
6316,1793,1783,0.29032,3.53553,1
6317,1825,1817,0.29032,3.53553,1
6318,1793,1789,0.29032,3.53553,1
6319,1825,1822,0.29032,3.53553,1
6320,1624,1816,0.29032,3.53553,1
6321,1624,1821,0.29032,3.53553,1
6322,1816,1823,0.29032,3.53553,1
6323,1821,1823,0.29032,3.53553,1
6324,1630,1782,0.29032,4.33013,1
6325,1630,1816,0.29032,4.33013,1
6326,1630,1788,0.29032,4.33013,1
6327,1630,1821,0.29032,4.33013,1
6328,1782,1826,0.29032,4.33013,1
6329,1816,1826,0.29032,4.33013,1
6330,1788,1826,0.29032,4.33013,1
6331,1821,1826,0.29032,4.33013,1
6332,1621,1827,0.29032,3.53553,1
6333,1627,1827,0.29032,3.53553,1
6334,1827,1819,0.29032,3.53553,1
6335,1827,1824,0.29032,3.53553,1
6336,1630,1828,0.29032,3.53553,1
6337,1630,1829,0.29032,3.53553,1
6338,1828,1826,0.29032,3.53553,1
6339,1829,1826,0.29032,3.53553,1
6340,1822,1830,0.37644,2.50000,2
6341,1830,1831,0.37644,2.50000,2
6342,1632,1832,0.40721,2.50000,2
6343,1832,1831,0.40721,2.50000,2
6344,1795,1833,0.39912,2.50000,4
6345,1833,1831,0.39912,2.50000,4
6346,1625,1834,0.39337,3.53553,1
6347,1834,1822,0.39337,3.53553,1
6348,1632,1834,0.39337,3.53553,1
6349,1834,1831,0.39337,3.53553,1
6350,1633,1821,0.39337,3.53553,1
6351,1821,1830,0.39337,3.53553,1
6352,1633,1832,0.39337,3.53553,1
6353,1832,1830,0.39337,3.53553,1
6354,1633,1834,0.39337,2.50000,1
6355,1834,1830,0.39337,2.50000,1
6356,1597,1835,0.39337,2.50000,1
6357,1835,1633,0.39337,2.50000,1
6358,1796,1836,0.39337,2.50000,1
6359,1836,1830,0.39337,2.50000,1
6360,1627,1835,0.39337,2.50000,1
6361,1824,1836,0.39337,2.50000,1
6362,1835,1634,0.39337,2.50000,1
6363,1836,1833,0.39337,2.50000,1
6364,1831,1837,0.42058,2.50000,2
6365,1837,1838,0.42058,2.50000,2
6366,1639,1839,0.42058,2.50000,1
6367,1839,1838,0.42058,2.50000,1
6368,1801,1840,0.42058,2.50000,2
6369,1840,1838,0.42058,2.50000,2
6370,1596,1841,0.42058,3.53553,1
6371,1632,1842,0.42058,3.53553,1
6372,1841,1795,0.42058,3.53553,1
6373,1842,1831,0.42058,3.53553,1
6374,1602,1841,0.42058,3.53553,1
6375,1639,1842,0.42058,3.53553,1
6376,1841,1801,0.42058,3.53553,1
6377,1842,1838,0.42058,3.53553,1
6378,1604,1794,0.42058,3.53553,1
6379,1641,1832,0.42058,3.53553,1
6380,1794,1803,0.42058,3.53553,1
6381,1832,1837,0.42058,3.53553,1
6382,1604,1800,0.42058,3.53553,1
6383,1641,1839,0.42058,3.53553,1
6384,1800,1803,0.42058,3.53553,1
6385,1839,1837,0.42058,3.53553,1
6386,1604,1841,0.42058,2.50000,1
6387,1641,1842,0.42058,2.50000,1
6388,1841,1803,0.42058,2.50000,1
6389,1842,1837,0.42058,2.50000,1
6390,1634,1843,0.42058,2.50000,1
6391,1843,1833,0.42058,2.50000,1
6392,1638,1844,0.42058,2.50000,1
6393,1844,1840,0.42058,2.50000,1
6394,1841,1843,0.42058,3.53553,1
6395,1843,1842,0.42058,3.53553,1
6396,1841,1844,0.42058,3.53553,1
6397,1844,1842,0.42058,3.53553,1
6398,1845,1846,0.44760,2.50000,2
6399,1847,1848,0.40002,2.50000,4
6400,1846,1849,0.44760,2.50000,2
6401,1848,1850,0.40002,2.50000,4
6402,1644,1851,0.42058,2.50000,1
6403,1646,1852,0.42058,2.50000,2
6404,1851,1845,0.42058,2.50000,1
6405,1852,1847,0.42058,2.50000,2
6406,1648,1853,0.39476,2.50000,2
6407,1649,1854,0.37117,2.50000,4
6408,1853,1849,0.39476,2.50000,2
6409,1854,1850,0.37117,2.50000,4
6410,1845,1855,0.44760,2.50000,2
6411,1855,1847,0.44760,2.50000,2
6412,1849,1856,0.38664,2.50000,4
6413,1856,1850,0.38664,2.50000,4
6414,1644,1857,0.42058,3.53553,1
6415,1646,1858,0.42058,3.53553,1
6416,1857,1845,0.42058,3.53553,1
6417,1858,1847,0.42058,3.53553,1
6418,1648,1857,0.42058,3.53553,1
6419,1649,1858,0.42058,3.53553,1
6420,1857,1849,0.42058,3.53553,1
6421,1858,1850,0.42058,3.53553,1
6422,1645,1851,0.42058,3.53553,1
6423,1647,1852,0.42058,3.53553,1
6424,1851,1846,0.42058,3.53553,1
6425,1852,1848,0.42058,3.53553,1
6426,1645,1853,0.42058,3.53553,1
6427,1647,1854,0.42058,3.53553,1
6428,1853,1846,0.42058,3.53553,1
6429,1854,1848,0.42058,3.53553,1
6430,1645,1857,0.42058,2.50000,1
6431,1647,1858,0.42058,2.50000,1
6432,1857,1846,0.42058,2.50000,1
6433,1858,1848,0.42058,2.50000,1
6434,1654,1859,0.42058,2.50000,1
6435,1859,1855,0.42058,2.50000,1
6436,1655,1860,0.42058,2.50000,1
6437,1860,1856,0.42058,2.50000,1
6438,1857,1859,0.42058,3.53553,1
6439,1859,1858,0.42058,3.53553,1
6440,1857,1860,0.42058,3.53553,1
6441,1860,1858,0.42058,3.53553,1
6442,1849,1861,0.31407,2.50000,2
6443,1850,1862,0.28385,2.50000,4
6444,1861,1863,0.31407,2.50000,2
6445,1862,1864,0.28385,2.50000,4
6446,1662,1865,0.32403,2.50000,2
6447,1663,1866,0.28939,2.50000,4
6448,1865,1863,0.32403,2.50000,2
6449,1866,1864,0.28939,2.50000,4
6450,1863,1867,0.30685,2.50000,4
6451,1867,1864,0.30685,2.50000,4
6452,1648,1868,0.36712,3.53553,1
6453,1649,1869,0.36712,3.53553,1
6454,1868,1849,0.36712,3.53553,1
6455,1869,1850,0.36712,3.53553,1
6456,1662,1868,0.36712,3.53553,1
6457,1663,1869,0.36712,3.53553,1
6458,1868,1863,0.36712,3.53553,1
6459,1869,1864,0.36712,3.53553,1
6460,1660,1853,0.36712,3.53553,1
6461,1661,1854,0.31407,3.53553,2
6462,1853,1861,0.36712,3.53553,1
6463,1854,1862,0.31407,3.53553,2
6464,1660,1865,0.36712,3.53553,1
6465,1661,1866,0.31407,3.53553,2
6466,1865,1861,0.36712,3.53553,1
6467,1866,1862,0.31407,3.53553,2
6468,1660,1868,0.36712,2.50000,1
6469,1661,1869,0.31407,2.50000,2
6470,1868,1861,0.36712,2.50000,1
6471,1869,1862,0.31407,2.50000,2
6472,1853,1868,0.36712,2.50000,1
6473,1854,1869,0.36712,2.50000,1
6474,1868,1865,0.36712,2.50000,1
6475,1869,1866,0.36712,2.50000,1
6476,1670,1868,0.36712,3.53553,1
6477,1670,1869,0.36712,3.53553,1
6478,1868,1870,0.36712,3.53553,1
6479,1869,1870,0.36712,3.53553,1
6480,1863,1871,0.29946,2.50000,2
6481,1864,1872,0.27584,2.50000,4
6482,1871,1873,0.29946,2.50000,2
6483,1872,1874,0.27584,2.50000,4
6484,1673,1875,0.29296,2.50000,2
6485,1674,1876,0.27233,2.50000,4
6486,1875,1873,0.29296,2.50000,2
6487,1876,1874,0.27233,2.50000,4
6488,1873,1877,0.29082,2.50000,4
6489,1877,1874,0.29082,2.50000,4
6490,1662,1878,0.27424,3.53553,1
6491,1663,1879,0.27424,3.53553,1
6492,1878,1863,0.27424,3.53553,1
6493,1879,1864,0.27424,3.53553,1
6494,1673,1878,0.27424,3.53553,1
6495,1674,1879,0.27424,3.53553,1
6496,1878,1873,0.27424,3.53553,1
6497,1879,1874,0.27424,3.53553,1
6498,1675,1865,0.27424,3.53553,1
6499,1676,1866,0.26240,3.53553,2
6500,1865,1871,0.27424,3.53553,1
6501,1866,1872,0.26240,3.53553,2
6502,1675,1875,0.27424,3.53553,1
6503,1676,1876,0.26240,3.53553,2
6504,1875,1871,0.27424,3.53553,1
6505,1876,1872,0.26240,3.53553,2
6506,1675,1878,0.27424,2.50000,1
6507,1676,1879,0.26240,2.50000,2
6508,1878,1871,0.27424,2.50000,1
6509,1879,1872,0.26240,2.50000,2
6510,1666,1880,0.27424,3.53553,1
6511,1880,1867,0.27424,3.53553,1
6512,1677,1880,0.27424,3.53553,1
6513,1880,1877,0.27424,3.53553,1
6514,1873,1881,0.28191,2.50000,2
6515,1874,1882,0.26644,2.50000,4
6516,1881,1883,0.28191,2.50000,2
6517,1882,1884,0.26644,2.50000,4
6518,1686,1885,0.36969,2.50000,2
6519,1687,1886,0.35802,2.50000,4
6520,1885,1883,0.36969,2.50000,2
6521,1886,1884,0.35802,2.50000,4
6522,1883,1887,0.35803,2.50000,4
6523,1887,1884,0.35803,2.50000,4
6524,1673,1888,0.31057,3.53553,1
6525,1674,1889,0.31057,3.53553,1
6526,1888,1873,0.31057,3.53553,1
6527,1889,1874,0.31057,3.53553,1
6528,1686,1888,0.31057,3.53553,1
6529,1687,1889,0.31057,3.53553,1
6530,1888,1883,0.31057,3.53553,1
6531,1889,1884,0.31057,3.53553,1
6532,1688,1875,0.31057,3.53553,1
6533,1689,1876,0.28191,3.53553,2
6534,1875,1881,0.31057,3.53553,1
6535,1876,1882,0.28191,3.53553,2
6536,1688,1885,0.31057,3.53553,1
6537,1689,1886,0.28191,3.53553,2
6538,1885,1881,0.31057,3.53553,1
6539,1886,1882,0.28191,3.53553,2
6540,1688,1888,0.31057,2.50000,1
6541,1689,1889,0.28191,2.50000,2
6542,1888,1881,0.31057,2.50000,1
6543,1889,1882,0.28191,2.50000,2
6544,1688,1890,0.31057,3.53553,1
6545,1689,1890,0.31057,3.53553,1
6546,1890,1881,0.31057,3.53553,1
6547,1890,1882,0.31057,3.53553,1
6548,1677,1890,0.31057,3.53553,1
6549,1890,1877,0.31057,3.53553,1
6550,1690,1890,0.31057,3.53553,1
6551,1890,1887,0.31057,3.53553,1
6552,1883,1891,0.42058,2.50000,2
6553,1884,1892,0.38509,2.50000,4
6554,1891,1893,0.42058,2.50000,2
6555,1892,1894,0.38509,2.50000,4
6556,1695,1895,0.42058,2.50000,1
6557,1696,1896,0.42058,2.50000,2
6558,1895,1893,0.42058,2.50000,1
6559,1896,1894,0.42058,2.50000,2
6560,1893,1897,0.42058,2.50000,2
6561,1897,1894,0.42058,2.50000,2
6562,1686,1898,0.42058,3.53553,1
6563,1687,1899,0.42058,3.53553,1
6564,1898,1883,0.42058,3.53553,1
6565,1899,1884,0.42058,3.53553,1
6566,1695,1898,0.42058,3.53553,1
6567,1696,1899,0.42058,3.53553,1
6568,1898,1893,0.42058,3.53553,1
6569,1899,1894,0.42058,3.53553,1
6570,1693,1885,0.42058,3.53553,1
6571,1694,1886,0.42058,3.53553,1
6572,1885,1891,0.42058,3.53553,1
6573,1886,1892,0.42058,3.53553,1
6574,1693,1895,0.42058,3.53553,1
6575,1694,1896,0.42058,3.53553,1
6576,1895,1891,0.42058,3.53553,1
6577,1896,1892,0.42058,3.53553,1
6578,1693,1898,0.42058,2.50000,1
6579,1694,1899,0.42058,2.50000,1
6580,1898,1891,0.42058,2.50000,1
6581,1899,1892,0.42058,2.50000,1
6582,1690,1900,0.42058,2.50000,1
6583,1900,1887,0.42058,2.50000,1
6584,1699,1901,0.42058,2.50000,1
6585,1901,1897,0.42058,2.50000,1
6586,1898,1900,0.42058,3.53553,1
6587,1900,1899,0.42058,3.53553,1
6588,1898,1901,0.42058,3.53553,1
6589,1901,1899,0.42058,3.53553,1
6590,1847,1902,0.34597,2.50000,2
6591,1850,1903,0.30182,2.50000,4
6592,1902,1904,0.34597,2.50000,2
6593,1903,1905,0.30182,2.50000,4
6594,1706,1906,0.42056,2.50000,2
6595,1707,1907,0.34596,2.50000,4
6596,1906,1904,0.42056,2.50000,2
6597,1907,1905,0.34596,2.50000,4
6598,1904,1908,0.38508,2.50000,4
6599,1908,1905,0.38508,2.50000,4
6600,1646,1909,0.42058,3.53553,1
6601,1649,1910,0.42058,3.53553,1
6602,1909,1847,0.42058,3.53553,1
6603,1910,1850,0.42058,3.53553,1
6604,1706,1909,0.42058,3.53553,1
6605,1707,1910,0.42058,3.53553,1
6606,1909,1904,0.42058,3.53553,1
6607,1910,1905,0.42058,3.53553,1
6608,1708,1852,0.42058,3.53553,1
6609,1709,1854,0.34597,3.53553,2
6610,1852,1902,0.42058,3.53553,1
6611,1854,1903,0.34597,3.53553,2
6612,1708,1906,0.42058,3.53553,1
6613,1709,1907,0.34597,3.53553,2
6614,1906,1902,0.42058,3.53553,1
6615,1907,1903,0.34597,3.53553,2
6616,1647,1708,0.42058,3.53553,1
6617,1647,1709,0.42058,3.53553,1
6618,1848,1902,0.42058,3.53553,1
6619,1848,1903,0.42058,3.53553,1
6620,1708,1710,0.42058,3.53553,1
6621,1709,1710,0.42058,3.53553,1
6622,1902,1908,0.42058,3.53553,1
6623,1903,1908,0.42058,3.53553,1
6624,1708,1909,0.42058,2.50000,1
6625,1709,1910,0.34597,2.50000,2
6626,1909,1902,0.42058,2.50000,1
6627,1910,1903,0.34597,2.50000,2
6628,1852,1909,0.42058,2.50000,1
6629,1854,1910,0.42058,2.50000,1
6630,1909,1906,0.42058,2.50000,1
6631,1910,1907,0.42058,2.50000,1
6632,1714,1911,0.25000,2.50000,4
6633,1911,1912,0.25000,2.50000,4
6634,1864,1913,0.25000,2.50000,4
6635,1913,1912,0.25000,2.50000,4
6636,1905,1914,0.25000,2.50000,4
6637,1914,1912,0.25000,2.50000,4
6638,1716,1866,0.25000,3.53553,2
6639,1716,1911,0.25000,3.53553,2
6640,1866,1913,0.25000,3.53553,2
6641,1911,1913,0.25000,3.53553,2
6642,1715,1907,0.25000,3.53553,2
6643,1715,1911,0.25000,3.53553,2
6644,1907,1914,0.25000,3.53553,2
6645,1911,1914,0.25000,3.53553,2
6646,1716,1915,0.25000,2.50000,2
6647,1915,1913,0.25000,2.50000,2
6648,1715,1916,0.25000,2.50000,2
6649,1916,1914,0.25000,2.50000,2
6650,1720,1917,0.25000,2.50000,4
6651,1917,1918,0.25000,2.50000,4
6652,1874,1919,0.25000,2.50000,4
6653,1919,1918,0.25000,2.50000,4
6654,1912,1920,0.25000,2.50000,4
6655,1920,1918,0.25000,2.50000,4
6656,1721,1876,0.25000,3.53553,2
6657,1721,1917,0.25000,3.53553,2
6658,1876,1919,0.25000,3.53553,2
6659,1917,1919,0.25000,3.53553,2
6660,1722,1911,0.25000,3.53553,2
6661,1722,1917,0.25000,3.53553,2
6662,1911,1920,0.25000,3.53553,2
6663,1917,1920,0.25000,3.53553,2
6664,1721,1921,0.25000,2.50000,2
6665,1921,1919,0.25000,2.50000,2
6666,1722,1922,0.25000,2.50000,2
6667,1922,1920,0.25000,2.50000,2
6668,1726,1923,0.35584,2.50000,4
6669,1923,1924,0.35584,2.50000,4
6670,1884,1925,0.30182,2.50000,4
6671,1925,1924,0.30182,2.50000,4
6672,1918,1926,0.25000,2.50000,4
6673,1926,1924,0.25000,2.50000,4
6674,1728,1886,0.34597,3.53553,2
6675,1728,1923,0.34597,3.53553,2
6676,1886,1925,0.34597,3.53553,2
6677,1923,1925,0.34597,3.53553,2
6678,1725,1917,0.25000,3.53553,2
6679,1725,1923,0.25000,3.53553,2
6680,1917,1926,0.25000,3.53553,2
6681,1923,1926,0.25000,3.53553,2
6682,1728,1927,0.34597,2.50000,2
6683,1927,1925,0.34597,2.50000,2
6684,1725,1928,0.25000,2.50000,2
6685,1928,1926,0.25000,2.50000,2
6686,1894,1929,0.34597,2.50000,2
6687,1929,1930,0.34597,2.50000,2
6688,1732,1931,0.43674,2.50000,2
6689,1931,1930,0.43674,2.50000,2
6690,1924,1932,0.40269,2.50000,4
6691,1932,1930,0.40269,2.50000,4
6692,1687,1927,0.42058,3.53553,1
6693,1696,1933,0.42058,3.53553,1
6694,1927,1884,0.42058,3.53553,1
6695,1933,1894,0.42058,3.53553,1
6696,1726,1927,0.42058,3.53553,1
6697,1732,1933,0.42058,3.53553,1
6698,1927,1924,0.42058,3.53553,1
6699,1933,1930,0.42058,3.53553,1
6700,1733,1896,0.42058,3.53553,1
6701,1896,1929,0.42058,3.53553,1
6702,1733,1931,0.42058,3.53553,1
6703,1931,1929,0.42058,3.53553,1
6704,1694,1728,0.42058,3.53553,1
6705,1694,1733,0.42058,3.53553,1
6706,1892,1925,0.42058,3.53553,1
6707,1892,1929,0.42058,3.53553,1
6708,1728,1734,0.42058,3.53553,1
6709,1733,1734,0.42058,3.53553,1
6710,1925,1932,0.42058,3.53553,1
6711,1929,1932,0.42058,3.53553,1
6712,1733,1933,0.42058,2.50000,1
6713,1933,1929,0.42058,2.50000,1
6714,1886,1927,0.42058,2.50000,1
6715,1896,1933,0.42058,2.50000,1
6716,1927,1923,0.42058,2.50000,1
6717,1933,1931,0.42058,2.50000,1
6718,1934,1935,0.38508,2.50000,4
6719,1935,1936,0.38508,2.50000,4
6720,1740,1937,0.42056,2.50000,2
6721,1937,1934,0.42056,2.50000,2
6722,1741,1938,0.34596,2.50000,4
6723,1938,1936,0.34596,2.50000,4
6724,1904,1939,0.42056,2.50000,2
6725,1939,1934,0.42056,2.50000,2
6726,1905,1940,0.34596,2.50000,4
6727,1940,1936,0.34596,2.50000,4
6728,1706,1941,0.42054,3.53553,1
6729,1740,1942,0.42054,3.53553,1
6730,1941,1904,0.42054,3.53553,1
6731,1942,1934,0.42054,3.53553,1
6732,1707,1941,0.42054,3.53553,1
6733,1741,1942,0.42054,3.53553,1
6734,1941,1905,0.42054,3.53553,1
6735,1942,1936,0.42054,3.53553,1
6736,1710,1906,0.42054,3.53553,1
6737,1744,1937,0.42054,3.53553,1
6738,1906,1908,0.42054,3.53553,1
6739,1937,1935,0.42054,3.53553,1
6740,1710,1907,0.42054,3.53553,1
6741,1744,1938,0.42054,3.53553,1
6742,1907,1908,0.42054,3.53553,1
6743,1938,1935,0.42054,3.53553,1
6744,1710,1941,0.42054,2.50000,1
6745,1744,1942,0.42054,2.50000,1
6746,1941,1908,0.42054,2.50000,1
6747,1942,1935,0.42054,2.50000,1
6748,1742,1943,0.42054,2.50000,1
6749,1943,1939,0.42054,2.50000,1
6750,1743,1944,0.34594,2.50000,2
6751,1944,1940,0.34594,2.50000,2
6752,1941,1943,0.42054,3.53553,1
6753,1943,1942,0.42054,3.53553,1
6754,1941,1944,0.42054,3.53553,1
6755,1944,1942,0.42054,3.53553,1
6756,1750,1945,0.25000,2.50000,4
6757,1945,1946,0.25000,2.50000,4
6758,1912,1947,0.25000,2.50000,4
6759,1947,1946,0.25000,2.50000,4
6760,1936,1948,0.25000,2.50000,4
6761,1948,1946,0.25000,2.50000,4
6762,1743,1907,0.25000,3.53553,1
6763,1751,1911,0.25000,3.53553,2
6764,1743,1938,0.25000,3.53553,1
6765,1751,1945,0.25000,3.53553,2
6766,1907,1940,0.25000,3.53553,1
6767,1911,1947,0.25000,3.53553,2
6768,1938,1940,0.25000,3.53553,1
6769,1945,1947,0.25000,3.53553,2
6770,1752,1938,0.25000,3.53553,2
6771,1752,1945,0.25000,3.53553,2
6772,1938,1948,0.25000,3.53553,2
6773,1945,1948,0.25000,3.53553,2
6774,1751,1949,0.25000,2.50000,2
6775,1949,1947,0.25000,2.50000,2
6776,1752,1950,0.25000,2.50000,2
6777,1950,1948,0.25000,2.50000,2
6778,1756,1951,0.25000,2.50000,4
6779,1951,1952,0.25000,2.50000,4
6780,1918,1953,0.25000,2.50000,4
6781,1953,1952,0.25000,2.50000,4
6782,1946,1954,0.25000,2.50000,4
6783,1954,1952,0.25000,2.50000,4
6784,1757,1917,0.25000,3.53553,2
6785,1757,1951,0.25000,3.53553,2
6786,1917,1953,0.25000,3.53553,2
6787,1951,1953,0.25000,3.53553,2
6788,1758,1945,0.25000,3.53553,2
6789,1758,1951,0.25000,3.53553,2
6790,1945,1954,0.25000,3.53553,2
6791,1951,1954,0.25000,3.53553,2
6792,1757,1955,0.25000,2.50000,2
6793,1955,1953,0.25000,2.50000,2
6794,1758,1956,0.25000,2.50000,2
6795,1956,1954,0.25000,2.50000,2
6796,1762,1957,0.35584,2.50000,4
6797,1957,1958,0.35584,2.50000,4
6798,1924,1959,0.36546,2.50000,4
6799,1959,1958,0.36546,2.50000,4
6800,1952,1960,0.25000,2.50000,4
6801,1960,1958,0.25000,2.50000,4
6802,1763,1923,0.36545,3.53553,2
6803,1763,1957,0.36545,3.53553,2
6804,1923,1959,0.36545,3.53553,2
6805,1957,1959,0.36545,3.53553,2
6806,1764,1951,0.25000,3.53553,2
6807,1764,1957,0.25000,3.53553,2
6808,1951,1960,0.25000,3.53553,2
6809,1957,1960,0.25000,3.53553,2
6810,1763,1961,0.36545,2.50000,2
6811,1961,1959,0.36545,2.50000,2
6812,1764,1962,0.25000,2.50000,2
6813,1962,1960,0.25000,2.50000,2
6814,1768,1963,0.43674,2.50000,2
6815,1963,1964,0.43674,2.50000,2
6816,1958,1965,0.40268,2.50000,4
6817,1965,1964,0.40268,2.50000,4
6818,1930,1966,0.45235,2.50000,2
6819,1966,1964,0.45235,2.50000,2
6820,1726,1967,0.45233,3.53553,1
6821,1762,1968,0.45233,3.53553,1
6822,1732,1967,0.45233,3.53553,1
6823,1768,1968,0.45233,3.53553,1
6824,1967,1924,0.45233,3.53553,1
6825,1968,1958,0.45233,3.53553,1
6826,1967,1930,0.45233,3.53553,1
6827,1968,1964,0.45233,3.53553,1
6828,1769,1931,0.45233,3.53553,1
6829,1769,1963,0.45233,3.53553,1
6830,1931,1966,0.45233,3.53553,1
6831,1963,1966,0.45233,3.53553,1
6832,1734,1967,0.45233,2.50000,1
6833,1770,1968,0.45233,2.50000,1
6834,1967,1932,0.45233,2.50000,1
6835,1968,1965,0.45233,2.50000,1
6836,1734,1969,0.45233,2.50000,1
6837,1969,1770,0.45233,2.50000,1
6838,1932,1970,0.45233,2.50000,1
6839,1970,1965,0.45233,2.50000,1
6840,1769,1971,0.45233,2.50000,1
6841,1971,1966,0.45233,2.50000,1
6842,1934,1972,0.34597,2.50000,2
6843,1936,1973,0.30182,2.50000,4
6844,1972,1974,0.34597,2.50000,2
6845,1973,1975,0.30182,2.50000,4
6846,1775,1976,0.42058,2.50000,2
6847,1776,1977,0.35910,2.50000,4
6848,1976,1974,0.42058,2.50000,2
6849,1977,1975,0.35910,2.50000,4
6850,1974,1978,0.38509,2.50000,4
6851,1978,1975,0.38509,2.50000,4
6852,1740,1979,0.42058,3.53553,1
6853,1741,1980,0.42058,3.53553,1
6854,1979,1934,0.42058,3.53553,1
6855,1980,1936,0.42058,3.53553,1
6856,1775,1979,0.42058,3.53553,1
6857,1776,1980,0.42058,3.53553,1
6858,1979,1974,0.42058,3.53553,1
6859,1980,1975,0.42058,3.53553,1
6860,1777,1937,0.42058,3.53553,1
6861,1778,1938,0.34597,3.53553,2
6862,1937,1972,0.42058,3.53553,1
6863,1938,1973,0.34597,3.53553,2
6864,1777,1976,0.42058,3.53553,1
6865,1778,1977,0.34597,3.53553,2
6866,1976,1972,0.42058,3.53553,1
6867,1977,1973,0.34597,3.53553,2
6868,1744,1777,0.42058,3.53553,1
6869,1744,1778,0.42058,3.53553,1
6870,1935,1972,0.42058,3.53553,1
6871,1935,1973,0.42058,3.53553,1
6872,1777,1779,0.42058,3.53553,1
6873,1778,1779,0.42058,3.53553,1
6874,1972,1978,0.42058,3.53553,1
6875,1973,1978,0.42058,3.53553,1
6876,1777,1979,0.42058,2.50000,1
6877,1778,1980,0.34597,2.50000,2
6878,1979,1972,0.42058,2.50000,1
6879,1980,1973,0.34597,2.50000,2
6880,1937,1979,0.42058,2.50000,1
6881,1938,1980,0.42058,2.50000,1
6882,1979,1976,0.42058,2.50000,1
6883,1980,1977,0.42058,2.50000,1
6884,1783,1981,0.27354,2.50000,4
6885,1981,1982,0.27354,2.50000,4
6886,1946,1983,0.25000,2.50000,4
6887,1983,1982,0.25000,2.50000,4
6888,1975,1984,0.26787,2.50000,4
6889,1984,1982,0.26787,2.50000,4
6890,1784,1945,0.25000,3.53553,2
6891,1784,1981,0.25000,3.53553,2
6892,1945,1983,0.25000,3.53553,2
6893,1981,1983,0.25000,3.53553,2
6894,1785,1977,0.28463,3.53553,2
6895,1785,1981,0.28463,3.53553,2
6896,1977,1984,0.28463,3.53553,2
6897,1981,1984,0.28463,3.53553,2
6898,1784,1985,0.25000,2.50000,2
6899,1985,1983,0.25000,2.50000,2
6900,1785,1986,0.28463,2.50000,2
6901,1986,1984,0.28463,2.50000,2
6902,1789,1987,0.28655,2.50000,4
6903,1987,1988,0.28655,2.50000,4
6904,1952,1989,0.25000,2.50000,4
6905,1989,1988,0.25000,2.50000,4
6906,1982,1990,0.27507,2.50000,4
6907,1990,1988,0.27507,2.50000,4
6908,1790,1951,0.25000,3.53553,2
6909,1790,1987,0.25000,3.53553,2
6910,1951,1989,0.25000,3.53553,2
6911,1987,1989,0.25000,3.53553,2
6912,1791,1981,0.26199,3.53553,2
6913,1791,1987,0.26199,3.53553,2
6914,1981,1990,0.26199,3.53553,2
6915,1987,1990,0.26199,3.53553,2
6916,1790,1991,0.25000,2.50000,2
6917,1991,1989,0.25000,2.50000,2
6918,1791,1992,0.26199,2.50000,2
6919,1992,1990,0.26199,2.50000,2
6920,1795,1993,0.36910,2.50000,4
6921,1993,1994,0.36910,2.50000,4
6922,1958,1995,0.30182,2.50000,4
6923,1995,1994,0.30182,2.50000,4
6924,1988,1996,0.28114,2.50000,4
6925,1996,1994,0.28114,2.50000,4
6926,1797,1957,0.34596,3.53553,2
6927,1797,1993,0.34596,3.53553,2
6928,1957,1995,0.34596,3.53553,2
6929,1993,1995,0.34596,3.53553,2
6930,1796,1987,0.30917,3.53553,2
6931,1796,1993,0.30917,3.53553,2
6932,1987,1996,0.30917,3.53553,2
6933,1993,1996,0.30917,3.53553,2
6934,1797,1997,0.34596,2.50000,2
6935,1997,1995,0.34596,2.50000,2
6936,1796,1998,0.30917,2.50000,2
6937,1998,1996,0.30917,2.50000,2
6938,1964,1999,0.34596,2.50000,2
6939,1999,2000,0.34596,2.50000,2
6940,1801,2001,0.42058,2.50000,2
6941,2001,2000,0.42058,2.50000,2
6942,1994,2002,0.40000,2.50000,4
6943,2002,2000,0.40000,2.50000,4
6944,1762,1997,0.42057,3.53553,1
6945,1768,2003,0.42057,3.53553,1
6946,1997,1958,0.42057,3.53553,1
6947,2003,1964,0.42057,3.53553,1
6948,1795,1997,0.42057,3.53553,1
6949,1801,2003,0.42057,3.53553,1
6950,1997,1994,0.42057,3.53553,1
6951,2003,2000,0.42057,3.53553,1
6952,1802,1963,0.42057,3.53553,1
6953,1963,1999,0.42057,3.53553,1
6954,1802,2001,0.42057,3.53553,1
6955,2001,1999,0.42057,3.53553,1
6956,1770,1797,0.42057,3.53553,1
6957,1770,1802,0.42057,3.53553,1
6958,1965,1995,0.42057,3.53553,1
6959,1965,1999,0.42057,3.53553,1
6960,1797,1803,0.42057,3.53553,1
6961,1802,1803,0.42057,3.53553,1
6962,1995,2002,0.42057,3.53553,1
6963,1999,2002,0.42057,3.53553,1
6964,1802,2003,0.42057,2.50000,1
6965,2003,1999,0.42057,2.50000,1
6966,1957,1997,0.42057,2.50000,1
6967,1963,2003,0.42057,2.50000,1
6968,1997,1993,0.42057,2.50000,1
6969,2003,2001,0.42057,2.50000,1
6970,2004,2005,0.42058,2.50000,2
6971,2005,2006,0.42058,2.50000,2
6972,1805,2007,0.42058,2.50000,1
6973,2007,2004,0.42058,2.50000,1
6974,1807,2008,0.37176,2.50000,2
6975,2008,2006,0.37176,2.50000,2
6976,1974,2009,0.42058,2.50000,2
6977,2009,2004,0.42058,2.50000,2
6978,1975,2010,0.35910,2.50000,4
6979,2010,2006,0.35910,2.50000,4
6980,1775,2011,0.42058,3.53553,1
6981,1805,2012,0.42058,3.53553,1
6982,2011,1974,0.42058,3.53553,1
6983,2012,2004,0.42058,3.53553,1
6984,1776,2011,0.42058,3.53553,1
6985,1807,2012,0.42058,3.53553,1
6986,2011,1975,0.42058,3.53553,1
6987,2012,2006,0.42058,3.53553,1
6988,1779,1976,0.42058,3.53553,1
6989,1806,2007,0.42058,3.53553,1
6990,1976,1978,0.42058,3.53553,1
6991,2007,2005,0.42058,3.53553,1
6992,1779,1977,0.42058,3.53553,1
6993,1806,2008,0.42058,3.53553,1
6994,1977,1978,0.42058,3.53553,1
6995,2008,2005,0.42058,3.53553,1
6996,1779,2011,0.42058,2.50000,1
6997,1806,2012,0.42058,2.50000,1
6998,2011,1978,0.42058,2.50000,1
6999,2012,2005,0.42058,2.50000,1
7000,1810,2013,0.42058,2.50000,1
7001,2013,2009,0.42058,2.50000,1
7002,1811,2014,0.42058,2.50000,1
7003,2014,2010,0.42058,2.50000,1
7004,2011,2013,0.42058,3.53553,1
7005,2013,2012,0.42058,3.53553,1
7006,2011,2014,0.42058,3.53553,1
7007,2014,2012,0.42058,3.53553,1
7008,2006,2015,0.28463,2.50000,2
7009,2015,2016,0.28463,2.50000,2
7010,1817,2017,0.29521,2.50000,2
7011,2017,2016,0.29521,2.50000,2
7012,1982,2018,0.29141,2.50000,4
7013,2018,2016,0.29141,2.50000,4
7014,1776,1986,0.31548,3.53553,1
7015,1807,2019,0.31548,3.53553,1
7016,1986,1975,0.31548,3.53553,1
7017,2019,2006,0.31548,3.53553,1
7018,1783,1986,0.31548,3.53553,1
7019,1817,2019,0.31548,3.53553,1
7020,1986,1982,0.31548,3.53553,1
7021,2019,2016,0.31548,3.53553,1
7022,1818,2008,0.31548,3.53553,1
7023,2008,2015,0.31548,3.53553,1
7024,1818,2017,0.31548,3.53553,1
7025,2017,2015,0.31548,3.53553,1
7026,1818,2019,0.31548,2.50000,1
7027,2019,2015,0.31548,2.50000,1
7028,1785,2020,0.31548,3.53553,1
7029,1818,2020,0.31548,3.53553,1
7030,2020,1984,0.31548,3.53553,1
7031,2020,2015,0.31548,3.53553,1
7032,1811,2020,0.31548,3.53553,1
7033,2020,2010,0.31548,3.53553,1
7034,1819,2020,0.31548,3.53553,1
7035,2020,2018,0.31548,3.53553,1
7036,2016,2021,0.29804,2.50000,2
7037,2021,2022,0.29804,2.50000,2
7038,1822,2023,0.31894,2.50000,2
7039,2023,2022,0.31894,2.50000,2
7040,1988,2024,0.30365,2.50000,4
7041,2024,2022,0.30365,2.50000,4
7042,1783,1992,0.27345,3.53553,1
7043,1817,2025,0.27345,3.53553,1
7044,1992,1982,0.27345,3.53553,1
7045,2025,2016,0.27345,3.53553,1
7046,1789,1992,0.27345,3.53553,1
7047,1822,2025,0.27345,3.53553,1
7048,1992,1988,0.27345,3.53553,1
7049,2025,2022,0.27345,3.53553,1
7050,1823,2017,0.27345,3.53553,1
7051,2017,2021,0.27345,3.53553,1
7052,1823,2023,0.27345,3.53553,1
7053,2023,2021,0.27345,3.53553,1
7054,1823,2025,0.27345,2.50000,1
7055,2025,2021,0.27345,2.50000,1
7056,1819,2026,0.27345,3.53553,1
7057,2026,2018,0.27345,3.53553,1
7058,1824,2026,0.27345,3.53553,1
7059,2026,2024,0.27345,3.53553,1
7060,2022,2027,0.30917,2.50000,2
7061,2027,2028,0.30917,2.50000,2
7062,1831,2029,0.39087,2.50000,2
7063,2029,2028,0.39087,2.50000,2
7064,1994,2030,0.38464,2.50000,4
7065,2030,2028,0.38464,2.50000,4
7066,1789,1998,0.35870,3.53553,1
7067,1822,2031,0.35870,3.53553,1
7068,1998,1988,0.35870,3.53553,1
7069,2031,2022,0.35870,3.53553,1
7070,1795,1998,0.35870,3.53553,1
7071,1831,2031,0.35870,3.53553,1
7072,1998,1994,0.35870,3.53553,1
7073,2031,2028,0.35870,3.53553,1
7074,1830,2023,0.35870,3.53553,1
7075,2023,2027,0.35870,3.53553,1
7076,1830,2029,0.35870,3.53553,1
7077,2029,2027,0.35870,3.53553,1
7078,1830,2031,0.35870,2.50000,1
7079,2031,2027,0.35870,2.50000,1
7080,1987,1998,0.35870,2.50000,1
7081,2023,2031,0.35870,2.50000,1
7082,1998,1993,0.35870,2.50000,1
7083,2031,2029,0.35870,2.50000,1
7084,1836,1998,0.35870,3.53553,1
7085,1836,2031,0.35870,3.53553,1
7086,1998,2032,0.35870,3.53553,1
7087,2031,2032,0.35870,3.53553,1
7088,2028,2033,0.44756,2.50000,2
7089,2033,2034,0.44756,2.50000,2
7090,1838,2035,0.42058,2.50000,1
7091,2035,2034,0.42058,2.50000,1
7092,2000,2036,0.44756,2.50000,2
7093,2036,2034,0.44756,2.50000,2
7094,1795,2037,0.42058,3.53553,1
7095,1831,2038,0.42058,3.53553,1
7096,2037,1994,0.42058,3.53553,1
7097,2038,2028,0.42058,3.53553,1
7098,1801,2037,0.42058,3.53553,1
7099,1838,2038,0.42058,3.53553,1
7100,2037,2000,0.42058,3.53553,1
7101,2038,2034,0.42058,3.53553,1
7102,1803,1993,0.42058,3.53553,1
7103,1837,2029,0.42058,3.53553,1
7104,1993,2002,0.42058,3.53553,1
7105,2029,2033,0.42058,3.53553,1
7106,1803,2001,0.42058,3.53553,1
7107,1837,2035,0.42058,3.53553,1
7108,2001,2002,0.42058,3.53553,1
7109,2035,2033,0.42058,3.53553,1
7110,1803,2037,0.42058,2.50000,1
7111,1837,2038,0.42058,2.50000,1
7112,2037,2002,0.42058,2.50000,1
7113,2038,2033,0.42058,2.50000,1
7114,1833,2039,0.42058,2.50000,1
7115,2039,2030,0.42058,2.50000,1
7116,1840,2040,0.42058,2.50000,1
7117,2040,2036,0.42058,2.50000,1
7118,2037,2039,0.42058,3.53553,1
7119,2039,2038,0.42058,3.53553,1
7120,2037,2040,0.42058,3.53553,1
7121,2040,2038,0.42058,3.53553,1
7122,1845,2041,0.47308,2.50000,1
7123,1849,2042,0.37835,2.50000,2
7124,1847,2043,0.37835,2.50000,2
7125,1850,2044,0.32066,2.50000,4
7126,2041,2045,0.47308,2.50000,1
7127,2042,2046,0.37835,2.50000,2
7128,2043,2047,0.37835,2.50000,2
7129,2044,2048,0.32066,2.50000,4
7130,2045,2049,0.41702,2.50000,2
7131,2046,2050,0.34381,2.50000,4
7132,2049,2047,0.41702,2.50000,2
7133,2050,2048,0.34381,2.50000,4
7134,2045,2051,0.41702,2.50000,2
7135,2051,2046,0.41702,2.50000,2
7136,2047,2052,0.34381,2.50000,4
7137,2052,2048,0.34381,2.50000,4
7138,1845,2053,0.47308,3.53553,1
7139,1849,2054,0.47308,3.53553,1
7140,1847,2053,0.47308,3.53553,1
7141,1850,2054,0.47308,3.53553,1
7142,2053,2045,0.47308,3.53553,1
7143,2054,2046,0.47308,3.53553,1
7144,2053,2047,0.47308,3.53553,1
7145,2054,2048,0.47308,3.53553,1
7146,1845,2055,0.47308,3.53553,1
7147,1849,2055,0.47308,3.53553,1
7148,1847,2056,0.47308,3.53553,1
7149,1850,2056,0.47308,3.53553,1
7150,2055,2045,0.47308,3.53553,1
7151,2055,2046,0.47308,3.53553,1
7152,2056,2047,0.47308,3.53553,1
7153,2056,2048,0.47308,3.53553,1
7154,1855,2053,0.47308,2.50000,1
7155,1856,2054,0.47308,2.50000,1
7156,2053,2049,0.47308,2.50000,1
7157,2054,2050,0.47308,2.50000,1
7158,1846,2055,0.47308,2.50000,1
7159,1848,2056,0.47308,2.50000,1
7160,2055,2051,0.47308,2.50000,1
7161,2056,2052,0.47308,2.50000,1
7162,2046,2057,0.25000,2.50000,2
7163,2048,2058,0.25000,2.50000,4
7164,2057,2059,0.25000,2.50000,2
7165,2058,2060,0.25000,2.50000,4
7166,1863,2061,0.28866,2.50000,2
7167,1864,2062,0.27002,2.50000,4
7168,2061,2059,0.28866,2.50000,2
7169,2062,2060,0.27002,2.50000,4
7170,2059,2063,0.27002,2.50000,4
7171,2063,2060,0.27002,2.50000,4
7172,1849,2064,0.25000,3.53553,1
7173,1850,2065,0.25000,3.53553,1
7174,2064,2046,0.25000,3.53553,1
7175,2065,2048,0.25000,3.53553,1
7176,1863,2064,0.25000,3.53553,1
7177,1864,2065,0.25000,3.53553,1
7178,2064,2059,0.25000,3.53553,1
7179,2065,2060,0.25000,3.53553,1
7180,1849,1870,0.25000,3.53553,1
7181,1870,1850,0.25000,3.53553,1
7182,2046,2066,0.25000,3.53553,2
7183,2066,2048,0.25000,3.53553,2
7184,1863,1870,0.25000,3.53553,1
7185,1870,1864,0.25000,3.53553,1
7186,2059,2066,0.25000,3.53553,2
7187,2066,2060,0.25000,3.53553,2
7188,1861,2042,0.25000,3.53553,1
7189,1862,2044,0.25000,3.53553,2
7190,2042,2057,0.25000,3.53553,1
7191,2044,2058,0.25000,3.53553,2
7192,1861,2061,0.25000,3.53553,1
7193,1862,2062,0.25000,3.53553,2
7194,2061,2057,0.25000,3.53553,1
7195,2062,2058,0.25000,3.53553,2
7196,1856,2067,0.25000,3.53553,1
7197,2067,2050,0.25000,3.53553,1
7198,1867,2067,0.25000,3.53553,1
7199,2067,2063,0.25000,3.53553,1
7200,1870,2054,0.25000,3.53553,1
7201,2054,2066,0.25000,3.53553,1
7202,1870,2068,0.25000,3.53553,1
7203,2068,2066,0.25000,3.53553,1
7204,2059,2069,0.28866,2.50000,2
7205,2060,2070,0.27002,2.50000,4
7206,2069,2071,0.28866,2.50000,2
7207,2070,2072,0.27002,2.50000,4
7208,1873,2073,0.28866,2.50000,2
7209,1874,2074,0.27002,2.50000,4
7210,2073,2071,0.28866,2.50000,2
7211,2074,2072,0.27002,2.50000,4
7212,2071,2075,0.27002,2.50000,4
7213,2075,2072,0.27002,2.50000,4
7214,1863,2076,0.32272,3.53553,1
7215,1864,2077,0.32272,3.53553,1
7216,2076,2059,0.32272,3.53553,1
7217,2077,2060,0.32272,3.53553,1
7218,1873,2076,0.32272,3.53553,1
7219,1874,2077,0.32272,3.53553,1
7220,2076,2071,0.32272,3.53553,1
7221,2077,2072,0.32272,3.53553,1
7222,1871,2061,0.32272,3.53553,1
7223,1872,2062,0.28866,3.53553,2
7224,2061,2069,0.32272,3.53553,1
7225,2062,2070,0.28866,3.53553,2
7226,1871,2073,0.32272,3.53553,1
7227,1872,2074,0.28866,3.53553,2
7228,2073,2069,0.32272,3.53553,1
7229,2074,2070,0.28866,3.53553,2
7230,2071,2078,0.25000,2.50000,2
7231,2072,2079,0.25000,2.50000,4
7232,2078,2080,0.25000,2.50000,2
7233,2079,2081,0.25000,2.50000,4
7234,1883,2082,0.34597,2.50000,2
7235,1884,2083,0.30182,2.50000,4
7236,2082,2080,0.34597,2.50000,2
7237,2083,2081,0.30182,2.50000,4
7238,2080,2084,0.32750,2.50000,4
7239,2084,2081,0.32750,2.50000,4
7240,1873,2085,0.25000,3.53553,1
7241,1874,2086,0.25000,3.53553,1
7242,2085,2071,0.25000,3.53553,1
7243,2086,2072,0.25000,3.53553,1
7244,1883,2085,0.25000,3.53553,1
7245,1884,2086,0.25000,3.53553,1
7246,2085,2080,0.25000,3.53553,1
7247,2086,2081,0.25000,3.53553,1
7248,1873,2087,0.25000,3.53553,1
7249,2087,1874,0.25000,3.53553,1
7250,2071,2088,0.25000,3.53553,2
7251,2088,2072,0.25000,3.53553,2
7252,1883,2087,0.25000,3.53553,1
7253,2087,1884,0.25000,3.53553,1
7254,2080,2088,0.25000,3.53553,2
7255,2088,2081,0.25000,3.53553,2
7256,1881,2073,0.25000,3.53553,1
7257,1882,2074,0.25000,3.53553,2
7258,2073,2078,0.25000,3.53553,1
7259,2074,2079,0.25000,3.53553,2
7260,1881,2082,0.25000,3.53553,1
7261,1882,2083,0.25000,3.53553,2
7262,2082,2078,0.25000,3.53553,1
7263,2083,2079,0.25000,3.53553,2
7264,1877,2089,0.25000,3.53553,1
7265,2089,2075,0.25000,3.53553,1
7266,1887,2089,0.25000,3.53553,1
7267,2089,2084,0.25000,3.53553,1
7268,2087,2090,0.25000,3.53553,1
7269,2090,2088,0.25000,3.53553,1
7270,2087,2091,0.25000,3.53553,1
7271,2091,2088,0.25000,3.53553,1
7272,1893,2092,0.42058,2.50000,1
7273,1894,2093,0.34597,2.50000,2
7274,2092,2094,0.42058,2.50000,1
7275,2093,2095,0.34597,2.50000,2
7276,2080,2096,0.38988,2.50000,2
7277,2081,2097,0.32750,2.50000,4
7278,2096,2094,0.38988,2.50000,2
7279,2097,2095,0.32750,2.50000,4
7280,2094,2098,0.38988,2.50000,2
7281,2098,2095,0.38988,2.50000,2
7282,1883,2099,0.42058,3.53553,1
7283,1884,2100,0.42058,3.53553,1
7284,1893,2099,0.42058,3.53553,1
7285,1894,2100,0.42058,3.53553,1
7286,2099,2080,0.42058,3.53553,1
7287,2100,2081,0.42058,3.53553,1
7288,2099,2094,0.42058,3.53553,1
7289,2100,2095,0.42058,3.53553,1
7290,1891,2082,0.42058,3.53553,1
7291,1892,2083,0.42058,3.53553,1
7292,1891,2092,0.42058,3.53553,1
7293,1892,2093,0.42058,3.53553,1
7294,2082,2096,0.42058,3.53553,1
7295,2083,2097,0.42058,3.53553,1
7296,2092,2096,0.42058,3.53553,1
7297,2093,2097,0.42058,3.53553,1
7298,1887,2082,0.42058,3.53553,1
7299,1887,2083,0.42058,3.53553,1
7300,1897,2092,0.42058,3.53553,1
7301,1897,2093,0.42058,3.53553,1
7302,2082,2084,0.42058,3.53553,1
7303,2083,2084,0.42058,3.53553,1
7304,2092,2098,0.42058,3.53553,1
7305,2093,2098,0.42058,3.53553,1
7306,1891,2099,0.42058,2.50000,1
7307,1892,2100,0.42058,2.50000,1
7308,2099,2096,0.42058,2.50000,1
7309,2100,2097,0.42058,2.50000,1
7310,1887,2091,0.42058,2.50000,1
7311,1897,2101,0.42058,2.50000,1
7312,2091,2084,0.42058,2.50000,1
7313,2101,2098,0.42058,2.50000,1
7314,2047,2102,0.25000,2.50000,2
7315,2048,2103,0.25000,2.50000,4
7316,2102,2104,0.25000,2.50000,2
7317,2103,2105,0.25000,2.50000,4
7318,1904,2106,0.34597,2.50000,2
7319,1905,2107,0.30182,2.50000,4
7320,2106,2104,0.34597,2.50000,2
7321,2107,2105,0.30182,2.50000,4
7322,2104,2108,0.35313,2.50000,4
7323,2108,2105,0.35313,2.50000,4
7324,1847,2109,0.25000,3.53553,1
7325,1850,2110,0.25000,3.53553,1
7326,2109,2047,0.25000,3.53553,1
7327,2110,2048,0.25000,3.53553,1
7328,1904,2109,0.25000,3.53553,1
7329,1905,2110,0.25000,3.53553,1
7330,2109,2104,0.25000,3.53553,1
7331,2110,2105,0.25000,3.53553,1
7332,1847,2111,0.25000,3.53553,1
7333,1850,2111,0.25000,3.53553,1
7334,2047,2112,0.25000,3.53553,2
7335,2048,2112,0.25000,3.53553,2
7336,2111,1904,0.25000,3.53553,1
7337,2111,1905,0.25000,3.53553,1
7338,2112,2104,0.25000,3.53553,2
7339,2112,2105,0.25000,3.53553,2
7340,1902,2043,0.25000,3.53553,1
7341,1903,2044,0.25000,3.53553,2
7342,2043,2102,0.25000,3.53553,1
7343,2044,2103,0.25000,3.53553,2
7344,1902,2106,0.25000,3.53553,1
7345,1903,2107,0.25000,3.53553,2
7346,2106,2102,0.25000,3.53553,1
7347,2107,2103,0.25000,3.53553,2
7348,1848,2113,0.25000,3.53553,1
7349,2113,2052,0.25000,3.53553,1
7350,1908,2113,0.25000,3.53553,1
7351,2113,2108,0.25000,3.53553,1
7352,2111,2056,0.25000,3.53553,1
7353,2056,2112,0.25000,3.53553,1
7354,2111,2114,0.25000,3.53553,1
7355,2114,2112,0.25000,3.53553,1
7356,1912,2115,0.25000,2.50000,4
7357,2115,2116,0.25000,2.50000,4
7358,2060,2117,0.25000,2.50000,4
7359,2117,2116,0.25000,2.50000,4
7360,2105,2118,0.25000,2.50000,4
7361,2118,2116,0.25000,2.50000,4
7362,1913,2062,0.25000,3.53553,2
7363,1913,2115,0.25000,3.53553,2
7364,2062,2117,0.25000,3.53553,2
7365,2115,2117,0.25000,3.53553,2
7366,1914,2107,0.25000,3.53553,2
7367,1914,2115,0.25000,3.53553,2
7368,2107,2118,0.25000,3.53553,2
7369,2115,2118,0.25000,3.53553,2
7370,1903,2110,0.25000,2.50000,1
7371,1913,2119,0.25000,2.50000,2
7372,2110,2103,0.25000,2.50000,1
7373,2119,2117,0.25000,2.50000,2
7374,1862,2065,0.25000,2.50000,1
7375,1914,2120,0.25000,2.50000,2
7376,2065,2058,0.25000,2.50000,1
7377,2120,2118,0.25000,2.50000,2
7378,1918,2121,0.25000,2.50000,4
7379,2121,2122,0.25000,2.50000,4
7380,2072,2123,0.25000,2.50000,4
7381,2123,2122,0.25000,2.50000,4
7382,2116,2124,0.25000,2.50000,4
7383,2124,2122,0.25000,2.50000,4
7384,1919,2074,0.25000,3.53553,2
7385,1919,2121,0.25000,3.53553,2
7386,2074,2123,0.25000,3.53553,2
7387,2121,2123,0.25000,3.53553,2
7388,1920,2115,0.25000,3.53553,2
7389,1920,2121,0.25000,3.53553,2
7390,2115,2124,0.25000,3.53553,2
7391,2121,2124,0.25000,3.53553,2
7392,1919,2125,0.25000,2.50000,2
7393,2125,2123,0.25000,2.50000,2
7394,1872,2077,0.25000,2.50000,1
7395,1920,2126,0.25000,2.50000,2
7396,2077,2070,0.25000,2.50000,1
7397,2126,2124,0.25000,2.50000,2
7398,1924,2127,0.31310,2.50000,4
7399,2127,2128,0.31310,2.50000,4
7400,2081,2129,0.25000,2.50000,4
7401,2129,2128,0.25000,2.50000,4
7402,2122,2130,0.25000,2.50000,4
7403,2130,2128,0.25000,2.50000,4
7404,1925,2083,0.25000,3.53553,2
7405,1925,2127,0.25000,3.53553,2
7406,2083,2129,0.25000,3.53553,2
7407,2127,2129,0.25000,3.53553,2
7408,1926,2121,0.25000,3.53553,2
7409,1926,2127,0.25000,3.53553,2
7410,2121,2130,0.25000,3.53553,2
7411,2127,2130,0.25000,3.53553,2
7412,1925,2131,0.25000,2.50000,1
7413,2131,2129,0.25000,2.50000,1
7414,1882,2086,0.25000,2.50000,1
7415,1926,2132,0.25000,2.50000,2
7416,2086,2079,0.25000,2.50000,1
7417,2132,2130,0.25000,2.50000,2
7418,2095,2133,0.25000,2.50000,2
7419,2133,2134,0.25000,2.50000,2
7420,1930,2135,0.36547,2.50000,2
7421,2135,2134,0.36547,2.50000,2
7422,2128,2136,0.36247,2.50000,4
7423,2136,2134,0.36247,2.50000,4
7424,1884,2131,0.25000,3.53553,1
7425,1894,2137,0.25000,3.53553,1
7426,2131,2081,0.25000,3.53553,1
7427,2137,2095,0.25000,3.53553,1
7428,1924,2131,0.25000,3.53553,1
7429,1930,2137,0.25000,3.53553,1
7430,2131,2128,0.25000,3.53553,1
7431,2137,2134,0.25000,3.53553,1
7432,1884,2138,0.25000,3.53553,1
7433,1894,2138,0.25000,3.53553,1
7434,2081,2139,0.25000,3.53553,2
7435,2095,2139,0.25000,3.53553,2
7436,2138,1924,0.25000,3.53553,1
7437,2138,1930,0.25000,3.53553,1
7438,2139,2128,0.25000,3.53553,2
7439,2139,2134,0.25000,3.53553,2
7440,1929,2093,0.25000,3.53553,1
7441,2093,2133,0.25000,3.53553,1
7442,1929,2135,0.25000,3.53553,1
7443,2135,2133,0.25000,3.53553,1
7444,1892,2140,0.25000,3.53553,1
7445,2140,2097,0.25000,3.53553,1
7446,1932,2140,0.25000,3.53553,1
7447,2140,2136,0.25000,3.53553,1
7448,2138,2100,0.25000,3.53553,1
7449,2100,2139,0.25000,3.53553,1
7450,2138,2141,0.25000,3.53553,1
7451,2141,2139,0.25000,3.53553,1
7452,1934,2142,0.34597,2.50000,2
7453,1936,2143,0.30182,2.50000,4
7454,2142,2144,0.34597,2.50000,2
7455,2143,2145,0.30182,2.50000,4
7456,2144,2146,0.35313,2.50000,4
7457,2146,2145,0.35313,2.50000,4
7458,2104,2147,0.43232,2.50000,2
7459,2147,2144,0.43232,2.50000,2
7460,2105,2148,0.35313,2.50000,4
7461,2148,2145,0.35313,2.50000,4
7462,1904,2114,0.42058,3.53553,1
7463,1934,2149,0.42058,3.53553,1
7464,1905,2114,0.42058,3.53553,1
7465,1936,2149,0.42058,3.53553,1
7466,2114,2104,0.42058,3.53553,1
7467,2149,2144,0.42058,3.53553,1
7468,2114,2105,0.42058,3.53553,1
7469,2149,2145,0.42058,3.53553,1
7470,1908,2106,0.42058,3.53553,1
7471,1935,2142,0.42058,3.53553,1
7472,1908,2107,0.42058,3.53553,1
7473,1935,2143,0.42058,3.53553,1
7474,2106,2108,0.42058,3.53553,1
7475,2142,2146,0.42058,3.53553,1
7476,2107,2108,0.42058,3.53553,1
7477,2143,2146,0.42058,3.53553,1
7478,1939,2106,0.42058,3.53553,1
7479,1939,2142,0.42058,3.53553,1
7480,1940,2107,0.34597,3.53553,2
7481,1940,2143,0.34597,3.53553,2
7482,2106,2147,0.42058,3.53553,1
7483,2142,2147,0.42058,3.53553,1
7484,2107,2148,0.34597,3.53553,2
7485,2143,2148,0.34597,3.53553,2
7486,1908,2114,0.42058,2.50000,1
7487,1935,2149,0.42058,2.50000,1
7488,2114,2108,0.42058,2.50000,1
7489,2149,2146,0.42058,2.50000,1
7490,1939,2150,0.42058,2.50000,1
7491,1940,2151,0.34597,2.50000,2
7492,2150,2147,0.42058,2.50000,1
7493,2151,2148,0.34597,2.50000,2
7494,1946,2152,0.25000,2.50000,4
7495,2152,2153,0.25000,2.50000,4
7496,2116,2154,0.25000,2.50000,4
7497,2154,2153,0.25000,2.50000,4
7498,2145,2155,0.25000,2.50000,4
7499,2155,2153,0.25000,2.50000,4
7500,1947,2115,0.25000,3.53553,2
7501,1947,2152,0.25000,3.53553,2
7502,2115,2154,0.25000,3.53553,2
7503,2152,2154,0.25000,3.53553,2
7504,1948,2143,0.25000,3.53553,2
7505,1948,2152,0.25000,3.53553,2
7506,2143,2155,0.25000,3.53553,2
7507,2152,2155,0.25000,3.53553,2
7508,1947,2156,0.25000,2.50000,2
7509,2156,2154,0.25000,2.50000,2
7510,1948,2157,0.25000,2.50000,2
7511,2157,2155,0.25000,2.50000,2
7512,1952,2158,0.25000,2.50000,4
7513,2158,2159,0.25000,2.50000,4
7514,2122,2160,0.25000,2.50000,4
7515,2160,2159,0.25000,2.50000,4
7516,2153,2161,0.25000,2.50000,4
7517,2161,2159,0.25000,2.50000,4
7518,1953,2121,0.25000,3.53553,2
7519,1953,2158,0.25000,3.53553,2
7520,2121,2160,0.25000,3.53553,2
7521,2158,2160,0.25000,3.53553,2
7522,1954,2152,0.25000,3.53553,2
7523,1954,2158,0.25000,3.53553,2
7524,2152,2161,0.25000,3.53553,2
7525,2158,2161,0.25000,3.53553,2
7526,1953,2162,0.25000,2.50000,2
7527,2162,2160,0.25000,2.50000,2
7528,1954,2163,0.25000,2.50000,2
7529,2163,2161,0.25000,2.50000,2
7530,1958,2164,0.31310,2.50000,4
7531,2164,2165,0.31310,2.50000,4
7532,2128,2166,0.36247,2.50000,4
7533,2166,2165,0.36247,2.50000,4
7534,2159,2167,0.25000,2.50000,4
7535,2167,2165,0.25000,2.50000,4
7536,1959,2127,0.36547,3.53553,2
7537,1959,2164,0.36547,3.53553,2
7538,2127,2166,0.36547,3.53553,2
7539,2164,2166,0.36547,3.53553,2
7540,1960,2158,0.25000,3.53553,2
7541,1960,2164,0.25000,3.53553,2
7542,2158,2167,0.25000,3.53553,2
7543,2164,2167,0.25000,3.53553,2
7544,1959,2168,0.36547,2.50000,2
7545,2168,2166,0.36547,2.50000,2
7546,1960,2169,0.25000,2.50000,2
7547,2169,2167,0.25000,2.50000,2
7548,2134,2170,0.44752,2.50000,2
7549,2170,2171,0.44752,2.50000,2
7550,1964,2172,0.36547,2.50000,2
7551,2172,2171,0.36547,2.50000,2
7552,2165,2173,0.36247,2.50000,4
7553,2173,2171,0.36247,2.50000,4
7554,1966,2135,0.45237,3.53553,1
7555,2135,2170,0.45237,3.53553,1
7556,1966,2172,0.45237,3.53553,1
7557,2172,2170,0.45237,3.53553,1
7558,1966,2174,0.45237,2.50000,1
7559,2174,2170,0.45237,2.50000,1
7560,1932,2141,0.45237,2.50000,1
7561,2141,2136,0.45237,2.50000,1
7562,1965,2175,0.45237,2.50000,1
7563,2175,2173,0.45237,2.50000,1
7564,1970,2168,0.45237,3.53553,1
7565,1970,2174,0.45237,3.53553,1
7566,2168,2176,0.45237,3.53553,1
7567,2174,2176,0.45237,3.53553,1
7568,1970,2177,0.45237,2.50000,1
7569,2177,2176,0.45237,2.50000,1
7570,2144,2178,0.25000,2.50000,2
7571,2145,2179,0.25000,2.50000,4
7572,2178,2180,0.25000,2.50000,2
7573,2179,2181,0.25000,2.50000,4
7574,1974,2182,0.34597,2.50000,2
7575,1975,2183,0.30182,2.50000,4
7576,2182,2180,0.34597,2.50000,2
7577,2183,2181,0.30182,2.50000,4
7578,2180,2184,0.32616,2.50000,4
7579,2184,2181,0.32616,2.50000,4
7580,1934,2185,0.25000,3.53553,1
7581,1936,2186,0.25000,3.53553,1
7582,2185,2144,0.25000,3.53553,1
7583,2186,2145,0.25000,3.53553,1
7584,1974,2185,0.25000,3.53553,1
7585,1975,2186,0.25000,3.53553,1
7586,2185,2180,0.25000,3.53553,1
7587,2186,2181,0.25000,3.53553,1
7588,1934,2187,0.25000,3.53553,1
7589,1936,2187,0.25000,3.53553,1
7590,2144,2188,0.25000,3.53553,2
7591,2145,2188,0.25000,3.53553,2
7592,2187,1974,0.25000,3.53553,1
7593,2187,1975,0.25000,3.53553,1
7594,2188,2180,0.25000,3.53553,2
7595,2188,2181,0.25000,3.53553,2
7596,1972,2142,0.25000,3.53553,1
7597,1973,2143,0.25000,3.53553,2
7598,2142,2178,0.25000,3.53553,1
7599,2143,2179,0.25000,3.53553,2
7600,1972,2182,0.25000,3.53553,1
7601,1973,2183,0.25000,3.53553,2
7602,2182,2178,0.25000,3.53553,1
7603,2183,2179,0.25000,3.53553,2
7604,1935,2189,0.25000,3.53553,1
7605,2189,2146,0.25000,3.53553,1
7606,1978,2189,0.25000,3.53553,1
7607,2189,2184,0.25000,3.53553,1
7608,2187,2149,0.25000,3.53553,1
7609,2149,2188,0.25000,3.53553,1
7610,2187,2190,0.25000,3.53553,1
7611,2190,2188,0.25000,3.53553,1
7612,1982,2191,0.26944,2.50000,4
7613,2191,2192,0.26944,2.50000,4
7614,2153,2193,0.25000,2.50000,4
7615,2193,2192,0.25000,2.50000,4
7616,2181,2194,0.25000,2.50000,4
7617,2194,2192,0.25000,2.50000,4
7618,1983,2152,0.25000,3.53553,2
7619,1983,2191,0.25000,3.53553,2
7620,2152,2193,0.25000,3.53553,2
7621,2191,2193,0.25000,3.53553,2
7622,1984,2183,0.25000,3.53553,2
7623,1984,2191,0.25000,3.53553,2
7624,2183,2194,0.25000,3.53553,2
7625,2191,2194,0.25000,3.53553,2
7626,1973,2186,0.25000,2.50000,1
7627,1983,2195,0.25000,2.50000,2
7628,2186,2179,0.25000,2.50000,1
7629,2195,2193,0.25000,2.50000,2
7630,1984,2196,0.25000,2.50000,1
7631,2196,2194,0.25000,2.50000,1
7632,1988,2197,0.26944,2.50000,4
7633,2197,2198,0.26944,2.50000,4
7634,2159,2199,0.25000,2.50000,4
7635,2199,2198,0.25000,2.50000,4
7636,2192,2200,0.26944,2.50000,4
7637,2200,2198,0.26944,2.50000,4
7638,1989,2158,0.25000,3.53553,2
7639,1989,2197,0.25000,3.53553,2
7640,2158,2199,0.25000,3.53553,2
7641,2197,2199,0.25000,3.53553,2
7642,1990,2191,0.28756,3.53553,2
7643,1990,2197,0.28756,3.53553,2
7644,2191,2200,0.28756,3.53553,2
7645,2197,2200,0.28756,3.53553,2
7646,1989,2201,0.25000,2.50000,2
7647,2201,2199,0.25000,2.50000,2
7648,1990,2202,0.25000,2.50000,1
7649,2202,2200,0.25000,2.50000,1
7650,1994,2203,0.32064,2.50000,4
7651,2203,2204,0.32064,2.50000,4
7652,2165,2205,0.25000,2.50000,4
7653,2205,2204,0.25000,2.50000,4
7654,2198,2206,0.25000,2.50000,4
7655,2206,2204,0.25000,2.50000,4
7656,1995,2164,0.25000,3.53553,2
7657,1995,2203,0.25000,3.53553,2
7658,2164,2205,0.25000,3.53553,2
7659,2203,2205,0.25000,3.53553,2
7660,1996,2197,0.25000,3.53553,2
7661,1996,2203,0.25000,3.53553,2
7662,2197,2206,0.25000,3.53553,2
7663,2203,2206,0.25000,3.53553,2
7664,1995,2207,0.25000,2.50000,1
7665,2207,2205,0.25000,2.50000,1
7666,1996,2208,0.25000,2.50000,1
7667,2208,2206,0.25000,2.50000,1
7668,2171,2209,0.25000,2.50000,2
7669,2209,2210,0.25000,2.50000,2
7670,2000,2211,0.37830,2.50000,2
7671,2211,2210,0.37830,2.50000,2
7672,2204,2212,0.34404,2.50000,4
7673,2212,2210,0.34404,2.50000,4
7674,1958,2207,0.25000,3.53553,1
7675,1964,2213,0.25000,3.53553,1
7676,2207,2165,0.25000,3.53553,1
7677,2213,2171,0.25000,3.53553,1
7678,1994,2207,0.25000,3.53553,1
7679,2000,2213,0.25000,3.53553,1
7680,2207,2204,0.25000,3.53553,1
7681,2213,2210,0.25000,3.53553,1
7682,1958,2214,0.25000,3.53553,1
7683,1964,2214,0.25000,3.53553,1
7684,2165,2215,0.25000,3.53553,2
7685,2171,2215,0.25000,3.53553,2
7686,2214,1994,0.25000,3.53553,1
7687,2214,2000,0.25000,3.53553,1
7688,2215,2204,0.25000,3.53553,2
7689,2215,2210,0.25000,3.53553,2
7690,1999,2172,0.25000,3.53553,1
7691,2172,2209,0.25000,3.53553,1
7692,1999,2211,0.25000,3.53553,1
7693,2211,2209,0.25000,3.53553,1
7694,1965,2216,0.25000,3.53553,1
7695,2216,2173,0.25000,3.53553,1
7696,2002,2216,0.25000,3.53553,1
7697,2216,2212,0.25000,3.53553,1
7698,2214,2175,0.25000,3.53553,1
7699,2175,2215,0.25000,3.53553,1
7700,2214,2217,0.25000,3.53553,1
7701,2217,2215,0.25000,3.53553,1
7702,2004,2218,0.42058,2.50000,1
7703,2006,2219,0.34597,2.50000,2
7704,2218,2220,0.42058,2.50000,1
7705,2219,2221,0.34597,2.50000,2
7706,2220,2222,0.38764,2.50000,2
7707,2222,2221,0.38764,2.50000,2
7708,2180,2223,0.38764,2.50000,2
7709,2223,2220,0.38764,2.50000,2
7710,2181,2224,0.32616,2.50000,4
7711,2224,2221,0.32616,2.50000,4
7712,1974,2190,0.42058,3.53553,1
7713,2004,2225,0.42058,3.53553,1
7714,1975,2190,0.42058,3.53553,1
7715,2006,2225,0.42058,3.53553,1
7716,2190,2180,0.42058,3.53553,1
7717,2225,2220,0.42058,3.53553,1
7718,2190,2181,0.42058,3.53553,1
7719,2225,2221,0.42058,3.53553,1
7720,1978,2182,0.42058,3.53553,1
7721,2005,2218,0.42058,3.53553,1
7722,1978,2183,0.42058,3.53553,1
7723,2005,2219,0.42058,3.53553,1
7724,2182,2184,0.42058,3.53553,1
7725,2218,2222,0.42058,3.53553,1
7726,2183,2184,0.42058,3.53553,1
7727,2219,2222,0.42058,3.53553,1
7728,2009,2182,0.42058,3.53553,1
7729,2009,2218,0.42058,3.53553,1
7730,2010,2183,0.42058,3.53553,1
7731,2010,2219,0.42058,3.53553,1
7732,2182,2223,0.42058,3.53553,1
7733,2218,2223,0.42058,3.53553,1
7734,2183,2224,0.42058,3.53553,1
7735,2219,2224,0.42058,3.53553,1
7736,1978,2190,0.42058,2.50000,1
7737,2005,2225,0.42058,2.50000,1
7738,2190,2184,0.42058,2.50000,1
7739,2225,2222,0.42058,2.50000,1
7740,2009,2226,0.42058,2.50000,1
7741,2010,2227,0.42058,2.50000,1
7742,2226,2223,0.42058,2.50000,1
7743,2227,2224,0.42058,2.50000,1
7744,2221,2228,0.25000,2.50000,2
7745,2228,2229,0.25000,2.50000,2
7746,2016,2230,0.28756,2.50000,2
7747,2230,2229,0.28756,2.50000,2
7748,2192,2231,0.26944,2.50000,4
7749,2231,2229,0.26944,2.50000,4
7750,1975,2196,0.25000,3.53553,1
7751,2006,2232,0.25000,3.53553,1
7752,2196,2181,0.25000,3.53553,1
7753,2232,2221,0.25000,3.53553,1
7754,1982,2196,0.25000,3.53553,1
7755,2016,2232,0.25000,3.53553,1
7756,2196,2192,0.25000,3.53553,1
7757,2232,2229,0.25000,3.53553,1
7758,1975,2233,0.25000,3.53553,1
7759,2233,2006,0.25000,3.53553,1
7760,2181,2234,0.25000,3.53553,2
7761,2234,2221,0.25000,3.53553,2
7762,1982,2233,0.25000,3.53553,1
7763,2233,2016,0.25000,3.53553,1
7764,2192,2234,0.25000,3.53553,2
7765,2234,2229,0.25000,3.53553,2
7766,2015,2219,0.25000,3.53553,1
7767,2219,2228,0.25000,3.53553,1
7768,2015,2230,0.25000,3.53553,1
7769,2230,2228,0.25000,3.53553,1
7770,2010,2235,0.25000,3.53553,1
7771,2235,2224,0.25000,3.53553,1
7772,2018,2235,0.25000,3.53553,1
7773,2235,2231,0.25000,3.53553,1
7774,2233,2227,0.25000,3.53553,1
7775,2227,2234,0.25000,3.53553,1
7776,2233,2236,0.25000,3.53553,1
7777,2236,2234,0.25000,3.53553,1
7778,2229,2237,0.28756,2.50000,2
7779,2237,2238,0.28756,2.50000,2
7780,2022,2239,0.28756,2.50000,2
7781,2239,2238,0.28756,2.50000,2
7782,2198,2240,0.26944,2.50000,4
7783,2240,2238,0.26944,2.50000,4
7784,1982,2202,0.32075,3.53553,1
7785,2016,2241,0.32075,3.53553,1
7786,2202,2192,0.32075,3.53553,1
7787,2241,2229,0.32075,3.53553,1
7788,1988,2202,0.32075,3.53553,1
7789,2022,2241,0.32075,3.53553,1
7790,2202,2198,0.32075,3.53553,1
7791,2241,2238,0.32075,3.53553,1
7792,2021,2230,0.32075,3.53553,1
7793,2230,2237,0.32075,3.53553,1
7794,2021,2239,0.32075,3.53553,1
7795,2239,2237,0.32075,3.53553,1
7796,2238,2242,0.25000,2.50000,2
7797,2242,2243,0.25000,2.50000,2
7798,2028,2244,0.37830,2.50000,2
7799,2244,2243,0.37830,2.50000,2
7800,2204,2245,0.34404,2.50000,4
7801,2245,2243,0.34404,2.50000,4
7802,1988,2208,0.25000,3.53553,1
7803,2022,2246,0.25000,3.53553,1
7804,2208,2198,0.25000,3.53553,1
7805,2246,2238,0.25000,3.53553,1
7806,1994,2208,0.25000,3.53553,1
7807,2028,2246,0.25000,3.53553,1
7808,2208,2204,0.25000,3.53553,1
7809,2246,2243,0.25000,3.53553,1
7810,1988,2032,0.25000,3.53553,1
7811,2032,2022,0.25000,3.53553,1
7812,2198,2247,0.25000,3.53553,2
7813,2247,2238,0.25000,3.53553,2
7814,1994,2032,0.25000,3.53553,1
7815,2032,2028,0.25000,3.53553,1
7816,2204,2247,0.25000,3.53553,2
7817,2247,2243,0.25000,3.53553,2
7818,2027,2239,0.25000,3.53553,1
7819,2239,2242,0.25000,3.53553,1
7820,2027,2244,0.25000,3.53553,1
7821,2244,2242,0.25000,3.53553,1
7822,2024,2248,0.25000,3.53553,1
7823,2248,2240,0.25000,3.53553,1
7824,2030,2248,0.25000,3.53553,1
7825,2248,2245,0.25000,3.53553,1
7826,2032,2249,0.25000,3.53553,1
7827,2249,2247,0.25000,3.53553,1
7828,2032,2250,0.25000,3.53553,1
7829,2250,2247,0.25000,3.53553,1
7830,2034,2251,0.47300,2.50000,1
7831,2251,2252,0.47300,2.50000,1
7832,2243,2253,0.41741,2.50000,2
7833,2253,2252,0.41741,2.50000,2
7834,2210,2254,0.41741,2.50000,2
7835,2254,2252,0.41741,2.50000,2
7836,1994,2217,0.47300,3.53553,1
7837,2028,2255,0.47300,3.53553,1
7838,2000,2217,0.47300,3.53553,1
7839,2034,2255,0.47300,3.53553,1
7840,2217,2204,0.47300,3.53553,1
7841,2255,2243,0.47300,3.53553,1
7842,2217,2210,0.47300,3.53553,1
7843,2255,2252,0.47300,3.53553,1
7844,1994,2250,0.47300,3.53553,1
7845,2028,2250,0.47300,3.53553,1
7846,2000,2256,0.47300,3.53553,1
7847,2034,2256,0.47300,3.53553,1
7848,2250,2204,0.47300,3.53553,1
7849,2250,2243,0.47300,3.53553,1
7850,2256,2210,0.47300,3.53553,1
7851,2256,2252,0.47300,3.53553,1
7852,2002,2217,0.47300,2.50000,1
7853,2033,2255,0.47300,2.50000,1
7854,2217,2212,0.47300,2.50000,1
7855,2255,2253,0.47300,2.50000,1
7856,2030,2250,0.47300,2.50000,1
7857,2036,2256,0.47300,2.50000,1
7858,2250,2245,0.47300,2.50000,1
7859,2256,2254,0.47300,2.50000,1
7860,2257,2258,0.31107,2.50000,2
7861,2259,2260,0.28219,2.50000,4
7862,2258,2261,0.31107,2.50000,2
7863,2260,2262,0.28219,2.50000,4
7864,2045,2263,0.35216,2.50000,1
7865,2047,2264,0.30538,2.50000,2
7866,2263,2257,0.35216,2.50000,1
7867,2264,2259,0.30538,2.50000,2
7868,2046,2265,0.30538,2.50000,2
7869,2048,2266,0.27907,2.50000,4
7870,2265,2261,0.30538,2.50000,2
7871,2266,2262,0.27907,2.50000,4
7872,2257,2267,0.31107,2.50000,2
7873,2267,2259,0.31107,2.50000,2
7874,2261,2268,0.28219,2.50000,4
7875,2268,2262,0.28219,2.50000,4
7876,2045,2269,0.35216,3.53553,1
7877,2047,2270,0.35216,3.53553,1
7878,2269,2257,0.35216,3.53553,1
7879,2270,2259,0.35216,3.53553,1
7880,2046,2269,0.35216,3.53553,1
7881,2048,2270,0.35216,3.53553,1
7882,2269,2261,0.35216,3.53553,1
7883,2270,2262,0.35216,3.53553,1
7884,2045,2271,0.35216,3.53553,1
7885,2271,2047,0.35216,3.53553,1
7886,2257,2272,0.35216,3.53553,1
7887,2272,2259,0.35216,3.53553,1
7888,2046,2271,0.35216,3.53553,1
7889,2271,2048,0.35216,3.53553,1
7890,2261,2272,0.35216,3.53553,1
7891,2272,2262,0.35216,3.53553,1
7892,2051,2269,0.35216,2.50000,1
7893,2052,2270,0.35216,2.50000,1
7894,2269,2258,0.35216,2.50000,1
7895,2270,2260,0.35216,2.50000,1
7896,2049,2273,0.35216,2.50000,1
7897,2273,2267,0.35216,2.50000,1
7898,2050,2274,0.35216,2.50000,1
7899,2274,2268,0.35216,2.50000,1
7900,2271,2275,0.35216,2.50000,1
7901,2275,2272,0.35216,2.50000,1
7902,2261,2276,0.25000,2.50000,2
7903,2262,2277,0.25000,2.50000,4
7904,2276,2278,0.25000,2.50000,2
7905,2277,2279,0.25000,2.50000,4
7906,2059,2280,0.25000,2.50000,2
7907,2060,2281,0.25000,2.50000,4
7908,2280,2278,0.25000,2.50000,2
7909,2281,2279,0.25000,2.50000,4
7910,2278,2282,0.25000,2.50000,4
7911,2282,2279,0.25000,2.50000,4
7912,2046,2283,0.25000,3.53553,1
7913,2048,2284,0.25000,3.53553,1
7914,2283,2261,0.25000,3.53553,1
7915,2284,2262,0.25000,3.53553,1
7916,2059,2283,0.25000,3.53553,1
7917,2060,2284,0.25000,3.53553,1
7918,2283,2278,0.25000,3.53553,1
7919,2284,2279,0.25000,3.53553,1
7920,2261,2285,0.25000,3.53553,1
7921,2285,2262,0.25000,3.53553,1
7922,2278,2285,0.25000,3.53553,1
7923,2285,2279,0.25000,3.53553,1
7924,2057,2265,0.25000,3.53553,1
7925,2058,2266,0.25000,3.53553,2
7926,2265,2276,0.25000,3.53553,1
7927,2266,2277,0.25000,3.53553,2
7928,2057,2280,0.25000,3.53553,1
7929,2058,2281,0.25000,3.53553,2
7930,2280,2276,0.25000,3.53553,1
7931,2281,2277,0.25000,3.53553,2
7932,2050,2286,0.25000,3.53553,1
7933,2286,2268,0.25000,3.53553,1
7934,2063,2286,0.25000,3.53553,1
7935,2286,2282,0.25000,3.53553,1
7936,2066,2274,0.25000,3.53553,1
7937,2274,2285,0.25000,3.53553,1
7938,2066,2287,0.25000,3.53553,1
7939,2287,2285,0.25000,3.53553,1
7940,2071,2288,0.25000,2.50000,2
7941,2072,2289,0.25000,2.50000,4
7942,2288,2290,0.25000,2.50000,2
7943,2289,2291,0.25000,2.50000,4
7944,2278,2292,0.25000,2.50000,2
7945,2279,2293,0.25000,2.50000,4
7946,2292,2290,0.25000,2.50000,2
7947,2293,2291,0.25000,2.50000,4
7948,2290,2294,0.25000,2.50000,4
7949,2294,2291,0.25000,2.50000,4
7950,2059,2295,0.25000,3.53553,1
7951,2060,2296,0.25000,3.53553,2
7952,2071,2295,0.25000,3.53553,1
7953,2072,2296,0.25000,3.53553,2
7954,2295,2278,0.25000,3.53553,1
7955,2296,2279,0.25000,3.53553,2
7956,2295,2290,0.25000,3.53553,1
7957,2296,2291,0.25000,3.53553,2
7958,2063,2297,0.25000,3.53553,1
7959,2075,2297,0.25000,3.53553,1
7960,2297,2282,0.25000,3.53553,1
7961,2297,2294,0.25000,3.53553,1
7962,2295,2297,0.25000,2.50000,1
7963,2297,2296,0.25000,2.50000,1
7964,2290,2298,0.25000,2.50000,2
7965,2291,2299,0.25000,2.50000,4
7966,2298,2300,0.25000,2.50000,2
7967,2299,2301,0.25000,2.50000,4
7968,2080,2302,0.30792,2.50000,2
7969,2081,2303,0.28046,2.50000,4
7970,2302,2300,0.30792,2.50000,2
7971,2303,2301,0.28046,2.50000,4
7972,2300,2304,0.28447,2.50000,4
7973,2304,2301,0.28447,2.50000,4
7974,2071,2305,0.25000,3.53553,1
7975,2072,2306,0.25000,3.53553,1
7976,2305,2290,0.25000,3.53553,1
7977,2306,2291,0.25000,3.53553,1
7978,2080,2305,0.25000,3.53553,1
7979,2081,2306,0.25000,3.53553,1
7980,2305,2300,0.25000,3.53553,1
7981,2306,2301,0.25000,3.53553,1
7982,2290,2307,0.25000,3.53553,1
7983,2307,2291,0.25000,3.53553,1
7984,2300,2307,0.25000,3.53553,1
7985,2307,2301,0.25000,3.53553,1
7986,2078,2288,0.25000,3.53553,1
7987,2079,2289,0.25000,3.53553,2
7988,2288,2298,0.25000,3.53553,1
7989,2289,2299,0.25000,3.53553,2
7990,2078,2302,0.25000,3.53553,1
7991,2079,2303,0.25000,3.53553,2
7992,2302,2298,0.25000,3.53553,1
7993,2303,2299,0.25000,3.53553,2
7994,2075,2308,0.25000,3.53553,1
7995,2308,2294,0.25000,3.53553,1
7996,2084,2308,0.25000,3.53553,1
7997,2308,2304,0.25000,3.53553,1
7998,2088,2309,0.25000,3.53553,1
7999,2309,2307,0.25000,3.53553,1
8000,2088,2310,0.25000,3.53553,1
8001,2310,2307,0.25000,3.53553,1
8002,2300,2311,0.31519,2.50000,2
8003,2301,2312,0.28447,2.50000,4
8004,2311,2313,0.31519,2.50000,2
8005,2312,2314,0.28447,2.50000,4
8006,2094,2315,0.35655,2.50000,1
8007,2095,2316,0.30792,2.50000,2
8008,2315,2313,0.35655,2.50000,1
8009,2316,2314,0.30792,2.50000,2
8010,2313,2317,0.31519,2.50000,2
8011,2317,2314,0.31519,2.50000,2
8012,2080,2318,0.35655,3.53553,1
8013,2081,2319,0.35655,3.53553,1
8014,2318,2300,0.35655,3.53553,1
8015,2319,2301,0.35655,3.53553,1
8016,2094,2318,0.35655,3.53553,1
8017,2095,2319,0.35655,3.53553,1
8018,2318,2313,0.35655,3.53553,1
8019,2319,2314,0.35655,3.53553,1
8020,2080,2320,0.35655,3.53553,1
8021,2320,2081,0.35655,3.53553,1
8022,2300,2321,0.35655,3.53553,1
8023,2321,2301,0.35655,3.53553,1
8024,2094,2320,0.35655,3.53553,1
8025,2320,2095,0.35655,3.53553,1
8026,2313,2321,0.35655,3.53553,1
8027,2321,2314,0.35655,3.53553,1
8028,2096,2318,0.35655,2.50000,1
8029,2097,2319,0.35655,2.50000,1
8030,2318,2311,0.35655,2.50000,1
8031,2319,2312,0.35655,2.50000,1
8032,2084,2310,0.35655,2.50000,1
8033,2310,2304,0.35655,2.50000,1
8034,2098,2322,0.35655,2.50000,1
8035,2322,2317,0.35655,2.50000,1
8036,2320,2323,0.35655,2.50000,1
8037,2323,2321,0.35655,2.50000,1
8038,2259,2324,0.25000,2.50000,2
8039,2262,2325,0.25000,2.50000,4
8040,2324,2326,0.25000,2.50000,2
8041,2325,2327,0.25000,2.50000,4
8042,2104,2328,0.36015,2.50000,2
8043,2105,2329,0.31000,2.50000,4
8044,2328,2326,0.36015,2.50000,2
8045,2329,2327,0.31000,2.50000,4
8046,2326,2330,0.32840,2.50000,4
8047,2330,2327,0.32840,2.50000,4
8048,2047,2331,0.25000,3.53553,1
8049,2048,2332,0.25000,3.53553,1
8050,2331,2259,0.25000,3.53553,1
8051,2332,2262,0.25000,3.53553,1
8052,2104,2331,0.25000,3.53553,1
8053,2105,2332,0.25000,3.53553,1
8054,2331,2326,0.25000,3.53553,1
8055,2332,2327,0.25000,3.53553,1
8056,2259,2333,0.25000,3.53553,1
8057,2262,2333,0.25000,3.53553,1
8058,2333,2326,0.25000,3.53553,1
8059,2333,2327,0.25000,3.53553,1
8060,2102,2264,0.25000,3.53553,1
8061,2103,2266,0.25000,3.53553,2
8062,2264,2324,0.25000,3.53553,1
8063,2266,2325,0.25000,3.53553,2
8064,2102,2328,0.25000,3.53553,1
8065,2103,2329,0.25000,3.53553,2
8066,2328,2324,0.25000,3.53553,1
8067,2329,2325,0.25000,3.53553,2
8068,2052,2334,0.25000,3.53553,1
8069,2334,2260,0.25000,3.53553,1
8070,2108,2334,0.25000,3.53553,1
8071,2334,2330,0.25000,3.53553,1
8072,2112,2270,0.25000,3.53553,1
8073,2270,2333,0.25000,3.53553,1
8074,2112,2335,0.25000,3.53553,1
8075,2335,2333,0.25000,3.53553,1
8076,2116,2336,0.25000,2.50000,4
8077,2336,2337,0.25000,2.50000,4
8078,2279,2338,0.25000,2.50000,4
8079,2338,2337,0.25000,2.50000,4
8080,2327,2339,0.25000,2.50000,4
8081,2339,2337,0.25000,2.50000,4
8082,2117,2281,0.25000,3.53553,1
8083,2117,2336,0.25000,3.53553,1
8084,2281,2338,0.25000,3.53553,1
8085,2336,2338,0.25000,3.53553,1
8086,2118,2329,0.25000,3.53553,2
8087,2118,2336,0.25000,3.53553,2
8088,2329,2339,0.25000,3.53553,2
8089,2336,2339,0.25000,3.53553,2
8090,2103,2332,0.25000,2.50000,1
8091,2117,2340,0.25000,2.50000,1
8092,2332,2325,0.25000,2.50000,1
8093,2340,2338,0.25000,2.50000,1
8094,2058,2284,0.25000,2.50000,1
8095,2118,2341,0.25000,2.50000,2
8096,2284,2277,0.25000,2.50000,1
8097,2341,2339,0.25000,2.50000,2
8098,2337,2342,0.25000,2.50000,4
8099,2342,2343,0.25000,2.50000,4
8100,2122,2344,0.25000,2.50000,4
8101,2344,2343,0.25000,2.50000,4
8102,2291,2345,0.25000,2.50000,4
8103,2345,2343,0.25000,2.50000,4
8104,2116,2346,0.25000,3.53553,1
8105,2346,2337,0.25000,3.53553,1
8106,2122,2346,0.25000,3.53553,1
8107,2346,2343,0.25000,3.53553,1
8108,2070,2281,0.25000,3.53553,1
8109,2124,2336,0.25000,3.53553,2
8110,2281,2293,0.25000,3.53553,1
8111,2336,2342,0.25000,3.53553,2
8112,2070,2289,0.25000,3.53553,1
8113,2124,2344,0.25000,3.53553,2
8114,2289,2293,0.25000,3.53553,1
8115,2344,2342,0.25000,3.53553,2
8116,2128,2347,0.30960,2.50000,4
8117,2347,2348,0.30960,2.50000,4
8118,2301,2349,0.25000,2.50000,4
8119,2349,2348,0.25000,2.50000,4
8120,2343,2350,0.25000,2.50000,4
8121,2350,2348,0.25000,2.50000,4
8122,2123,2289,0.25000,3.53553,1
8123,2129,2303,0.25000,3.53553,2
8124,2123,2344,0.25000,3.53553,1
8125,2129,2347,0.25000,3.53553,2
8126,2289,2345,0.25000,3.53553,1
8127,2303,2349,0.25000,3.53553,2
8128,2344,2345,0.25000,3.53553,1
8129,2347,2349,0.25000,3.53553,2
8130,2130,2344,0.25000,3.53553,2
8131,2130,2347,0.25000,3.53553,2
8132,2344,2350,0.25000,3.53553,2
8133,2347,2350,0.25000,3.53553,2
8134,2123,2351,0.25000,2.50000,1
8135,2129,2352,0.25000,2.50000,1
8136,2351,2345,0.25000,2.50000,1
8137,2352,2349,0.25000,2.50000,1
8138,2079,2306,0.25000,2.50000,1
8139,2130,2353,0.25000,2.50000,2
8140,2306,2299,0.25000,2.50000,1
8141,2353,2350,0.25000,2.50000,2
8142,2314,2354,0.25000,2.50000,2
8143,2354,2355,0.25000,2.50000,2
8144,2134,2356,0.35945,2.50000,2
8145,2356,2355,0.35945,2.50000,2
8146,2348,2357,0.32870,2.50000,4
8147,2357,2355,0.32870,2.50000,4
8148,2081,2352,0.25000,3.53553,1
8149,2095,2358,0.25000,3.53553,1
8150,2352,2301,0.25000,3.53553,1
8151,2358,2314,0.25000,3.53553,1
8152,2128,2352,0.25000,3.53553,1
8153,2134,2358,0.25000,3.53553,1
8154,2352,2348,0.25000,3.53553,1
8155,2358,2355,0.25000,3.53553,1
8156,2301,2359,0.25000,3.53553,1
8157,2314,2359,0.25000,3.53553,1
8158,2359,2348,0.25000,3.53553,1
8159,2359,2355,0.25000,3.53553,1
8160,2133,2316,0.25000,3.53553,1
8161,2316,2354,0.25000,3.53553,1
8162,2133,2356,0.25000,3.53553,1
8163,2356,2354,0.25000,3.53553,1
8164,2097,2360,0.25000,3.53553,1
8165,2360,2312,0.25000,3.53553,1
8166,2136,2360,0.25000,3.53553,1
8167,2360,2357,0.25000,3.53553,1
8168,2139,2319,0.25000,3.53553,1
8169,2319,2359,0.25000,3.53553,1
8170,2139,2361,0.25000,3.53553,1
8171,2361,2359,0.25000,3.53553,1
8172,2144,2362,0.36015,2.50000,2
8173,2145,2363,0.31000,2.50000,4
8174,2362,2364,0.36015,2.50000,2
8175,2363,2365,0.31000,2.50000,4
8176,2326,2366,0.39139,2.50000,2
8177,2327,2367,0.32840,2.50000,4
8178,2366,2364,0.39139,2.50000,2
8179,2367,2365,0.32840,2.50000,4
8180,2364,2368,0.32840,2.50000,4
8181,2368,2365,0.32840,2.50000,4
8182,2147,2328,0.44375,3.53553,1
8183,2148,2329,0.36015,3.53553,2
8184,2147,2362,0.44375,3.53553,1
8185,2148,2363,0.36015,3.53553,2
8186,2328,2366,0.44375,3.53553,1
8187,2329,2367,0.36015,3.53553,2
8188,2362,2366,0.44375,3.53553,1
8189,2363,2367,0.36015,3.53553,2
8190,2108,2328,0.44375,3.53553,1
8191,2108,2329,0.44375,3.53553,1
8192,2146,2362,0.44375,3.53553,1
8193,2146,2363,0.44375,3.53553,1
8194,2328,2330,0.44375,3.53553,1
8195,2329,2330,0.44375,3.53553,1
8196,2362,2368,0.44375,3.53553,1
8197,2363,2368,0.44375,3.53553,1
8198,2147,2369,0.44375,2.50000,1
8199,2148,2370,0.36015,2.50000,2
8200,2369,2366,0.44375,2.50000,1
8201,2370,2367,0.36015,2.50000,2
8202,2108,2335,0.44375,2.50000,1
8203,2146,2371,0.44375,2.50000,1
8204,2335,2330,0.44375,2.50000,1
8205,2371,2368,0.44375,2.50000,1
8206,2153,2372,0.25000,2.50000,4
8207,2372,2373,0.25000,2.50000,4
8208,2337,2374,0.25000,2.50000,4
8209,2374,2373,0.25000,2.50000,4
8210,2365,2375,0.25000,2.50000,4
8211,2375,2373,0.25000,2.50000,4
8212,2154,2336,0.25000,3.53553,2
8213,2154,2372,0.25000,3.53553,2
8214,2336,2374,0.25000,3.53553,2
8215,2372,2374,0.25000,3.53553,2
8216,2155,2363,0.25000,3.53553,2
8217,2155,2372,0.25000,3.53553,2
8218,2363,2375,0.25000,3.53553,2
8219,2372,2375,0.25000,3.53553,2
8220,2154,2376,0.25000,2.50000,2
8221,2376,2374,0.25000,2.50000,2
8222,2155,2377,0.25000,2.50000,2
8223,2377,2375,0.25000,2.50000,2
8224,2159,2378,0.25000,2.50000,4
8225,2378,2379,0.25000,2.50000,4
8226,2343,2380,0.25000,2.50000,4
8227,2380,2379,0.25000,2.50000,4
8228,2373,2381,0.25000,2.50000,4
8229,2381,2379,0.25000,2.50000,4
8230,2160,2344,0.25000,3.53553,2
8231,2160,2378,0.25000,3.53553,2
8232,2344,2380,0.25000,3.53553,2
8233,2378,2380,0.25000,3.53553,2
8234,2161,2372,0.25000,3.53553,2
8235,2161,2378,0.25000,3.53553,2
8236,2372,2381,0.25000,3.53553,2
8237,2378,2381,0.25000,3.53553,2
8238,2160,2382,0.25000,2.50000,2
8239,2382,2380,0.25000,2.50000,2
8240,2124,2346,0.25000,2.50000,1
8241,2161,2383,0.25000,2.50000,1
8242,2346,2342,0.25000,2.50000,1
8243,2383,2381,0.25000,2.50000,1
8244,2165,2384,0.30960,2.50000,4
8245,2384,2385,0.30960,2.50000,4
8246,2348,2386,0.32870,2.50000,4
8247,2386,2385,0.32870,2.50000,4
8248,2379,2387,0.25000,2.50000,4
8249,2387,2385,0.25000,2.50000,4
8250,2166,2347,0.35945,3.53553,2
8251,2166,2384,0.35945,3.53553,2
8252,2347,2386,0.35945,3.53553,2
8253,2384,2386,0.35945,3.53553,2
8254,2167,2378,0.25000,3.53553,2
8255,2167,2384,0.25000,3.53553,2
8256,2378,2387,0.25000,3.53553,2
8257,2384,2387,0.25000,3.53553,2
8258,2166,2388,0.35945,2.50000,2
8259,2388,2386,0.35945,2.50000,2
8260,2167,2389,0.25000,2.50000,2
8261,2389,2387,0.25000,2.50000,2
8262,2171,2390,0.35945,2.50000,2
8263,2390,2391,0.35945,2.50000,2
8264,2355,2392,0.39190,2.50000,2
8265,2392,2391,0.39190,2.50000,2
8266,2385,2393,0.32870,2.50000,4
8267,2393,2391,0.32870,2.50000,4
8268,2170,2356,0.44262,3.53553,1
8269,2170,2390,0.44262,3.53553,1
8270,2356,2392,0.44262,3.53553,1
8271,2390,2392,0.44262,3.53553,1
8272,2136,2347,0.44262,3.53553,1
8273,2136,2356,0.44262,3.53553,1
8274,2173,2384,0.44262,3.53553,1
8275,2173,2390,0.44262,3.53553,1
8276,2347,2357,0.44262,3.53553,1
8277,2356,2357,0.44262,3.53553,1
8278,2384,2393,0.44262,3.53553,1
8279,2390,2393,0.44262,3.53553,1
8280,2170,2394,0.44262,2.50000,1
8281,2394,2392,0.44262,2.50000,1
8282,2136,2361,0.44262,2.50000,1
8283,2173,2395,0.44262,2.50000,1
8284,2361,2357,0.44262,2.50000,1
8285,2395,2393,0.44262,2.50000,1
8286,2364,2396,0.25000,2.50000,2
8287,2365,2397,0.25000,2.50000,4
8288,2396,2398,0.25000,2.50000,2
8289,2397,2399,0.25000,2.50000,4
8290,2180,2400,0.30507,2.50000,2
8291,2181,2401,0.27890,2.50000,4
8292,2400,2398,0.30507,2.50000,2
8293,2401,2399,0.27890,2.50000,4
8294,2398,2402,0.28191,2.50000,4
8295,2402,2399,0.28191,2.50000,4
8296,2144,2403,0.25000,3.53553,1
8297,2145,2404,0.25000,3.53553,1
8298,2403,2364,0.25000,3.53553,1
8299,2404,2365,0.25000,3.53553,1
8300,2180,2403,0.25000,3.53553,1
8301,2181,2404,0.25000,3.53553,1
8302,2403,2398,0.25000,3.53553,1
8303,2404,2399,0.25000,3.53553,1
8304,2364,2405,0.25000,3.53553,1
8305,2365,2405,0.25000,3.53553,1
8306,2405,2398,0.25000,3.53553,1
8307,2405,2399,0.25000,3.53553,1
8308,2178,2362,0.25000,3.53553,1
8309,2179,2363,0.25000,3.53553,2
8310,2362,2396,0.25000,3.53553,1
8311,2363,2397,0.25000,3.53553,2
8312,2178,2400,0.25000,3.53553,1
8313,2179,2401,0.25000,3.53553,2
8314,2400,2396,0.25000,3.53553,1
8315,2401,2397,0.25000,3.53553,2
8316,2146,2406,0.25000,3.53553,1
8317,2406,2368,0.25000,3.53553,1
8318,2184,2406,0.25000,3.53553,1
8319,2406,2402,0.25000,3.53553,1
8320,2188,2371,0.25000,3.53553,1
8321,2371,2405,0.25000,3.53553,1
8322,2188,2407,0.25000,3.53553,1
8323,2407,2405,0.25000,3.53553,1
8324,2192,2408,0.25000,2.50000,4
8325,2408,2409,0.25000,2.50000,4
8326,2373,2410,0.25000,2.50000,4
8327,2410,2409,0.25000,2.50000,4
8328,2399,2411,0.25000,2.50000,4
8329,2411,2409,0.25000,2.50000,4
8330,2193,2372,0.25000,3.53553,1
8331,2193,2408,0.25000,3.53553,1
8332,2372,2410,0.25000,3.53553,1
8333,2408,2410,0.25000,3.53553,1
8334,2194,2401,0.25000,3.53553,2
8335,2194,2408,0.25000,3.53553,2
8336,2401,2411,0.25000,3.53553,2
8337,2408,2411,0.25000,3.53553,2
8338,2179,2404,0.25000,2.50000,1
8339,2193,2412,0.25000,2.50000,1
8340,2404,2397,0.25000,2.50000,1
8341,2412,2410,0.25000,2.50000,1
8342,2194,2413,0.25000,2.50000,1
8343,2413,2411,0.25000,2.50000,1
8344,2409,2414,0.25000,2.50000,4
8345,2414,2415,0.25000,2.50000,4
8346,2198,2416,0.25000,2.50000,4
8347,2416,2415,0.25000,2.50000,4
8348,2379,2417,0.25000,2.50000,4
8349,2417,2415,0.25000,2.50000,4
8350,2153,2383,0.25000,3.53553,1
8351,2192,2418,0.25000,3.53553,2
8352,2383,2373,0.25000,3.53553,1
8353,2418,2409,0.25000,3.53553,2
8354,2159,2383,0.25000,3.53553,1
8355,2198,2418,0.25000,3.53553,2
8356,2383,2379,0.25000,3.53553,1
8357,2418,2415,0.25000,3.53553,2
8358,2200,2408,0.25000,3.53553,1
8359,2408,2414,0.25000,3.53553,1
8360,2200,2416,0.25000,3.53553,1
8361,2416,2414,0.25000,3.53553,1
8362,2204,2419,0.27939,2.50000,4
8363,2419,2420,0.27939,2.50000,4
8364,2385,2421,0.25000,2.50000,4
8365,2421,2420,0.25000,2.50000,4
8366,2415,2422,0.25000,2.50000,4
8367,2422,2420,0.25000,2.50000,4
8368,2199,2378,0.25000,3.53553,1
8369,2205,2384,0.25000,3.53553,2
8370,2199,2416,0.25000,3.53553,1
8371,2205,2419,0.25000,3.53553,2
8372,2378,2417,0.25000,3.53553,1
8373,2384,2421,0.25000,3.53553,2
8374,2416,2417,0.25000,3.53553,1
8375,2419,2421,0.25000,3.53553,2
8376,2206,2416,0.25000,3.53553,2
8377,2206,2419,0.25000,3.53553,2
8378,2416,2422,0.25000,3.53553,2
8379,2419,2422,0.25000,3.53553,2
8380,2199,2423,0.25000,2.50000,1
8381,2205,2424,0.25000,2.50000,1
8382,2423,2417,0.25000,2.50000,1
8383,2424,2421,0.25000,2.50000,1
8384,2206,2425,0.25000,2.50000,1
8385,2425,2422,0.25000,2.50000,1
8386,2391,2426,0.25000,2.50000,2
8387,2426,2427,0.25000,2.50000,2
8388,2210,2428,0.30597,2.50000,2
8389,2428,2427,0.30597,2.50000,2
8390,2420,2429,0.28284,2.50000,4
8391,2429,2427,0.28284,2.50000,4
8392,2165,2424,0.25000,3.53553,1
8393,2171,2430,0.25000,3.53553,1
8394,2424,2385,0.25000,3.53553,1
8395,2430,2391,0.25000,3.53553,1
8396,2204,2424,0.25000,3.53553,1
8397,2210,2430,0.25000,3.53553,1
8398,2424,2420,0.25000,3.53553,1
8399,2430,2427,0.25000,3.53553,1
8400,2385,2431,0.25000,3.53553,1
8401,2391,2431,0.25000,3.53553,1
8402,2431,2420,0.25000,3.53553,1
8403,2431,2427,0.25000,3.53553,1
8404,2209,2390,0.25000,3.53553,1
8405,2390,2426,0.25000,3.53553,1
8406,2209,2428,0.25000,3.53553,1
8407,2428,2426,0.25000,3.53553,1
8408,2173,2432,0.25000,3.53553,1
8409,2432,2393,0.25000,3.53553,1
8410,2212,2432,0.25000,3.53553,1
8411,2432,2429,0.25000,3.53553,1
8412,2215,2395,0.25000,3.53553,1
8413,2395,2431,0.25000,3.53553,1
8414,2215,2433,0.25000,3.53553,1
8415,2433,2431,0.25000,3.53553,1
8416,2434,2435,0.31057,2.50000,2
8417,2435,2436,0.31057,2.50000,2
8418,2220,2437,0.35162,2.50000,1
8419,2437,2434,0.35162,2.50000,1
8420,2221,2438,0.30507,2.50000,2
8421,2438,2436,0.30507,2.50000,2
8422,2398,2439,0.31057,2.50000,2
8423,2439,2434,0.31057,2.50000,2
8424,2399,2440,0.28191,2.50000,4
8425,2440,2436,0.28191,2.50000,4
8426,2180,2407,0.35162,3.53553,1
8427,2220,2441,0.35162,3.53553,1
8428,2407,2398,0.35162,3.53553,1
8429,2441,2434,0.35162,3.53553,1
8430,2181,2407,0.35162,3.53553,1
8431,2221,2441,0.35162,3.53553,1
8432,2407,2399,0.35162,3.53553,1
8433,2441,2436,0.35162,3.53553,1
8434,2180,2442,0.35162,3.53553,1
8435,2442,2220,0.35162,3.53553,1
8436,2398,2443,0.35162,3.53553,1
8437,2443,2434,0.35162,3.53553,1
8438,2181,2442,0.35162,3.53553,1
8439,2442,2221,0.35162,3.53553,1
8440,2399,2443,0.35162,3.53553,1
8441,2443,2436,0.35162,3.53553,1
8442,2184,2407,0.35162,2.50000,1
8443,2222,2441,0.35162,2.50000,1
8444,2407,2402,0.35162,2.50000,1
8445,2441,2435,0.35162,2.50000,1
8446,2223,2444,0.35162,2.50000,1
8447,2444,2439,0.35162,2.50000,1
8448,2224,2445,0.35162,2.50000,1
8449,2445,2440,0.35162,2.50000,1
8450,2442,2446,0.35162,2.50000,1
8451,2446,2443,0.35162,2.50000,1
8452,2436,2447,0.25000,2.50000,2
8453,2447,2448,0.25000,2.50000,2
8454,2229,2449,0.25000,2.50000,2
8455,2449,2448,0.25000,2.50000,2
8456,2409,2450,0.25000,2.50000,4
8457,2450,2448,0.25000,2.50000,4
8458,2181,2413,0.25000,3.53553,1
8459,2221,2451,0.25000,3.53553,1
8460,2413,2399,0.25000,3.53553,1
8461,2451,2436,0.25000,3.53553,1
8462,2192,2413,0.25000,3.53553,1
8463,2229,2451,0.25000,3.53553,1
8464,2413,2409,0.25000,3.53553,1
8465,2451,2448,0.25000,3.53553,1
8466,2399,2452,0.25000,3.53553,1
8467,2452,2436,0.25000,3.53553,1
8468,2409,2452,0.25000,3.53553,1
8469,2452,2448,0.25000,3.53553,1
8470,2228,2438,0.25000,3.53553,1
8471,2438,2447,0.25000,3.53553,1
8472,2228,2449,0.25000,3.53553,1
8473,2449,2447,0.25000,3.53553,1
8474,2224,2453,0.25000,3.53553,1
8475,2453,2440,0.25000,3.53553,1
8476,2231,2453,0.25000,3.53553,1
8477,2453,2450,0.25000,3.53553,1
8478,2234,2445,0.25000,3.53553,1
8479,2445,2452,0.25000,3.53553,1
8480,2234,2454,0.25000,3.53553,1
8481,2454,2452,0.25000,3.53553,1
8482,2238,2455,0.25000,2.50000,2
8483,2455,2456,0.25000,2.50000,2
8484,2448,2457,0.25000,2.50000,2
8485,2457,2456,0.25000,2.50000,2
8486,2415,2458,0.25000,2.50000,4
8487,2458,2456,0.25000,2.50000,4
8488,2229,2459,0.25000,3.53553,1
8489,2238,2459,0.25000,3.53553,1
8490,2459,2448,0.25000,3.53553,1
8491,2459,2456,0.25000,3.53553,1
8492,2231,2460,0.25000,3.53553,1
8493,2240,2460,0.25000,3.53553,1
8494,2460,2450,0.25000,3.53553,1
8495,2460,2458,0.25000,3.53553,1
8496,2418,2460,0.25000,2.50000,1
8497,2460,2459,0.25000,2.50000,1
8498,2456,2461,0.25000,2.50000,2
8499,2461,2462,0.25000,2.50000,2
8500,2243,2463,0.30597,2.50000,2
8501,2463,2462,0.30597,2.50000,2
8502,2420,2464,0.28284,2.50000,4
8503,2464,2462,0.28284,2.50000,4
8504,2198,2425,0.25000,3.53553,1
8505,2238,2465,0.25000,3.53553,1
8506,2425,2415,0.25000,3.53553,1
8507,2465,2456,0.25000,3.53553,1
8508,2204,2425,0.25000,3.53553,1
8509,2243,2465,0.25000,3.53553,1
8510,2425,2420,0.25000,3.53553,1
8511,2465,2462,0.25000,3.53553,1
8512,2415,2466,0.25000,3.53553,1
8513,2466,2456,0.25000,3.53553,1
8514,2420,2466,0.25000,3.53553,1
8515,2466,2462,0.25000,3.53553,1
8516,2242,2455,0.25000,3.53553,1
8517,2455,2461,0.25000,3.53553,1
8518,2242,2463,0.25000,3.53553,1
8519,2463,2461,0.25000,3.53553,1
8520,2240,2467,0.25000,3.53553,1
8521,2467,2458,0.25000,3.53553,1
8522,2245,2467,0.25000,3.53553,1
8523,2467,2464,0.25000,3.53553,1
8524,2247,2468,0.25000,3.53553,1
8525,2468,2466,0.25000,3.53553,1
8526,2247,2469,0.25000,3.53553,1
8527,2469,2466,0.25000,3.53553,1
8528,2462,2470,0.31224,2.50000,2
8529,2470,2471,0.31224,2.50000,2
8530,2252,2472,0.35318,2.50000,1
8531,2472,2471,0.35318,2.50000,1
8532,2427,2473,0.31224,2.50000,2
8533,2473,2471,0.31224,2.50000,2
8534,2204,2433,0.35318,3.53553,1
8535,2243,2474,0.35318,3.53553,1
8536,2433,2420,0.35318,3.53553,1
8537,2474,2462,0.35318,3.53553,1
8538,2210,2433,0.35318,3.53553,1
8539,2252,2474,0.35318,3.53553,1
8540,2433,2427,0.35318,3.53553,1
8541,2474,2471,0.35318,3.53553,1
8542,2204,2475,0.35318,3.53553,1
8543,2475,2243,0.35318,3.53553,1
8544,2420,2476,0.35318,3.53553,1
8545,2476,2462,0.35318,3.53553,1
8546,2210,2475,0.35318,3.53553,1
8547,2475,2252,0.35318,3.53553,1
8548,2427,2476,0.35318,3.53553,1
8549,2476,2471,0.35318,3.53553,1
8550,2212,2433,0.35318,2.50000,1
8551,2253,2474,0.35318,2.50000,1
8552,2433,2429,0.35318,2.50000,1
8553,2474,2470,0.35318,2.50000,1
8554,2245,2469,0.35318,2.50000,1
8555,2469,2464,0.35318,2.50000,1
8556,2254,2477,0.35318,2.50000,1
8557,2477,2473,0.35318,2.50000,1
8558,2475,2478,0.35318,2.50000,1
8559,2478,2476,0.35318,2.50000,1
8560,2479,2480,0.25692,2.50000,2
8561,2481,2482,0.25348,2.50000,4
8562,2480,2483,0.25692,2.50000,2
8563,2482,2484,0.25348,2.50000,4
8564,2257,2485,0.26366,2.50000,1
8565,2261,2486,0.25692,2.50000,2
8566,2485,2479,0.26366,2.50000,1
8567,2486,2481,0.25692,2.50000,2
8568,2259,2487,0.25692,2.50000,2
8569,2262,2488,0.25348,2.50000,4
8570,2487,2483,0.25692,2.50000,2
8571,2488,2484,0.25348,2.50000,4
8572,2479,2489,0.25692,2.50000,2
8573,2489,2481,0.25692,2.50000,2
8574,2483,2490,0.25348,2.50000,4
8575,2490,2484,0.25348,2.50000,4
8576,2267,2491,0.26366,2.50000,1
8577,2268,2492,0.26366,2.50000,1
8578,2491,2480,0.26366,2.50000,1
8579,2492,2482,0.26366,2.50000,1
8580,2272,2485,0.26366,4.33013,1
8581,2272,2486,0.26366,4.33013,1
8582,2485,2493,0.26366,4.33013,1
8583,2486,2493,0.26366,4.33013,1
8584,2272,2487,0.26366,4.33013,1
8585,2272,2488,0.26366,4.33013,1
8586,2487,2493,0.26366,4.33013,1
8587,2488,2493,0.26366,4.33013,1
8588,2258,2494,0.26366,2.50000,1
8589,2494,2489,0.26366,2.50000,1
8590,2260,2495,0.26366,2.50000,1
8591,2495,2490,0.26366,2.50000,1
8592,2272,2496,0.26366,2.50000,1
8593,2496,2493,0.26366,2.50000,1
8594,2481,2497,0.25000,2.50000,2
8595,2484,2498,0.25000,2.50000,4
8596,2497,2499,0.25000,2.50000,2
8597,2498,2500,0.25000,2.50000,4
8598,2278,2501,0.25000,2.50000,2
8599,2279,2502,0.25000,2.50000,4
8600,2501,2499,0.25000,2.50000,2
8601,2502,2500,0.25000,2.50000,4
8602,2499,2503,0.25000,2.50000,4
8603,2503,2500,0.25000,2.50000,4
8604,2261,2504,0.25000,3.53553,1
8605,2262,2505,0.25000,3.53553,1
8606,2504,2481,0.25000,3.53553,1
8607,2505,2484,0.25000,3.53553,1
8608,2278,2504,0.25000,3.53553,1
8609,2279,2505,0.25000,3.53553,1
8610,2504,2499,0.25000,3.53553,1
8611,2505,2500,0.25000,3.53553,1
8612,2276,2486,0.25000,3.53553,1
8613,2277,2488,0.25000,3.53553,2
8614,2486,2497,0.25000,3.53553,1
8615,2488,2498,0.25000,3.53553,2
8616,2276,2501,0.25000,3.53553,1
8617,2277,2502,0.25000,3.53553,2
8618,2501,2497,0.25000,3.53553,1
8619,2502,2498,0.25000,3.53553,2
8620,2268,2506,0.25000,3.53553,1
8621,2506,2482,0.25000,3.53553,1
8622,2282,2506,0.25000,3.53553,1
8623,2506,2503,0.25000,3.53553,1
8624,2504,2506,0.25000,2.50000,1
8625,2506,2505,0.25000,2.50000,1
8626,2290,2507,0.25000,2.50000,2
8627,2291,2508,0.25000,2.50000,4
8628,2507,2509,0.25000,2.50000,2
8629,2508,2510,0.25000,2.50000,4
8630,2499,2511,0.25000,2.50000,2
8631,2500,2512,0.25000,2.50000,4
8632,2511,2509,0.25000,2.50000,2
8633,2512,2510,0.25000,2.50000,4
8634,2509,2513,0.25000,2.50000,4
8635,2513,2510,0.25000,2.50000,4
8636,2278,2514,0.25000,3.53553,1
8637,2279,2515,0.25000,3.53553,1
8638,2290,2514,0.25000,3.53553,1
8639,2291,2515,0.25000,3.53553,1
8640,2514,2499,0.25000,3.53553,1
8641,2515,2500,0.25000,3.53553,1
8642,2514,2509,0.25000,3.53553,1
8643,2515,2510,0.25000,3.53553,1
8644,2282,2516,0.25000,3.53553,1
8645,2294,2516,0.25000,3.53553,1
8646,2516,2503,0.25000,3.53553,1
8647,2516,2513,0.25000,3.53553,1
8648,2514,2516,0.25000,2.50000,1
8649,2516,2515,0.25000,2.50000,1
8650,2509,2517,0.25000,2.50000,2
8651,2510,2518,0.25000,2.50000,4
8652,2517,2519,0.25000,2.50000,2
8653,2518,2520,0.25000,2.50000,4
8654,2300,2521,0.25891,2.50000,2
8655,2301,2522,0.25449,2.50000,4
8656,2521,2519,0.25891,2.50000,2
8657,2522,2520,0.25449,2.50000,4
8658,2519,2523,0.25449,2.50000,4
8659,2523,2520,0.25449,2.50000,4
8660,2290,2524,0.25000,3.53553,1
8661,2291,2525,0.25000,3.53553,1
8662,2524,2509,0.25000,3.53553,1
8663,2525,2510,0.25000,3.53553,1
8664,2300,2524,0.25000,3.53553,1
8665,2301,2525,0.25000,3.53553,1
8666,2524,2519,0.25000,3.53553,1
8667,2525,2520,0.25000,3.53553,1
8668,2298,2507,0.25000,3.53553,1
8669,2299,2508,0.25000,3.53553,2
8670,2507,2517,0.25000,3.53553,1
8671,2508,2518,0.25000,3.53553,2
8672,2298,2521,0.25000,3.53553,1
8673,2299,2522,0.25000,3.53553,2
8674,2521,2517,0.25000,3.53553,1
8675,2522,2518,0.25000,3.53553,2
8676,2294,2526,0.25000,3.53553,1
8677,2526,2513,0.25000,3.53553,1
8678,2304,2526,0.25000,3.53553,1
8679,2526,2523,0.25000,3.53553,1
8680,2524,2526,0.25000,2.50000,1
8681,2526,2525,0.25000,2.50000,1
8682,2527,2528,0.25891,2.50000,2
8683,2528,2529,0.25891,2.50000,2
8684,2313,2530,0.26751,2.50000,1
8685,2530,2527,0.26751,2.50000,1
8686,2314,2531,0.25891,2.50000,2
8687,2531,2529,0.25891,2.50000,2
8688,2519,2532,0.25891,2.50000,2
8689,2532,2527,0.25891,2.50000,2
8690,2520,2533,0.25449,2.50000,4
8691,2533,2529,0.25449,2.50000,4
8692,2304,2534,0.26751,2.50000,1
8693,2317,2535,0.26751,2.50000,1
8694,2534,2523,0.26751,2.50000,1
8695,2535,2528,0.26751,2.50000,1
8696,2321,2521,0.26751,4.33013,1
8697,2321,2530,0.26751,4.33013,1
8698,2521,2536,0.26751,4.33013,1
8699,2530,2536,0.26751,4.33013,1
8700,2321,2522,0.26751,4.33013,1
8701,2321,2531,0.26751,4.33013,1
8702,2522,2536,0.26751,4.33013,1
8703,2531,2536,0.26751,4.33013,1
8704,2311,2537,0.26751,2.50000,1
8705,2537,2532,0.26751,2.50000,1
8706,2312,2538,0.26751,2.50000,1
8707,2538,2533,0.26751,2.50000,1
8708,2321,2539,0.26751,2.50000,1
8709,2539,2536,0.26751,2.50000,1
8710,2483,2540,0.25000,2.50000,2
8711,2484,2541,0.25000,2.50000,4
8712,2540,2542,0.25000,2.50000,2
8713,2541,2543,0.25000,2.50000,4
8714,2326,2544,0.29323,2.50000,2
8715,2327,2545,0.27247,2.50000,4
8716,2544,2542,0.29323,2.50000,2
8717,2545,2543,0.27247,2.50000,4
8718,2542,2546,0.27247,2.50000,4
8719,2546,2543,0.27247,2.50000,4
8720,2259,2547,0.25000,3.53553,1
8721,2262,2548,0.25000,3.53553,1
8722,2547,2483,0.25000,3.53553,1
8723,2548,2484,0.25000,3.53553,1
8724,2326,2547,0.25000,3.53553,1
8725,2327,2548,0.25000,3.53553,1
8726,2547,2542,0.25000,3.53553,1
8727,2548,2543,0.25000,3.53553,1
8728,2324,2487,0.25000,3.53553,1
8729,2325,2488,0.25000,3.53553,2
8730,2487,2540,0.25000,3.53553,1
8731,2488,2541,0.25000,3.53553,2
8732,2324,2544,0.25000,3.53553,1
8733,2325,2545,0.25000,3.53553,2
8734,2544,2540,0.25000,3.53553,1
8735,2545,2541,0.25000,3.53553,2
8736,2260,2549,0.25000,3.53553,1
8737,2549,2490,0.25000,3.53553,1
8738,2330,2549,0.25000,3.53553,1
8739,2549,2546,0.25000,3.53553,1
8740,2547,2549,0.25000,2.50000,1
8741,2549,2548,0.25000,2.50000,1
8742,2337,2550,0.25000,2.50000,4
8743,2550,2551,0.25000,2.50000,4
8744,2500,2552,0.25000,2.50000,4
8745,2552,2551,0.25000,2.50000,4
8746,2543,2553,0.25000,2.50000,4
8747,2553,2551,0.25000,2.50000,4
8748,2338,2502,0.25000,3.53553,2
8749,2338,2550,0.25000,3.53553,2
8750,2502,2552,0.25000,3.53553,2
8751,2550,2552,0.25000,3.53553,2
8752,2339,2545,0.25000,3.53553,2
8753,2339,2550,0.25000,3.53553,2
8754,2545,2553,0.25000,3.53553,2
8755,2550,2553,0.25000,3.53553,2
8756,2325,2548,0.25000,2.50000,1
8757,2338,2554,0.25000,2.50000,2
8758,2548,2541,0.25000,2.50000,1
8759,2554,2552,0.25000,2.50000,2
8760,2277,2505,0.25000,2.50000,1
8761,2339,2555,0.25000,2.50000,2
8762,2505,2498,0.25000,2.50000,1
8763,2555,2553,0.25000,2.50000,2
8764,2343,2556,0.25000,2.50000,4
8765,2556,2557,0.25000,2.50000,4
8766,2510,2558,0.25000,2.50000,4
8767,2558,2557,0.25000,2.50000,4
8768,2551,2559,0.25000,2.50000,4
8769,2559,2557,0.25000,2.50000,4
8770,2345,2508,0.25000,3.53553,2
8771,2345,2556,0.25000,3.53553,2
8772,2508,2558,0.25000,3.53553,2
8773,2556,2558,0.25000,3.53553,2
8774,2293,2502,0.25000,3.53553,1
8775,2293,2508,0.25000,3.53553,1
8776,2342,2550,0.25000,3.53553,2
8777,2342,2556,0.25000,3.53553,2
8778,2502,2512,0.25000,3.53553,1
8779,2508,2512,0.25000,3.53553,1
8780,2550,2559,0.25000,3.53553,2
8781,2556,2559,0.25000,3.53553,2
8782,2345,2560,0.25000,2.50000,2
8783,2560,2558,0.25000,2.50000,2
8784,2293,2515,0.25000,2.50000,1
8785,2342,2561,0.25000,2.50000,2
8786,2515,2512,0.25000,2.50000,1
8787,2561,2559,0.25000,2.50000,2
8788,2348,2562,0.27330,2.50000,4
8789,2562,2563,0.27330,2.50000,4
8790,2520,2564,0.25000,2.50000,4
8791,2564,2563,0.25000,2.50000,4
8792,2557,2565,0.25000,2.50000,4
8793,2565,2563,0.25000,2.50000,4
8794,2349,2522,0.25000,3.53553,2
8795,2349,2562,0.25000,3.53553,2
8796,2522,2564,0.25000,3.53553,2
8797,2562,2564,0.25000,3.53553,2
8798,2350,2556,0.25000,3.53553,2
8799,2350,2562,0.25000,3.53553,2
8800,2556,2565,0.25000,3.53553,2
8801,2562,2565,0.25000,3.53553,2
8802,2349,2566,0.25000,2.50000,1
8803,2566,2564,0.25000,2.50000,1
8804,2299,2525,0.25000,2.50000,1
8805,2350,2567,0.25000,2.50000,2
8806,2525,2518,0.25000,2.50000,1
8807,2567,2565,0.25000,2.50000,2
8808,2529,2568,0.25000,2.50000,2
8809,2568,2569,0.25000,2.50000,2
8810,2355,2570,0.29476,2.50000,2
8811,2570,2569,0.29476,2.50000,2
8812,2563,2571,0.27330,2.50000,4
8813,2571,2569,0.27330,2.50000,4
8814,2301,2566,0.25000,3.53553,1
8815,2314,2572,0.25000,3.53553,1
8816,2566,2520,0.25000,3.53553,1
8817,2572,2529,0.25000,3.53553,1
8818,2348,2566,0.25000,3.53553,1
8819,2355,2572,0.25000,3.53553,1
8820,2566,2563,0.25000,3.53553,1
8821,2572,2569,0.25000,3.53553,1
8822,2354,2531,0.25000,3.53553,1
8823,2531,2568,0.25000,3.53553,1
8824,2354,2570,0.25000,3.53553,1
8825,2570,2568,0.25000,3.53553,1
8826,2312,2573,0.25000,3.53553,1
8827,2573,2533,0.25000,3.53553,1
8828,2357,2573,0.25000,3.53553,1
8829,2573,2571,0.25000,3.53553,1
8830,2566,2573,0.25000,2.50000,1
8831,2573,2572,0.25000,2.50000,1
8832,2364,2574,0.29323,2.50000,2
8833,2365,2575,0.27247,2.50000,4
8834,2574,2576,0.29323,2.50000,2
8835,2575,2577,0.27247,2.50000,4
8836,2542,2578,0.29323,2.50000,2
8837,2543,2579,0.27247,2.50000,4
8838,2578,2576,0.29323,2.50000,2
8839,2579,2577,0.27247,2.50000,4
8840,2576,2580,0.27247,2.50000,4
8841,2580,2577,0.27247,2.50000,4
8842,2366,2544,0.33086,3.53553,1
8843,2367,2545,0.29323,3.53553,2
8844,2366,2574,0.33086,3.53553,1
8845,2367,2575,0.29323,3.53553,2
8846,2544,2578,0.33086,3.53553,1
8847,2545,2579,0.29323,3.53553,2
8848,2574,2578,0.33086,3.53553,1
8849,2575,2579,0.29323,3.53553,2
8850,2330,2544,0.33086,3.53553,1
8851,2330,2545,0.33086,3.53553,1
8852,2368,2574,0.33086,3.53553,1
8853,2368,2575,0.33086,3.53553,1
8854,2544,2546,0.33086,3.53553,1
8855,2545,2546,0.33086,3.53553,1
8856,2574,2580,0.33086,3.53553,1
8857,2575,2580,0.33086,3.53553,1
8858,2366,2581,0.33086,2.50000,1
8859,2367,2582,0.29323,2.50000,2
8860,2581,2578,0.33086,2.50000,1
8861,2582,2579,0.29323,2.50000,2
8862,2330,2583,0.33086,2.50000,1
8863,2368,2584,0.33086,2.50000,1
8864,2583,2546,0.33086,2.50000,1
8865,2584,2580,0.33086,2.50000,1
8866,2373,2585,0.25000,2.50000,4
8867,2585,2586,0.25000,2.50000,4
8868,2551,2587,0.25000,2.50000,4
8869,2587,2586,0.25000,2.50000,4
8870,2577,2588,0.25000,2.50000,4
8871,2588,2586,0.25000,2.50000,4
8872,2374,2550,0.25000,3.53553,2
8873,2374,2585,0.25000,3.53553,2
8874,2550,2587,0.25000,3.53553,2
8875,2585,2587,0.25000,3.53553,2
8876,2375,2575,0.25000,3.53553,2
8877,2375,2585,0.25000,3.53553,2
8878,2575,2588,0.25000,3.53553,2
8879,2585,2588,0.25000,3.53553,2
8880,2374,2589,0.25000,2.50000,2
8881,2589,2587,0.25000,2.50000,2
8882,2375,2590,0.25000,2.50000,2
8883,2590,2588,0.25000,2.50000,2
8884,2379,2591,0.25000,2.50000,4
8885,2591,2592,0.25000,2.50000,4
8886,2557,2593,0.25000,2.50000,4
8887,2593,2592,0.25000,2.50000,4
8888,2586,2594,0.25000,2.50000,4
8889,2594,2592,0.25000,2.50000,4
8890,2380,2556,0.25000,3.53553,2
8891,2380,2591,0.25000,3.53553,2
8892,2556,2593,0.25000,3.53553,2
8893,2591,2593,0.25000,3.53553,2
8894,2381,2585,0.25000,3.53553,2
8895,2381,2591,0.25000,3.53553,2
8896,2585,2594,0.25000,3.53553,2
8897,2591,2594,0.25000,3.53553,2
8898,2380,2595,0.25000,2.50000,2
8899,2595,2593,0.25000,2.50000,2
8900,2381,2596,0.25000,2.50000,2
8901,2596,2594,0.25000,2.50000,2
8902,2385,2597,0.27330,2.50000,4
8903,2597,2598,0.27330,2.50000,4
8904,2563,2599,0.27330,2.50000,4
8905,2599,2598,0.27330,2.50000,4
8906,2592,2600,0.25000,2.50000,4
8907,2600,2598,0.25000,2.50000,4
8908,2386,2562,0.29476,3.53553,2
8909,2386,2597,0.29476,3.53553,2
8910,2562,2599,0.29476,3.53553,2
8911,2597,2599,0.29476,3.53553,2
8912,2387,2591,0.25000,3.53553,2
8913,2387,2597,0.25000,3.53553,2
8914,2591,2600,0.25000,3.53553,2
8915,2597,2600,0.25000,3.53553,2
8916,2386,2601,0.29476,2.50000,2
8917,2601,2599,0.29476,2.50000,2
8918,2387,2602,0.25000,2.50000,2
8919,2602,2600,0.25000,2.50000,2
8920,2391,2603,0.29476,2.50000,2
8921,2603,2604,0.29476,2.50000,2
8922,2569,2605,0.29476,2.50000,2
8923,2605,2604,0.29476,2.50000,2
8924,2598,2606,0.27330,2.50000,4
8925,2606,2604,0.27330,2.50000,4
8926,2392,2570,0.33356,3.53553,1
8927,2392,2603,0.33356,3.53553,1
8928,2570,2605,0.33356,3.53553,1
8929,2603,2605,0.33356,3.53553,1
8930,2357,2562,0.33356,3.53553,1
8931,2357,2570,0.33356,3.53553,1
8932,2393,2597,0.33356,3.53553,1
8933,2393,2603,0.33356,3.53553,1
8934,2562,2571,0.33356,3.53553,1
8935,2570,2571,0.33356,3.53553,1
8936,2597,2606,0.33356,3.53553,1
8937,2603,2606,0.33356,3.53553,1
8938,2392,2607,0.33356,2.50000,1
8939,2607,2605,0.33356,2.50000,1
8940,2357,2608,0.33356,2.50000,1
8941,2393,2609,0.33356,2.50000,1
8942,2608,2571,0.33356,2.50000,1
8943,2609,2606,0.33356,2.50000,1
8944,2576,2610,0.25000,2.50000,2
8945,2577,2611,0.25000,2.50000,4
8946,2610,2612,0.25000,2.50000,2
8947,2611,2613,0.25000,2.50000,4
8948,2398,2614,0.25668,2.50000,2
8949,2399,2615,0.25336,2.50000,4
8950,2614,2612,0.25668,2.50000,2
8951,2615,2613,0.25336,2.50000,4
8952,2612,2616,0.25336,2.50000,4
8953,2616,2613,0.25336,2.50000,4
8954,2364,2617,0.25000,3.53553,1
8955,2365,2618,0.25000,3.53553,1
8956,2617,2576,0.25000,3.53553,1
8957,2618,2577,0.25000,3.53553,1
8958,2398,2617,0.25000,3.53553,1
8959,2399,2618,0.25000,3.53553,1
8960,2617,2612,0.25000,3.53553,1
8961,2618,2613,0.25000,3.53553,1
8962,2396,2574,0.25000,3.53553,1
8963,2397,2575,0.25000,3.53553,2
8964,2574,2610,0.25000,3.53553,1
8965,2575,2611,0.25000,3.53553,2
8966,2396,2614,0.25000,3.53553,1
8967,2397,2615,0.25000,3.53553,2
8968,2614,2610,0.25000,3.53553,1
8969,2615,2611,0.25000,3.53553,2
8970,2368,2619,0.25000,3.53553,1
8971,2619,2580,0.25000,3.53553,1
8972,2402,2619,0.25000,3.53553,1
8973,2619,2616,0.25000,3.53553,1
8974,2617,2619,0.25000,2.50000,1
8975,2619,2618,0.25000,2.50000,1
8976,2409,2620,0.25000,2.50000,4
8977,2620,2621,0.25000,2.50000,4
8978,2586,2622,0.25000,2.50000,4
8979,2622,2621,0.25000,2.50000,4
8980,2613,2623,0.25000,2.50000,4
8981,2623,2621,0.25000,2.50000,4
8982,2410,2585,0.25000,3.53553,2
8983,2410,2620,0.25000,3.53553,2
8984,2585,2622,0.25000,3.53553,2
8985,2620,2622,0.25000,3.53553,2
8986,2411,2615,0.25000,3.53553,2
8987,2411,2620,0.25000,3.53553,2
8988,2615,2623,0.25000,3.53553,2
8989,2620,2623,0.25000,3.53553,2
8990,2397,2618,0.25000,2.50000,1
8991,2410,2624,0.25000,2.50000,2
8992,2618,2611,0.25000,2.50000,1
8993,2624,2622,0.25000,2.50000,2
8994,2411,2625,0.25000,2.50000,1
8995,2625,2623,0.25000,2.50000,1
8996,2415,2626,0.25000,2.50000,4
8997,2626,2627,0.25000,2.50000,4
8998,2592,2628,0.25000,2.50000,4
8999,2628,2627,0.25000,2.50000,4
9000,2621,2629,0.25000,2.50000,4
9001,2629,2627,0.25000,2.50000,4
9002,2417,2591,0.25000,3.53553,2
9003,2417,2626,0.25000,3.53553,2
9004,2591,2628,0.25000,3.53553,2
9005,2626,2628,0.25000,3.53553,2
9006,2414,2620,0.25000,3.53553,1
9007,2414,2626,0.25000,3.53553,1
9008,2620,2629,0.25000,3.53553,1
9009,2626,2629,0.25000,3.53553,1
9010,2417,2630,0.25000,2.50000,2
9011,2630,2628,0.25000,2.50000,2
9012,2414,2631,0.25000,2.50000,1
9013,2631,2629,0.25000,2.50000,1
9014,2420,2632,0.25385,2.50000,4
9015,2632,2633,0.25385,2.50000,4
9016,2598,2634,0.25000,2.50000,4
9017,2634,2633,0.25000,2.50000,4
9018,2627,2635,0.25000,2.50000,4
9019,2635,2633,0.25000,2.50000,4
9020,2421,2597,0.25000,3.53553,2
9021,2421,2632,0.25000,3.53553,2
9022,2597,2634,0.25000,3.53553,2
9023,2632,2634,0.25000,3.53553,2
9024,2422,2626,0.25000,3.53553,2
9025,2422,2632,0.25000,3.53553,2
9026,2626,2635,0.25000,3.53553,2
9027,2632,2635,0.25000,3.53553,2
9028,2421,2636,0.25000,2.50000,1
9029,2636,2634,0.25000,2.50000,1
9030,2422,2637,0.25000,2.50000,1
9031,2637,2635,0.25000,2.50000,1
9032,2604,2638,0.25000,2.50000,2
9033,2638,2639,0.25000,2.50000,2
9034,2427,2640,0.25764,2.50000,2
9035,2640,2639,0.25764,2.50000,2
9036,2633,2641,0.25385,2.50000,4
9037,2641,2639,0.25385,2.50000,4
9038,2385,2636,0.25000,3.53553,1
9039,2391,2642,0.25000,3.53553,1
9040,2636,2598,0.25000,3.53553,1
9041,2642,2604,0.25000,3.53553,1
9042,2420,2636,0.25000,3.53553,1
9043,2427,2642,0.25000,3.53553,1
9044,2636,2633,0.25000,3.53553,1
9045,2642,2639,0.25000,3.53553,1
9046,2426,2603,0.25000,3.53553,1
9047,2603,2638,0.25000,3.53553,1
9048,2426,2640,0.25000,3.53553,1
9049,2640,2638,0.25000,3.53553,1
9050,2393,2643,0.25000,3.53553,1
9051,2643,2606,0.25000,3.53553,1
9052,2429,2643,0.25000,3.53553,1
9053,2643,2641,0.25000,3.53553,1
9054,2636,2643,0.25000,2.50000,1
9055,2643,2642,0.25000,2.50000,1
9056,2644,2645,0.25668,2.50000,2
9057,2645,2646,0.25668,2.50000,2
9058,2434,2647,0.26318,2.50000,1
9059,2647,2644,0.26318,2.50000,1
9060,2436,2648,0.25668,2.50000,2
9061,2648,2646,0.25668,2.50000,2
9062,2612,2649,0.25668,2.50000,2
9063,2649,2644,0.25668,2.50000,2
9064,2613,2650,0.25336,2.50000,4
9065,2650,2646,0.25336,2.50000,4
9066,2402,2651,0.26318,2.50000,1
9067,2435,2652,0.26318,2.50000,1
9068,2651,2616,0.26318,2.50000,1
9069,2652,2645,0.26318,2.50000,1
9070,2443,2614,0.26318,4.33013,1
9071,2443,2647,0.26318,4.33013,1
9072,2614,2653,0.26318,4.33013,1
9073,2647,2653,0.26318,4.33013,1
9074,2443,2615,0.26318,4.33013,1
9075,2443,2648,0.26318,4.33013,1
9076,2615,2653,0.26318,4.33013,1
9077,2648,2653,0.26318,4.33013,1
9078,2439,2654,0.26318,2.50000,1
9079,2654,2649,0.26318,2.50000,1
9080,2440,2655,0.26318,2.50000,1
9081,2655,2650,0.26318,2.50000,1
9082,2443,2656,0.26318,2.50000,1
9083,2656,2653,0.26318,2.50000,1
9084,2646,2657,0.25000,2.50000,2
9085,2657,2658,0.25000,2.50000,2
9086,2448,2659,0.25000,2.50000,2
9087,2659,2658,0.25000,2.50000,2
9088,2621,2660,0.25000,2.50000,4
9089,2660,2658,0.25000,2.50000,4
9090,2399,2625,0.25000,3.53553,1
9091,2436,2661,0.25000,3.53553,1
9092,2625,2613,0.25000,3.53553,1
9093,2661,2646,0.25000,3.53553,1
9094,2409,2625,0.25000,3.53553,1
9095,2448,2661,0.25000,3.53553,1
9096,2625,2621,0.25000,3.53553,1
9097,2661,2658,0.25000,3.53553,1
9098,2447,2648,0.25000,3.53553,1
9099,2648,2657,0.25000,3.53553,1
9100,2447,2659,0.25000,3.53553,1
9101,2659,2657,0.25000,3.53553,1
9102,2440,2662,0.25000,3.53553,1
9103,2662,2650,0.25000,3.53553,1
9104,2450,2662,0.25000,3.53553,1
9105,2662,2660,0.25000,3.53553,1
9106,2625,2662,0.25000,2.50000,1
9107,2662,2661,0.25000,2.50000,1
9108,2456,2663,0.25000,2.50000,2
9109,2663,2664,0.25000,2.50000,2
9110,2658,2665,0.25000,2.50000,2
9111,2665,2664,0.25000,2.50000,2
9112,2627,2666,0.25000,2.50000,4
9113,2666,2664,0.25000,2.50000,4
9114,2409,2631,0.25000,3.53553,1
9115,2448,2667,0.25000,3.53553,1
9116,2415,2631,0.25000,3.53553,1
9117,2456,2667,0.25000,3.53553,1
9118,2631,2621,0.25000,3.53553,1
9119,2667,2658,0.25000,3.53553,1
9120,2631,2627,0.25000,3.53553,1
9121,2667,2664,0.25000,3.53553,1
9122,2450,2668,0.25000,3.53553,1
9123,2458,2668,0.25000,3.53553,1
9124,2668,2660,0.25000,3.53553,1
9125,2668,2666,0.25000,3.53553,1
9126,2631,2668,0.25000,2.50000,1
9127,2668,2667,0.25000,2.50000,1
9128,2664,2669,0.25000,2.50000,2
9129,2669,2670,0.25000,2.50000,2
9130,2462,2671,0.25764,2.50000,2
9131,2671,2670,0.25764,2.50000,2
9132,2633,2672,0.25385,2.50000,4
9133,2672,2670,0.25385,2.50000,4
9134,2415,2637,0.25000,3.53553,1
9135,2456,2673,0.25000,3.53553,1
9136,2637,2627,0.25000,3.53553,1
9137,2673,2664,0.25000,3.53553,1
9138,2420,2637,0.25000,3.53553,1
9139,2462,2673,0.25000,3.53553,1
9140,2637,2633,0.25000,3.53553,1
9141,2673,2670,0.25000,3.53553,1
9142,2461,2663,0.25000,3.53553,1
9143,2663,2669,0.25000,3.53553,1
9144,2461,2671,0.25000,3.53553,1
9145,2671,2669,0.25000,3.53553,1
9146,2458,2674,0.25000,3.53553,1
9147,2674,2666,0.25000,3.53553,1
9148,2464,2674,0.25000,3.53553,1
9149,2674,2672,0.25000,3.53553,1
9150,2637,2674,0.25000,2.50000,1
9151,2674,2673,0.25000,2.50000,1
9152,2639,2675,0.25764,2.50000,2
9153,2675,2676,0.25764,2.50000,2
9154,2471,2677,0.26506,2.50000,1
9155,2677,2676,0.26506,2.50000,1
9156,2670,2678,0.25764,2.50000,2
9157,2678,2676,0.25764,2.50000,2
9158,2464,2679,0.26506,2.50000,1
9159,2473,2680,0.26506,2.50000,1
9160,2679,2672,0.26506,2.50000,1
9161,2680,2675,0.26506,2.50000,1
9162,2476,2632,0.26506,4.33013,1
9163,2476,2640,0.26506,4.33013,1
9164,2632,2681,0.26506,4.33013,1
9165,2640,2681,0.26506,4.33013,1
9166,2476,2671,0.26506,4.33013,1
9167,2476,2677,0.26506,4.33013,1
9168,2671,2681,0.26506,4.33013,1
9169,2677,2681,0.26506,4.33013,1
9170,2429,2682,0.26506,2.50000,1
9171,2682,2641,0.26506,2.50000,1
9172,2470,2683,0.26506,2.50000,1
9173,2683,2678,0.26506,2.50000,1
9174,2476,2684,0.26506,2.50000,1
9175,2684,2681,0.26506,2.50000,1
9176,2479,2685,0.25000,2.50000,1
9177,2481,2686,0.25000,2.50000,2
9178,2483,2687,0.25000,2.50000,2
9179,2484,2688,0.25000,2.50000,4
9180,2685,2689,0.25000,2.50000,1
9181,2686,2690,0.25000,2.50000,2
9182,2687,2691,0.25000,2.50000,2
9183,2688,2692,0.25000,2.50000,4
9184,2689,2693,0.25000,2.50000,2
9185,2690,2694,0.25000,2.50000,4
9186,2693,2691,0.25000,2.50000,2
9187,2694,2692,0.25000,2.50000,4
9188,2689,2695,0.25000,2.50000,2
9189,2695,2690,0.25000,2.50000,2
9190,2691,2696,0.25000,2.50000,4
9191,2696,2692,0.25000,2.50000,4
9192,2480,2685,0.25000,3.53553,1
9193,2482,2686,0.25000,3.53553,1
9194,2480,2687,0.25000,3.53553,1
9195,2482,2688,0.25000,3.53553,1
9196,2685,2693,0.25000,3.53553,1
9197,2686,2694,0.25000,3.53553,1
9198,2687,2693,0.25000,3.53553,1
9199,2688,2694,0.25000,3.53553,1
9200,2489,2685,0.25000,3.53553,1
9201,2489,2686,0.25000,3.53553,1
9202,2490,2687,0.25000,3.53553,1
9203,2490,2688,0.25000,3.53553,1
9204,2685,2695,0.25000,3.53553,1
9205,2686,2695,0.25000,3.53553,1
9206,2687,2696,0.25000,3.53553,1
9207,2688,2696,0.25000,3.53553,1
9208,2480,2697,0.25000,2.50000,1
9209,2482,2698,0.25000,2.50000,1
9210,2697,2693,0.25000,2.50000,1
9211,2698,2694,0.25000,2.50000,1
9212,2489,2699,0.25000,2.50000,1
9213,2490,2700,0.25000,2.50000,1
9214,2699,2695,0.25000,2.50000,1
9215,2700,2696,0.25000,2.50000,1
9216,2690,2701,0.25000,2.50000,2
9217,2692,2702,0.25000,2.50000,4
9218,2701,2703,0.25000,2.50000,2
9219,2702,2704,0.25000,2.50000,4
9220,2499,2705,0.25000,2.50000,2
9221,2500,2706,0.25000,2.50000,4
9222,2705,2703,0.25000,2.50000,2
9223,2706,2704,0.25000,2.50000,4
9224,2703,2707,0.25000,2.50000,4
9225,2707,2704,0.25000,2.50000,4
9226,2481,2708,0.25000,3.53553,1
9227,2484,2709,0.25000,3.53553,1
9228,2708,2690,0.25000,3.53553,1
9229,2709,2692,0.25000,3.53553,1
9230,2499,2708,0.25000,3.53553,1
9231,2500,2709,0.25000,3.53553,1
9232,2708,2703,0.25000,3.53553,1
9233,2709,2704,0.25000,3.53553,1
9234,2497,2686,0.25000,3.53553,1
9235,2498,2688,0.25000,3.53553,2
9236,2686,2701,0.25000,3.53553,1
9237,2688,2702,0.25000,3.53553,2
9238,2497,2705,0.25000,3.53553,1
9239,2498,2706,0.25000,3.53553,2
9240,2705,2701,0.25000,3.53553,1
9241,2706,2702,0.25000,3.53553,2
9242,2497,2482,0.25000,3.53553,1
9243,2482,2498,0.25000,3.53553,1
9244,2701,2694,0.25000,3.53553,1
9245,2694,2702,0.25000,3.53553,1
9246,2497,2503,0.25000,3.53553,1
9247,2503,2498,0.25000,3.53553,1
9248,2701,2707,0.25000,3.53553,1
9249,2707,2702,0.25000,3.53553,1
9250,2497,2708,0.25000,2.50000,1
9251,2498,2709,0.25000,2.50000,2
9252,2708,2701,0.25000,2.50000,1
9253,2709,2702,0.25000,2.50000,2
9254,2686,2708,0.25000,2.50000,1
9255,2688,2709,0.25000,2.50000,1
9256,2708,2705,0.25000,2.50000,1
9257,2709,2706,0.25000,2.50000,1
9258,2509,2710,0.25000,2.50000,2
9259,2510,2711,0.25000,2.50000,4
9260,2710,2712,0.25000,2.50000,2
9261,2711,2713,0.25000,2.50000,4
9262,2703,2714,0.25000,2.50000,2
9263,2704,2715,0.25000,2.50000,4
9264,2714,2712,0.25000,2.50000,2
9265,2715,2713,0.25000,2.50000,4
9266,2712,2716,0.25000,2.50000,4
9267,2716,2713,0.25000,2.50000,4
9268,2499,2717,0.25000,3.53553,1
9269,2500,2718,0.25000,3.53553,1
9270,2509,2717,0.25000,3.53553,1
9271,2510,2718,0.25000,3.53553,1
9272,2717,2703,0.25000,3.53553,1
9273,2718,2704,0.25000,3.53553,1
9274,2717,2712,0.25000,3.53553,1
9275,2718,2713,0.25000,3.53553,1
9276,2503,2719,0.25000,3.53553,1
9277,2513,2719,0.25000,3.53553,1
9278,2719,2707,0.25000,3.53553,1
9279,2719,2716,0.25000,3.53553,1
9280,2717,2719,0.25000,2.50000,1
9281,2719,2718,0.25000,2.50000,1
9282,2712,2720,0.25000,2.50000,2
9283,2713,2721,0.25000,2.50000,4
9284,2720,2722,0.25000,2.50000,2
9285,2721,2723,0.25000,2.50000,4
9286,2519,2724,0.25000,2.50000,2
9287,2520,2725,0.25000,2.50000,4
9288,2724,2722,0.25000,2.50000,2
9289,2725,2723,0.25000,2.50000,4
9290,2722,2726,0.25000,2.50000,4
9291,2726,2723,0.25000,2.50000,4
9292,2509,2727,0.25000,3.53553,1
9293,2510,2728,0.25000,3.53553,1
9294,2727,2712,0.25000,3.53553,1
9295,2728,2713,0.25000,3.53553,1
9296,2519,2727,0.25000,3.53553,1
9297,2520,2728,0.25000,3.53553,1
9298,2727,2722,0.25000,3.53553,1
9299,2728,2723,0.25000,3.53553,1
9300,2517,2710,0.25000,3.53553,1
9301,2518,2711,0.25000,3.53553,2
9302,2710,2720,0.25000,3.53553,1
9303,2711,2721,0.25000,3.53553,2
9304,2517,2724,0.25000,3.53553,1
9305,2518,2725,0.25000,3.53553,2
9306,2724,2720,0.25000,3.53553,1
9307,2725,2721,0.25000,3.53553,2
9308,2517,2513,0.25000,3.53553,1
9309,2513,2518,0.25000,3.53553,1
9310,2720,2716,0.25000,3.53553,1
9311,2716,2721,0.25000,3.53553,1
9312,2517,2523,0.25000,3.53553,1
9313,2523,2518,0.25000,3.53553,1
9314,2720,2726,0.25000,3.53553,1
9315,2726,2721,0.25000,3.53553,1
9316,2517,2727,0.25000,2.50000,1
9317,2518,2728,0.25000,2.50000,2
9318,2727,2720,0.25000,2.50000,1
9319,2728,2721,0.25000,2.50000,2
9320,2710,2727,0.25000,2.50000,1
9321,2711,2728,0.25000,2.50000,1
9322,2727,2724,0.25000,2.50000,1
9323,2728,2725,0.25000,2.50000,1
9324,2527,2729,0.25000,2.50000,1
9325,2529,2730,0.25000,2.50000,2
9326,2729,2731,0.25000,2.50000,1
9327,2730,2732,0.25000,2.50000,2
9328,2731,2733,0.25000,2.50000,2
9329,2733,2732,0.25000,2.50000,2
9330,2722,2734,0.25000,2.50000,2
9331,2734,2731,0.25000,2.50000,2
9332,2723,2735,0.25000,2.50000,4
9333,2735,2732,0.25000,2.50000,4
9334,2523,2724,0.25000,3.53553,1
9335,2528,2729,0.25000,3.53553,1
9336,2523,2725,0.25000,3.53553,1
9337,2528,2730,0.25000,3.53553,1
9338,2724,2726,0.25000,3.53553,1
9339,2729,2733,0.25000,3.53553,1
9340,2725,2726,0.25000,3.53553,1
9341,2730,2733,0.25000,3.53553,1
9342,2532,2724,0.25000,3.53553,1
9343,2532,2729,0.25000,3.53553,1
9344,2533,2725,0.25000,3.53553,1
9345,2533,2730,0.25000,3.53553,1
9346,2724,2734,0.25000,3.53553,1
9347,2729,2734,0.25000,3.53553,1
9348,2725,2735,0.25000,3.53553,1
9349,2730,2735,0.25000,3.53553,1
9350,2523,2736,0.25000,2.50000,1
9351,2528,2737,0.25000,2.50000,1
9352,2736,2726,0.25000,2.50000,1
9353,2737,2733,0.25000,2.50000,1
9354,2532,2738,0.25000,2.50000,1
9355,2533,2739,0.25000,2.50000,1
9356,2738,2734,0.25000,2.50000,1
9357,2739,2735,0.25000,2.50000,1
9358,2691,2740,0.25000,2.50000,2
9359,2692,2741,0.25000,2.50000,4
9360,2740,2742,0.25000,2.50000,2
9361,2741,2743,0.25000,2.50000,4
9362,2542,2744,0.25000,2.50000,2
9363,2543,2745,0.25000,2.50000,4
9364,2744,2742,0.25000,2.50000,2
9365,2745,2743,0.25000,2.50000,4
9366,2742,2746,0.25000,2.50000,4
9367,2746,2743,0.25000,2.50000,4
9368,2483,2747,0.25000,3.53553,1
9369,2484,2748,0.25000,3.53553,1
9370,2747,2691,0.25000,3.53553,1
9371,2748,2692,0.25000,3.53553,1
9372,2542,2747,0.25000,3.53553,1
9373,2543,2748,0.25000,3.53553,1
9374,2747,2742,0.25000,3.53553,1
9375,2748,2743,0.25000,3.53553,1
9376,2540,2687,0.25000,3.53553,1
9377,2541,2688,0.25000,3.53553,2
9378,2687,2740,0.25000,3.53553,1
9379,2688,2741,0.25000,3.53553,2
9380,2540,2744,0.25000,3.53553,1
9381,2541,2745,0.25000,3.53553,2
9382,2744,2740,0.25000,3.53553,1
9383,2745,2741,0.25000,3.53553,2
9384,2490,2540,0.25000,3.53553,1
9385,2490,2541,0.25000,3.53553,1
9386,2696,2740,0.25000,3.53553,1
9387,2696,2741,0.25000,3.53553,1
9388,2540,2546,0.25000,3.53553,1
9389,2541,2546,0.25000,3.53553,1
9390,2740,2746,0.25000,3.53553,1
9391,2741,2746,0.25000,3.53553,1
9392,2540,2747,0.25000,2.50000,1
9393,2541,2748,0.25000,2.50000,2
9394,2747,2740,0.25000,2.50000,1
9395,2748,2741,0.25000,2.50000,2
9396,2687,2747,0.25000,2.50000,1
9397,2688,2748,0.25000,2.50000,1
9398,2747,2744,0.25000,2.50000,1
9399,2748,2745,0.25000,2.50000,1
9400,2551,2749,0.25000,2.50000,4
9401,2749,2750,0.25000,2.50000,4
9402,2704,2751,0.25000,2.50000,4
9403,2751,2750,0.25000,2.50000,4
9404,2743,2752,0.25000,2.50000,4
9405,2752,2750,0.25000,2.50000,4
9406,2552,2706,0.25000,3.53553,2
9407,2552,2749,0.25000,3.53553,2
9408,2706,2751,0.25000,3.53553,2
9409,2749,2751,0.25000,3.53553,2
9410,2553,2745,0.25000,3.53553,1
9411,2553,2749,0.25000,3.53553,1
9412,2745,2752,0.25000,3.53553,1
9413,2749,2752,0.25000,3.53553,1
9414,2552,2753,0.25000,2.50000,2
9415,2753,2751,0.25000,2.50000,2
9416,2553,2754,0.25000,2.50000,2
9417,2754,2752,0.25000,2.50000,2
9418,2557,2755,0.25000,2.50000,4
9419,2755,2756,0.25000,2.50000,4
9420,2713,2757,0.25000,2.50000,4
9421,2757,2756,0.25000,2.50000,4
9422,2750,2758,0.25000,2.50000,4
9423,2758,2756,0.25000,2.50000,4
9424,2558,2711,0.25000,3.53553,2
9425,2558,2755,0.25000,3.53553,2
9426,2711,2757,0.25000,3.53553,2
9427,2755,2757,0.25000,3.53553,2
9428,2512,2706,0.25000,3.53553,1
9429,2512,2711,0.25000,3.53553,1
9430,2559,2749,0.25000,3.53553,2
9431,2559,2755,0.25000,3.53553,2
9432,2706,2715,0.25000,3.53553,1
9433,2711,2715,0.25000,3.53553,1
9434,2749,2758,0.25000,3.53553,2
9435,2755,2758,0.25000,3.53553,2
9436,2558,2759,0.25000,2.50000,2
9437,2759,2757,0.25000,2.50000,2
9438,2512,2718,0.25000,2.50000,1
9439,2559,2760,0.25000,2.50000,1
9440,2718,2715,0.25000,2.50000,1
9441,2760,2758,0.25000,2.50000,1
9442,2563,2761,0.25000,2.50000,4
9443,2761,2762,0.25000,2.50000,4
9444,2723,2763,0.25000,2.50000,4
9445,2763,2762,0.25000,2.50000,4
9446,2756,2764,0.25000,2.50000,4
9447,2764,2762,0.25000,2.50000,4
9448,2564,2725,0.25000,3.53553,2
9449,2564,2761,0.25000,3.53553,2
9450,2725,2763,0.25000,3.53553,2
9451,2761,2763,0.25000,3.53553,2
9452,2565,2755,0.25000,3.53553,1
9453,2565,2761,0.25000,3.53553,1
9454,2755,2764,0.25000,3.53553,1
9455,2761,2764,0.25000,3.53553,1
9456,2564,2765,0.25000,2.50000,2
9457,2765,2763,0.25000,2.50000,2
9458,2565,2766,0.25000,2.50000,2
9459,2766,2764,0.25000,2.50000,2
9460,2732,2767,0.25000,2.50000,2
9461,2767,2768,0.25000,2.50000,2
9462,2569,2769,0.25000,2.50000,2
9463,2769,2768,0.25000,2.50000,2
9464,2762,2770,0.25000,2.50000,4
9465,2770,2768,0.25000,2.50000,4
9466,2520,2765,0.25000,3.53553,1
9467,2529,2771,0.25000,3.53553,1
9468,2765,2723,0.25000,3.53553,1
9469,2771,2732,0.25000,3.53553,1
9470,2563,2765,0.25000,3.53553,1
9471,2569,2771,0.25000,3.53553,1
9472,2765,2762,0.25000,3.53553,1
9473,2771,2768,0.25000,3.53553,1
9474,2568,2730,0.25000,3.53553,1
9475,2730,2767,0.25000,3.53553,1
9476,2568,2769,0.25000,3.53553,1
9477,2769,2767,0.25000,3.53553,1
9478,2533,2564,0.25000,3.53553,1
9479,2533,2568,0.25000,3.53553,1
9480,2735,2763,0.25000,3.53553,1
9481,2735,2767,0.25000,3.53553,1
9482,2564,2571,0.25000,3.53553,1
9483,2568,2571,0.25000,3.53553,1
9484,2763,2770,0.25000,3.53553,1
9485,2767,2770,0.25000,3.53553,1
9486,2568,2771,0.25000,2.50000,1
9487,2771,2767,0.25000,2.50000,1
9488,2725,2765,0.25000,2.50000,1
9489,2730,2771,0.25000,2.50000,1
9490,2765,2761,0.25000,2.50000,1
9491,2771,2769,0.25000,2.50000,1
9492,2576,2772,0.25000,2.50000,2
9493,2577,2773,0.25000,2.50000,4
9494,2772,2774,0.25000,2.50000,2
9495,2773,2775,0.25000,2.50000,4
9496,2742,2776,0.25000,2.50000,2
9497,2743,2777,0.25000,2.50000,4
9498,2776,2774,0.25000,2.50000,2
9499,2777,2775,0.25000,2.50000,4
9500,2774,2778,0.25000,2.50000,4
9501,2778,2775,0.25000,2.50000,4
9502,2578,2744,0.25000,3.53553,1
9503,2579,2745,0.25000,3.53553,1
9504,2578,2772,0.25000,3.53553,1
9505,2579,2773,0.25000,3.53553,1
9506,2744,2776,0.25000,3.53553,1
9507,2745,2777,0.25000,3.53553,1
9508,2772,2776,0.25000,3.53553,1
9509,2773,2777,0.25000,3.53553,1
9510,2546,2744,0.25000,3.53553,1
9511,2546,2745,0.25000,3.53553,1
9512,2580,2772,0.25000,3.53553,1
9513,2580,2773,0.25000,3.53553,1
9514,2744,2746,0.25000,3.53553,1
9515,2745,2746,0.25000,3.53553,1
9516,2772,2778,0.25000,3.53553,1
9517,2773,2778,0.25000,3.53553,1
9518,2578,2779,0.25000,2.50000,1
9519,2579,2780,0.25000,2.50000,1
9520,2779,2776,0.25000,2.50000,1
9521,2780,2777,0.25000,2.50000,1
9522,2546,2781,0.25000,2.50000,1
9523,2580,2782,0.25000,2.50000,1
9524,2781,2746,0.25000,2.50000,1
9525,2782,2778,0.25000,2.50000,1
9526,2775,2783,0.25000,2.50000,4
9527,2783,2784,0.25000,2.50000,4
9528,2586,2785,0.25000,2.50000,4
9529,2785,2784,0.25000,2.50000,4
9530,2750,2786,0.25000,2.50000,4
9531,2786,2784,0.25000,2.50000,4
9532,2543,2754,0.25000,3.53553,1
9533,2577,2787,0.25000,3.53553,1
9534,2754,2743,0.25000,3.53553,1
9535,2787,2775,0.25000,3.53553,1
9536,2551,2754,0.25000,3.53553,1
9537,2586,2787,0.25000,3.53553,1
9538,2754,2750,0.25000,3.53553,1
9539,2787,2784,0.25000,3.53553,1
9540,2588,2787,0.25000,2.50000,2
9541,2787,2783,0.25000,2.50000,2
9542,2754,2780,0.25000,3.53553,1
9543,2780,2787,0.25000,3.53553,1
9544,2754,2788,0.25000,3.53553,1
9545,2788,2787,0.25000,3.53553,1
9546,2784,2789,0.25000,2.50000,4
9547,2789,2790,0.25000,2.50000,4
9548,2592,2791,0.25000,2.50000,4
9549,2791,2790,0.25000,2.50000,4
9550,2756,2792,0.25000,2.50000,4
9551,2792,2790,0.25000,2.50000,4
9552,2551,2760,0.25000,3.53553,1
9553,2586,2793,0.25000,3.53553,1
9554,2760,2750,0.25000,3.53553,1
9555,2793,2784,0.25000,3.53553,1
9556,2557,2760,0.25000,3.53553,1
9557,2592,2793,0.25000,3.53553,1
9558,2760,2756,0.25000,3.53553,1
9559,2793,2790,0.25000,3.53553,1
9560,2594,2785,0.25000,3.53553,2
9561,2785,2789,0.25000,3.53553,2
9562,2594,2791,0.25000,3.53553,2
9563,2791,2789,0.25000,3.53553,2
9564,2790,2794,0.25000,2.50000,4
9565,2794,2795,0.25000,2.50000,4
9566,2598,2796,0.25000,2.50000,4
9567,2796,2795,0.25000,2.50000,4
9568,2762,2797,0.25000,2.50000,4
9569,2797,2795,0.25000,2.50000,4
9570,2557,2766,0.25000,3.53553,1
9571,2592,2798,0.25000,3.53553,1
9572,2766,2756,0.25000,3.53553,1
9573,2798,2790,0.25000,3.53553,1
9574,2563,2766,0.25000,3.53553,1
9575,2598,2798,0.25000,3.53553,1
9576,2766,2762,0.25000,3.53553,1
9577,2798,2795,0.25000,3.53553,1
9578,2600,2798,0.25000,2.50000,2
9579,2798,2794,0.25000,2.50000,2
9580,2766,2799,0.25000,3.53553,1
9581,2799,2798,0.25000,3.53553,1
9582,2766,2800,0.25000,3.53553,1
9583,2800,2798,0.25000,3.53553,1
9584,2604,2801,0.25000,2.50000,2
9585,2801,2802,0.25000,2.50000,2
9586,2768,2803,0.25000,2.50000,2
9587,2803,2802,0.25000,2.50000,2
9588,2795,2804,0.25000,2.50000,4
9589,2804,2802,0.25000,2.50000,4
9590,2599,2761,0.25000,3.53553,1
9591,2605,2769,0.25000,3.53553,1
9592,2599,2796,0.25000,3.53553,1
9593,2605,2801,0.25000,3.53553,1
9594,2761,2797,0.25000,3.53553,1
9595,2769,2803,0.25000,3.53553,1
9596,2796,2797,0.25000,3.53553,1
9597,2801,2803,0.25000,3.53553,1
9598,2571,2761,0.25000,3.53553,1
9599,2571,2769,0.25000,3.53553,1
9600,2606,2796,0.25000,3.53553,1
9601,2606,2801,0.25000,3.53553,1
9602,2761,2770,0.25000,3.53553,1
9603,2769,2770,0.25000,3.53553,1
9604,2796,2804,0.25000,3.53553,1
9605,2801,2804,0.25000,3.53553,1
9606,2599,2800,0.25000,2.50000,1
9607,2605,2805,0.25000,2.50000,1
9608,2800,2797,0.25000,2.50000,1
9609,2805,2803,0.25000,2.50000,1
9610,2571,2806,0.25000,2.50000,1
9611,2606,2807,0.25000,2.50000,1
9612,2806,2770,0.25000,2.50000,1
9613,2807,2804,0.25000,2.50000,1
9614,2774,2808,0.25000,2.50000,2
9615,2775,2809,0.25000,2.50000,4
9616,2808,2810,0.25000,2.50000,2
9617,2809,2811,0.25000,2.50000,4
9618,2612,2812,0.25000,2.50000,2
9619,2613,2813,0.25000,2.50000,4
9620,2812,2810,0.25000,2.50000,2
9621,2813,2811,0.25000,2.50000,4
9622,2810,2814,0.25000,2.50000,4
9623,2814,2811,0.25000,2.50000,4
9624,2576,2815,0.25000,3.53553,1
9625,2577,2816,0.25000,3.53553,1
9626,2815,2774,0.25000,3.53553,1
9627,2816,2775,0.25000,3.53553,1
9628,2612,2815,0.25000,3.53553,1
9629,2613,2816,0.25000,3.53553,1
9630,2815,2810,0.25000,3.53553,1
9631,2816,2811,0.25000,3.53553,1
9632,2610,2772,0.25000,3.53553,1
9633,2611,2773,0.25000,3.53553,2
9634,2772,2808,0.25000,3.53553,1
9635,2773,2809,0.25000,3.53553,2
9636,2610,2812,0.25000,3.53553,1
9637,2611,2813,0.25000,3.53553,2
9638,2812,2808,0.25000,3.53553,1
9639,2813,2809,0.25000,3.53553,2
9640,2580,2610,0.25000,3.53553,1
9641,2580,2611,0.25000,3.53553,1
9642,2778,2808,0.25000,3.53553,1
9643,2778,2809,0.25000,3.53553,1
9644,2610,2616,0.25000,3.53553,1
9645,2611,2616,0.25000,3.53553,1
9646,2808,2814,0.25000,3.53553,1
9647,2809,2814,0.25000,3.53553,1
9648,2610,2815,0.25000,2.50000,1
9649,2611,2816,0.25000,2.50000,2
9650,2815,2808,0.25000,2.50000,1
9651,2816,2809,0.25000,2.50000,2
9652,2772,2815,0.25000,2.50000,1
9653,2773,2816,0.25000,2.50000,1
9654,2815,2812,0.25000,2.50000,1
9655,2816,2813,0.25000,2.50000,1
9656,2621,2817,0.25000,2.50000,4
9657,2817,2818,0.25000,2.50000,4
9658,2784,2819,0.25000,2.50000,4
9659,2819,2818,0.25000,2.50000,4
9660,2811,2820,0.25000,2.50000,4
9661,2820,2818,0.25000,2.50000,4
9662,2622,2785,0.25000,3.53553,2
9663,2622,2817,0.25000,3.53553,2
9664,2785,2819,0.25000,3.53553,2
9665,2817,2819,0.25000,3.53553,2
9666,2588,2773,0.25000,3.53553,1
9667,2588,2785,0.25000,3.53553,1
9668,2623,2813,0.25000,3.53553,2
9669,2623,2817,0.25000,3.53553,2
9670,2773,2783,0.25000,3.53553,1
9671,2785,2783,0.25000,3.53553,1
9672,2813,2820,0.25000,3.53553,2
9673,2817,2820,0.25000,3.53553,2
9674,2622,2821,0.25000,2.50000,2
9675,2821,2819,0.25000,2.50000,2
9676,2623,2822,0.25000,2.50000,2
9677,2822,2820,0.25000,2.50000,2
9678,2627,2823,0.25000,2.50000,4
9679,2823,2824,0.25000,2.50000,4
9680,2790,2825,0.25000,2.50000,4
9681,2825,2824,0.25000,2.50000,4
9682,2818,2826,0.25000,2.50000,4
9683,2826,2824,0.25000,2.50000,4
9684,2628,2791,0.25000,3.53553,2
9685,2628,2823,0.25000,3.53553,2
9686,2791,2825,0.25000,3.53553,2
9687,2823,2825,0.25000,3.53553,2
9688,2629,2817,0.25000,3.53553,1
9689,2629,2823,0.25000,3.53553,1
9690,2817,2826,0.25000,3.53553,1
9691,2823,2826,0.25000,3.53553,1
9692,2628,2827,0.25000,2.50000,2
9693,2827,2825,0.25000,2.50000,2
9694,2594,2793,0.25000,2.50000,1
9695,2629,2828,0.25000,2.50000,1
9696,2793,2789,0.25000,2.50000,1
9697,2828,2826,0.25000,2.50000,1
9698,2633,2829,0.25000,2.50000,4
9699,2829,2830,0.25000,2.50000,4
9700,2795,2831,0.25000,2.50000,4
9701,2831,2830,0.25000,2.50000,4
9702,2824,2832,0.25000,2.50000,4
9703,2832,2830,0.25000,2.50000,4
9704,2634,2796,0.25000,3.53553,2
9705,2634,2829,0.25000,3.53553,2
9706,2796,2831,0.25000,3.53553,2
9707,2829,2831,0.25000,3.53553,2
9708,2600,2791,0.25000,3.53553,1
9709,2600,2796,0.25000,3.53553,1
9710,2635,2823,0.25000,3.53553,2
9711,2635,2829,0.25000,3.53553,2
9712,2791,2794,0.25000,3.53553,1
9713,2796,2794,0.25000,3.53553,1
9714,2823,2832,0.25000,3.53553,2
9715,2829,2832,0.25000,3.53553,2
9716,2634,2833,0.25000,2.50000,2
9717,2833,2831,0.25000,2.50000,2
9718,2635,2834,0.25000,2.50000,2
9719,2834,2832,0.25000,2.50000,2
9720,2802,2835,0.25000,2.50000,2
9721,2835,2836,0.25000,2.50000,2
9722,2639,2837,0.25000,2.50000,2
9723,2837,2836,0.25000,2.50000,2
9724,2830,2838,0.25000,2.50000,4
9725,2838,2836,0.25000,2.50000,4
9726,2598,2833,0.25000,3.53553,1
9727,2604,2839,0.25000,3.53553,1
9728,2833,2795,0.25000,3.53553,1
9729,2839,2802,0.25000,3.53553,1
9730,2633,2833,0.25000,3.53553,1
9731,2639,2839,0.25000,3.53553,1
9732,2833,2830,0.25000,3.53553,1
9733,2839,2836,0.25000,3.53553,1
9734,2638,2801,0.25000,3.53553,1
9735,2801,2835,0.25000,3.53553,1
9736,2638,2837,0.25000,3.53553,1
9737,2837,2835,0.25000,3.53553,1
9738,2606,2634,0.25000,3.53553,1
9739,2606,2638,0.25000,3.53553,1
9740,2804,2831,0.25000,3.53553,1
9741,2804,2835,0.25000,3.53553,1
9742,2634,2641,0.25000,3.53553,1
9743,2638,2641,0.25000,3.53553,1
9744,2831,2838,0.25000,3.53553,1
9745,2835,2838,0.25000,3.53553,1
9746,2638,2839,0.25000,2.50000,1
9747,2839,2835,0.25000,2.50000,1
9748,2796,2833,0.25000,2.50000,1
9749,2801,2839,0.25000,2.50000,1
9750,2833,2829,0.25000,2.50000,1
9751,2839,2837,0.25000,2.50000,1
9752,2644,2840,0.25000,2.50000,1
9753,2646,2841,0.25000,2.50000,2
9754,2840,2842,0.25000,2.50000,1
9755,2841,2843,0.25000,2.50000,2
9756,2810,2844,0.25000,2.50000,2
9757,2811,2845,0.25000,2.50000,4
9758,2844,2842,0.25000,2.50000,2
9759,2845,2843,0.25000,2.50000,4
9760,2842,2846,0.25000,2.50000,2
9761,2846,2843,0.25000,2.50000,2
9762,2649,2812,0.25000,3.53553,1
9763,2650,2813,0.25000,3.53553,1
9764,2649,2840,0.25000,3.53553,1
9765,2650,2841,0.25000,3.53553,1
9766,2812,2844,0.25000,3.53553,1
9767,2813,2845,0.25000,3.53553,1
9768,2840,2844,0.25000,3.53553,1
9769,2841,2845,0.25000,3.53553,1
9770,2616,2812,0.25000,3.53553,1
9771,2616,2813,0.25000,3.53553,1
9772,2645,2840,0.25000,3.53553,1
9773,2645,2841,0.25000,3.53553,1
9774,2812,2814,0.25000,3.53553,1
9775,2813,2814,0.25000,3.53553,1
9776,2840,2846,0.25000,3.53553,1
9777,2841,2846,0.25000,3.53553,1
9778,2649,2847,0.25000,2.50000,1
9779,2650,2848,0.25000,2.50000,1
9780,2847,2844,0.25000,2.50000,1
9781,2848,2845,0.25000,2.50000,1
9782,2616,2849,0.25000,2.50000,1
9783,2645,2850,0.25000,2.50000,1
9784,2849,2814,0.25000,2.50000,1
9785,2850,2846,0.25000,2.50000,1
9786,2843,2851,0.25000,2.50000,2
9787,2851,2852,0.25000,2.50000,2
9788,2658,2853,0.25000,2.50000,2
9789,2853,2852,0.25000,2.50000,2
9790,2818,2854,0.25000,2.50000,4
9791,2854,2852,0.25000,2.50000,4
9792,2613,2822,0.25000,3.53553,1
9793,2646,2855,0.25000,3.53553,1
9794,2822,2811,0.25000,3.53553,1
9795,2855,2843,0.25000,3.53553,1
9796,2621,2822,0.25000,3.53553,1
9797,2658,2855,0.25000,3.53553,1
9798,2822,2818,0.25000,3.53553,1
9799,2855,2852,0.25000,3.53553,1
9800,2657,2841,0.25000,3.53553,1
9801,2841,2851,0.25000,3.53553,1
9802,2657,2853,0.25000,3.53553,1
9803,2853,2851,0.25000,3.53553,1
9804,2623,2650,0.25000,3.53553,1
9805,2650,2657,0.25000,3.53553,1
9806,2820,2845,0.25000,3.53553,1
9807,2845,2851,0.25000,3.53553,1
9808,2623,2660,0.25000,3.53553,1
9809,2660,2657,0.25000,3.53553,1
9810,2820,2854,0.25000,3.53553,1
9811,2854,2851,0.25000,3.53553,1
9812,2657,2855,0.25000,2.50000,1
9813,2855,2851,0.25000,2.50000,1
9814,2813,2822,0.25000,2.50000,1
9815,2841,2855,0.25000,2.50000,1
9816,2822,2817,0.25000,2.50000,1
9817,2855,2853,0.25000,2.50000,1
9818,2664,2856,0.25000,2.50000,2
9819,2856,2857,0.25000,2.50000,2
9820,2852,2858,0.25000,2.50000,2
9821,2858,2857,0.25000,2.50000,2
9822,2824,2859,0.25000,2.50000,4
9823,2859,2857,0.25000,2.50000,4
9824,2621,2828,0.25000,3.53553,1
9825,2658,2860,0.25000,3.53553,1
9826,2627,2828,0.25000,3.53553,1
9827,2664,2860,0.25000,3.53553,1
9828,2828,2818,0.25000,3.53553,1
9829,2860,2852,0.25000,3.53553,1
9830,2828,2824,0.25000,3.53553,1
9831,2860,2857,0.25000,3.53553,1
9832,2660,2861,0.25000,3.53553,1
9833,2666,2861,0.25000,3.53553,1
9834,2861,2854,0.25000,3.53553,1
9835,2861,2859,0.25000,3.53553,1
9836,2828,2861,0.25000,2.50000,1
9837,2861,2860,0.25000,2.50000,1
9838,2857,2862,0.25000,2.50000,2
9839,2862,2863,0.25000,2.50000,2
9840,2670,2864,0.25000,2.50000,2
9841,2864,2863,0.25000,2.50000,2
9842,2830,2865,0.25000,2.50000,4
9843,2865,2863,0.25000,2.50000,4
9844,2627,2834,0.25000,3.53553,1
9845,2664,2866,0.25000,3.53553,1
9846,2834,2824,0.25000,3.53553,1
9847,2866,2857,0.25000,3.53553,1
9848,2633,2834,0.25000,3.53553,1
9849,2670,2866,0.25000,3.53553,1
9850,2834,2830,0.25000,3.53553,1
9851,2866,2863,0.25000,3.53553,1
9852,2669,2856,0.25000,3.53553,1
9853,2856,2862,0.25000,3.53553,1
9854,2669,2864,0.25000,3.53553,1
9855,2864,2862,0.25000,3.53553,1
9856,2635,2666,0.25000,3.53553,1
9857,2666,2669,0.25000,3.53553,1
9858,2832,2859,0.25000,3.53553,1
9859,2859,2862,0.25000,3.53553,1
9860,2635,2672,0.25000,3.53553,1
9861,2672,2669,0.25000,3.53553,1
9862,2832,2865,0.25000,3.53553,1
9863,2865,2862,0.25000,3.53553,1
9864,2669,2866,0.25000,2.50000,1
9865,2866,2862,0.25000,2.50000,1
9866,2823,2834,0.25000,2.50000,1
9867,2856,2866,0.25000,2.50000,1
9868,2834,2829,0.25000,2.50000,1
9869,2866,2864,0.25000,2.50000,1
9870,2676,2867,0.25000,2.50000,1
9871,2867,2868,0.25000,2.50000,1
9872,2836,2869,0.25000,2.50000,2
9873,2869,2868,0.25000,2.50000,2
9874,2863,2870,0.25000,2.50000,2
9875,2870,2868,0.25000,2.50000,2
9876,2672,2829,0.25000,3.53553,1
9877,2675,2837,0.25000,3.53553,1
9878,2672,2864,0.25000,3.53553,1
9879,2675,2867,0.25000,3.53553,1
9880,2829,2865,0.25000,3.53553,1
9881,2837,2869,0.25000,3.53553,1
9882,2864,2865,0.25000,3.53553,1
9883,2867,2869,0.25000,3.53553,1
9884,2641,2829,0.25000,3.53553,1
9885,2641,2837,0.25000,3.53553,1
9886,2678,2864,0.25000,3.53553,1
9887,2678,2867,0.25000,3.53553,1
9888,2829,2838,0.25000,3.53553,1
9889,2837,2838,0.25000,3.53553,1
9890,2864,2870,0.25000,3.53553,1
9891,2867,2870,0.25000,3.53553,1
9892,2672,2871,0.25000,2.50000,1
9893,2675,2872,0.25000,2.50000,1
9894,2871,2865,0.25000,2.50000,1
9895,2872,2869,0.25000,2.50000,1
9896,2641,2873,0.25000,2.50000,1
9897,2678,2874,0.25000,2.50000,1
9898,2873,2838,0.25000,2.50000,1
9899,2874,2870,0.25000,2.50000,1
9900,2689,2875,0.25000,2.50000,1
9901,2690,2876,0.25000,2.50000,2
9902,2691,2877,0.25000,2.50000,2
9903,2692,2878,0.25000,2.50000,4
9904,2875,2879,0.25000,2.50000,1
9905,2876,2880,0.25000,2.50000,2
9906,2877,2881,0.25000,2.50000,2
9907,2878,2882,0.25000,2.50000,4
9908,2879,2883,0.25000,2.50000,2
9909,2880,2884,0.25000,2.50000,4
9910,2883,2881,0.25000,2.50000,2
9911,2884,2882,0.25000,2.50000,4
9912,2879,2885,0.25000,2.50000,2
9913,2885,2880,0.25000,2.50000,2
9914,2881,2886,0.25000,2.50000,4
9915,2886,2882,0.25000,2.50000,4
9916,2689,2887,0.25000,3.53553,1
9917,2690,2888,0.25000,3.53553,1
9918,2691,2887,0.25000,3.53553,1
9919,2692,2888,0.25000,3.53553,1
9920,2887,2879,0.25000,3.53553,1
9921,2888,2880,0.25000,3.53553,1
9922,2887,2881,0.25000,3.53553,1
9923,2888,2882,0.25000,3.53553,1
9924,2689,2889,0.25000,3.53553,1
9925,2690,2889,0.25000,3.53553,1
9926,2691,2890,0.25000,3.53553,2
9927,2692,2890,0.25000,3.53553,2
9928,2889,2879,0.25000,3.53553,1
9929,2889,2880,0.25000,3.53553,1
9930,2890,2881,0.25000,3.53553,2
9931,2890,2882,0.25000,3.53553,2
9932,2693,2875,0.25000,3.53553,1
9933,2694,2876,0.25000,3.53553,1
9934,2693,2877,0.25000,3.53553,1
9935,2694,2878,0.25000,3.53553,1
9936,2875,2883,0.25000,3.53553,1
9937,2876,2884,0.25000,3.53553,1
9938,2877,2883,0.25000,3.53553,1
9939,2878,2884,0.25000,3.53553,1
9940,2695,2875,0.25000,3.53553,1
9941,2695,2876,0.25000,3.53553,1
9942,2696,2877,0.25000,3.53553,2
9943,2696,2878,0.25000,3.53553,2
9944,2875,2885,0.25000,3.53553,1
9945,2876,2885,0.25000,3.53553,1
9946,2877,2886,0.25000,3.53553,2
9947,2878,2886,0.25000,3.53553,2
9948,2703,2891,0.25000,2.50000,2
9949,2704,2892,0.25000,2.50000,4
9950,2891,2893,0.25000,2.50000,2
9951,2892,2894,0.25000,2.50000,4
9952,2880,2895,0.25000,2.50000,2
9953,2882,2896,0.25000,2.50000,4
9954,2895,2893,0.25000,2.50000,2
9955,2896,2894,0.25000,2.50000,4
9956,2893,2897,0.25000,2.50000,4
9957,2897,2894,0.25000,2.50000,4
9958,2690,2898,0.25000,4.33013,1
9959,2692,2898,0.25000,4.33013,1
9960,2703,2898,0.25000,4.33013,1
9961,2704,2898,0.25000,4.33013,1
9962,2898,2880,0.25000,4.33013,1
9963,2898,2882,0.25000,4.33013,1
9964,2898,2893,0.25000,4.33013,1
9965,2898,2894,0.25000,4.33013,1
9966,2701,2876,0.25000,3.53553,1
9967,2702,2878,0.25000,3.53553,1
9968,2701,2891,0.25000,3.53553,1
9969,2702,2892,0.25000,3.53553,1
9970,2876,2895,0.25000,3.53553,1
9971,2878,2896,0.25000,3.53553,1
9972,2891,2895,0.25000,3.53553,1
9973,2892,2896,0.25000,3.53553,1
9974,2712,2899,0.25000,2.50000,2
9975,2713,2900,0.25000,2.50000,4
9976,2899,2901,0.25000,2.50000,2
9977,2900,2902,0.25000,2.50000,4
9978,2893,2903,0.25000,2.50000,2
9979,2894,2904,0.25000,2.50000,4
9980,2903,2901,0.25000,2.50000,2
9981,2904,2902,0.25000,2.50000,4
9982,2901,2905,0.25000,2.50000,4
9983,2905,2902,0.25000,2.50000,4
9984,2703,2906,0.25000,3.53553,1
9985,2704,2907,0.25000,3.53553,2
9986,2712,2906,0.25000,3.53553,1
9987,2713,2907,0.25000,3.53553,2
9988,2906,2893,0.25000,3.53553,1
9989,2907,2894,0.25000,3.53553,2
9990,2906,2901,0.25000,3.53553,1
9991,2907,2902,0.25000,3.53553,2
9992,2707,2908,0.25000,3.53553,1
9993,2716,2908,0.25000,3.53553,1
9994,2908,2897,0.25000,3.53553,1
9995,2908,2905,0.25000,3.53553,1
9996,2722,2909,0.25000,2.50000,2
9997,2723,2910,0.25000,2.50000,4
9998,2909,2911,0.25000,2.50000,2
9999,2910,2912,0.25000,2.50000,4
10000,2901,2913,0.25000,2.50000,2
10001,2902,2914,0.25000,2.50000,4
10002,2913,2911,0.25000,2.50000,2
10003,2914,2912,0.25000,2.50000,4
10004,2911,2915,0.25000,2.50000,4
10005,2915,2912,0.25000,2.50000,4
10006,2712,2916,0.25000,4.33013,1
10007,2713,2916,0.25000,4.33013,1
10008,2722,2916,0.25000,4.33013,1
10009,2723,2916,0.25000,4.33013,1
10010,2916,2901,0.25000,4.33013,1
10011,2916,2902,0.25000,4.33013,1
10012,2916,2911,0.25000,4.33013,1
10013,2916,2912,0.25000,4.33013,1
10014,2720,2899,0.25000,3.53553,1
10015,2721,2900,0.25000,3.53553,1
10016,2720,2909,0.25000,3.53553,1
10017,2721,2910,0.25000,3.53553,1
10018,2899,2913,0.25000,3.53553,1
10019,2900,2914,0.25000,3.53553,1
10020,2909,2913,0.25000,3.53553,1
10021,2910,2914,0.25000,3.53553,1
10022,2731,2917,0.25000,2.50000,1
10023,2732,2918,0.25000,2.50000,2
10024,2917,2919,0.25000,2.50000,1
10025,2918,2920,0.25000,2.50000,2
10026,2911,2921,0.25000,2.50000,2
10027,2912,2922,0.25000,2.50000,4
10028,2921,2919,0.25000,2.50000,2
10029,2922,2920,0.25000,2.50000,4
10030,2919,2923,0.25000,2.50000,2
10031,2923,2920,0.25000,2.50000,2
10032,2722,2924,0.25000,3.53553,1
10033,2723,2925,0.25000,3.53553,2
10034,2731,2924,0.25000,3.53553,1
10035,2732,2925,0.25000,3.53553,2
10036,2924,2911,0.25000,3.53553,1
10037,2925,2912,0.25000,3.53553,2
10038,2924,2919,0.25000,3.53553,1
10039,2925,2920,0.25000,3.53553,2
10040,2722,2926,0.25000,3.53553,1
10041,2723,2926,0.25000,3.53553,1
10042,2731,2927,0.25000,3.53553,1
10043,2732,2927,0.25000,3.53553,1
10044,2926,2911,0.25000,3.53553,1
10045,2926,2912,0.25000,3.53553,1
10046,2927,2919,0.25000,3.53553,1
10047,2927,2920,0.25000,3.53553,1
10048,2734,2909,0.25000,3.53553,1
10049,2735,2910,0.25000,3.53553,2
10050,2734,2917,0.25000,3.53553,1
10051,2735,2918,0.25000,3.53553,2
10052,2909,2921,0.25000,3.53553,1
10053,2910,2922,0.25000,3.53553,2
10054,2917,2921,0.25000,3.53553,1
10055,2918,2922,0.25000,3.53553,2
10056,2726,2909,0.25000,3.53553,1
10057,2726,2910,0.25000,3.53553,1
10058,2733,2917,0.25000,3.53553,1
10059,2733,2918,0.25000,3.53553,1
10060,2909,2915,0.25000,3.53553,1
10061,2910,2915,0.25000,3.53553,1
10062,2917,2923,0.25000,3.53553,1
10063,2918,2923,0.25000,3.53553,1
10064,2742,2928,0.25000,2.50000,2
10065,2743,2929,0.25000,2.50000,4
10066,2928,2930,0.25000,2.50000,2
10067,2929,2931,0.25000,2.50000,4
10068,2930,2932,0.25000,2.50000,4
10069,2932,2931,0.25000,2.50000,4
10070,2881,2933,0.25000,2.50000,2
10071,2933,2930,0.25000,2.50000,2
10072,2882,2934,0.25000,2.50000,4
10073,2934,2931,0.25000,2.50000,4
10074,2742,2935,0.25000,3.53553,1
10075,2743,2935,0.25000,3.53553,1
10076,2935,2930,0.25000,3.53553,1
10077,2935,2931,0.25000,3.53553,1
10078,2746,2928,0.25000,3.53553,2
10079,2746,2929,0.25000,3.53553,2
10080,2928,2932,0.25000,3.53553,2
10081,2929,2932,0.25000,3.53553,2
10082,2740,2877,0.25000,3.53553,1
10083,2740,2928,0.25000,3.53553,1
10084,2741,2878,0.25000,3.53553,1
10085,2741,2929,0.25000,3.53553,1
10086,2877,2933,0.25000,3.53553,1
10087,2928,2933,0.25000,3.53553,1
10088,2878,2934,0.25000,3.53553,1
10089,2929,2934,0.25000,3.53553,1
10090,2877,2890,0.25000,2.50000,1
10091,2928,2935,0.25000,2.50000,1
10092,2890,2878,0.25000,2.50000,1
10093,2935,2929,0.25000,2.50000,1
10094,2696,2890,0.25000,2.50000,1
10095,2746,2935,0.25000,2.50000,2
10096,2890,2886,0.25000,2.50000,1
10097,2935,2932,0.25000,2.50000,2
10098,2931,2936,0.25000,2.50000,4
10099,2936,2937,0.25000,2.50000,4
10100,2894,2938,0.25000,2.50000,4
10101,2938,2937,0.25000,2.50000,4
10102,2750,2939,0.25000,2.50000,4
10103,2939,2937,0.25000,2.50000,4
10104,2702,2940,0.25000,2.50000,1
10105,2896,2941,0.25000,2.50000,1
10106,2940,2752,0.25000,2.50000,1
10107,2941,2936,0.25000,2.50000,1
10108,2741,2942,0.25000,2.50000,1
10109,2942,2934,0.25000,2.50000,1
10110,2751,2943,0.25000,2.50000,1
10111,2943,2938,0.25000,2.50000,1
10112,2940,2942,0.25000,3.53553,1
10113,2942,2941,0.25000,3.53553,1
10114,2940,2943,0.25000,3.53553,1
10115,2943,2941,0.25000,3.53553,1
10116,2937,2944,0.25000,2.50000,4
10117,2944,2945,0.25000,2.50000,4
10118,2756,2946,0.25000,2.50000,4
10119,2946,2945,0.25000,2.50000,4
10120,2902,2947,0.25000,2.50000,4
10121,2947,2945,0.25000,2.50000,4
10122,2750,2948,0.25000,3.53553,2
10123,2948,2937,0.25000,3.53553,2
10124,2756,2948,0.25000,3.53553,2
10125,2948,2945,0.25000,3.53553,2
10126,2715,2892,0.25000,3.53553,1
10127,2758,2939,0.25000,3.53553,2
10128,2892,2904,0.25000,3.53553,1
10129,2939,2944,0.25000,3.53553,2
10130,2715,2900,0.25000,3.53553,1
10131,2758,2946,0.25000,3.53553,2
10132,2900,2904,0.25000,3.53553,1
10133,2946,2944,0.25000,3.53553,2
10134,2945,2949,0.25000,2.50000,4
10135,2949,2950,0.25000,2.50000,4
10136,2912,2951,0.25000,2.50000,4
10137,2951,2950,0.25000,2.50000,4
10138,2762,2952,0.25000,2.50000,4
10139,2952,2950,0.25000,2.50000,4
10140,2721,2953,0.25000,2.50000,1
10141,2914,2954,0.25000,2.50000,1
10142,2953,2764,0.25000,2.50000,1
10143,2954,2949,0.25000,2.50000,1
10144,2757,2955,0.25000,2.50000,1
10145,2955,2947,0.25000,2.50000,1
10146,2763,2956,0.25000,2.50000,1
10147,2956,2951,0.25000,2.50000,1
10148,2953,2955,0.25000,3.53553,1
10149,2955,2954,0.25000,3.53553,1
10150,2953,2956,0.25000,3.53553,1
10151,2956,2954,0.25000,3.53553,1
10152,2768,2957,0.25000,2.50000,2
10153,2957,2958,0.25000,2.50000,2
10154,2950,2959,0.25000,2.50000,4
10155,2959,2958,0.25000,2.50000,4
10156,2920,2960,0.25000,2.50000,2
10157,2960,2958,0.25000,2.50000,2
10158,2762,2961,0.25000,3.53553,1
10159,2768,2961,0.25000,3.53553,1
10160,2961,2950,0.25000,3.53553,1
10161,2961,2958,0.25000,3.53553,1
10162,2770,2952,0.25000,3.53553,2
10163,2770,2957,0.25000,3.53553,2
10164,2952,2959,0.25000,3.53553,2
10165,2957,2959,0.25000,3.53553,2
10166,2763,2910,0.25000,3.53553,1
10167,2763,2952,0.25000,3.53553,1
10168,2767,2918,0.25000,3.53553,1
10169,2767,2957,0.25000,3.53553,1
10170,2910,2951,0.25000,3.53553,1
10171,2952,2951,0.25000,3.53553,1
10172,2918,2960,0.25000,3.53553,1
10173,2957,2960,0.25000,3.53553,1
10174,2910,2925,0.25000,2.50000,1
10175,2952,2961,0.25000,2.50000,1
10176,2925,2918,0.25000,2.50000,1
10177,2961,2957,0.25000,2.50000,1
10178,2735,2925,0.25000,2.50000,1
10179,2770,2961,0.25000,2.50000,2
10180,2925,2922,0.25000,2.50000,1
10181,2961,2959,0.25000,2.50000,2
10182,2774,2962,0.25000,2.50000,2
10183,2775,2963,0.25000,2.50000,4
10184,2962,2964,0.25000,2.50000,2
10185,2963,2965,0.25000,2.50000,4
10186,2930,2966,0.25000,2.50000,2
10187,2931,2967,0.25000,2.50000,4
10188,2966,2964,0.25000,2.50000,2
10189,2967,2965,0.25000,2.50000,4
10190,2964,2968,0.25000,2.50000,4
10191,2968,2965,0.25000,2.50000,4
10192,2776,2928,0.25000,3.53553,1
10193,2777,2929,0.25000,3.53553,1
10194,2776,2962,0.25000,3.53553,1
10195,2777,2963,0.25000,3.53553,1
10196,2928,2966,0.25000,3.53553,1
10197,2929,2967,0.25000,3.53553,1
10198,2962,2966,0.25000,3.53553,1
10199,2963,2967,0.25000,3.53553,1
10200,2778,2962,0.25000,3.53553,2
10201,2778,2963,0.25000,3.53553,2
10202,2962,2968,0.25000,3.53553,2
10203,2963,2968,0.25000,3.53553,2
10204,2776,2969,0.25000,2.50000,1
10205,2777,2970,0.25000,2.50000,1
10206,2969,2966,0.25000,2.50000,1
10207,2970,2967,0.25000,2.50000,1
10208,2778,2971,0.25000,2.50000,2
10209,2971,2968,0.25000,2.50000,2
10210,2784,2972,0.25000,2.50000,4
10211,2972,2973,0.25000,2.50000,4
10212,2965,2974,0.25000,2.50000,4
10213,2974,2973,0.25000,2.50000,4
10214,2937,2975,0.25000,2.50000,4
10215,2975,2973,0.25000,2.50000,4
10216,2743,2976,0.25000,3.53553,1
10217,2775,2977,0.25000,3.53553,1
10218,2750,2976,0.25000,3.53553,1
10219,2784,2977,0.25000,3.53553,1
10220,2976,2931,0.25000,3.53553,1
10221,2977,2965,0.25000,3.53553,1
10222,2976,2937,0.25000,3.53553,1
10223,2977,2973,0.25000,3.53553,1
10224,2752,2929,0.25000,3.53553,1
10225,2783,2963,0.25000,3.53553,1
10226,2752,2939,0.25000,3.53553,1
10227,2783,2972,0.25000,3.53553,1
10228,2929,2936,0.25000,3.53553,1
10229,2963,2974,0.25000,3.53553,1
10230,2939,2936,0.25000,3.53553,1
10231,2972,2974,0.25000,3.53553,1
10232,2973,2978,0.25000,2.50000,4
10233,2978,2979,0.25000,2.50000,4
10234,2790,2980,0.25000,2.50000,4
10235,2980,2979,0.25000,2.50000,4
10236,2945,2981,0.25000,2.50000,4
10237,2981,2979,0.25000,2.50000,4
10238,2784,2982,0.25000,3.53553,2
10239,2982,2973,0.25000,3.53553,2
10240,2790,2982,0.25000,3.53553,2
10241,2982,2979,0.25000,3.53553,2
10242,2789,2972,0.25000,3.53553,2
10243,2972,2978,0.25000,3.53553,2
10244,2789,2980,0.25000,3.53553,2
10245,2980,2978,0.25000,3.53553,2
10246,2795,2983,0.25000,2.50000,4
10247,2983,2984,0.25000,2.50000,4
10248,2979,2985,0.25000,2.50000,4
10249,2985,2984,0.25000,2.50000,4
10250,2950,2986,0.25000,2.50000,4
10251,2986,2984,0.25000,2.50000,4
10252,2756,2987,0.25000,3.53553,1
10253,2790,2988,0.25000,3.53553,1
10254,2762,2987,0.25000,3.53553,1
10255,2795,2988,0.25000,3.53553,1
10256,2987,2945,0.25000,3.53553,1
10257,2988,2979,0.25000,3.53553,1
10258,2987,2950,0.25000,3.53553,1
10259,2988,2984,0.25000,3.53553,1
10260,2764,2946,0.25000,3.53553,1
10261,2794,2980,0.25000,3.53553,1
10262,2764,2952,0.25000,3.53553,1
10263,2794,2983,0.25000,3.53553,1
10264,2946,2949,0.25000,3.53553,1
10265,2980,2985,0.25000,3.53553,1
10266,2952,2949,0.25000,3.53553,1
10267,2983,2985,0.25000,3.53553,1
10268,2802,2989,0.25000,2.50000,2
10269,2989,2990,0.25000,2.50000,2
10270,2958,2991,0.25000,2.50000,2
10271,2991,2990,0.25000,2.50000,2
10272,2984,2992,0.25000,2.50000,4
10273,2992,2990,0.25000,2.50000,4
10274,2797,2952,0.25000,3.53553,1
10275,2803,2957,0.25000,3.53553,1
10276,2797,2983,0.25000,3.53553,1
10277,2803,2989,0.25000,3.53553,1
10278,2952,2986,0.25000,3.53553,1
10279,2957,2991,0.25000,3.53553,1
10280,2983,2986,0.25000,3.53553,1
10281,2989,2991,0.25000,3.53553,1
10282,2804,2983,0.25000,3.53553,2
10283,2804,2989,0.25000,3.53553,2
10284,2983,2992,0.25000,3.53553,2
10285,2989,2992,0.25000,3.53553,2
10286,2797,2993,0.25000,2.50000,1
10287,2803,2994,0.25000,2.50000,1
10288,2993,2986,0.25000,2.50000,1
10289,2994,2991,0.25000,2.50000,1
10290,2804,2995,0.25000,2.50000,2
10291,2995,2992,0.25000,2.50000,2
10292,2810,2996,0.25000,2.50000,2
10293,2811,2997,0.25000,2.50000,4
10294,2996,2998,0.25000,2.50000,2
10295,2997,2999,0.25000,2.50000,4
10296,2998,3000,0.25000,2.50000,4
10297,3000,2999,0.25000,2.50000,4
10298,2964,3001,0.25000,2.50000,2
10299,3001,2998,0.25000,2.50000,2
10300,2965,3002,0.25000,2.50000,4
10301,3002,2999,0.25000,2.50000,4
10302,2774,2971,0.25000,3.53553,1
10303,2810,3003,0.25000,3.53553,2
10304,2775,2971,0.25000,3.53553,1
10305,2811,3003,0.25000,3.53553,2
10306,2971,2964,0.25000,3.53553,1
10307,3003,2998,0.25000,3.53553,2
10308,2971,2965,0.25000,3.53553,1
10309,3003,2999,0.25000,3.53553,2
10310,2814,2996,0.25000,3.53553,2
10311,2814,2997,0.25000,3.53553,2
10312,2996,3000,0.25000,3.53553,2
10313,2997,3000,0.25000,3.53553,2
10314,2808,2962,0.25000,3.53553,1
10315,2808,2996,0.25000,3.53553,1
10316,2809,2963,0.25000,3.53553,1
10317,2809,2997,0.25000,3.53553,1
10318,2962,3001,0.25000,3.53553,1
10319,2996,3001,0.25000,3.53553,1
10320,2963,3002,0.25000,3.53553,1
10321,2997,3002,0.25000,3.53553,1
10322,2962,2971,0.25000,2.50000,1
10323,2996,3003,0.25000,2.50000,1
10324,2971,2963,0.25000,2.50000,1
10325,3003,2997,0.25000,2.50000,1
10326,2814,3003,0.25000,2.50000,1
10327,3003,3000,0.25000,2.50000,1
10328,2999,3004,0.25000,2.50000,4
10329,3004,3005,0.25000,2.50000,4
10330,2973,3006,0.25000,2.50000,4
10331,3006,3005,0.25000,2.50000,4
10332,2818,3007,0.25000,2.50000,4
10333,3007,3005,0.25000,2.50000,4
10334,2783,3008,0.25000,2.50000,1
10335,2974,3009,0.25000,2.50000,1
10336,3008,2820,0.25000,2.50000,1
10337,3009,3004,0.25000,2.50000,1
10338,2809,3010,0.25000,2.50000,1
10339,3010,3002,0.25000,2.50000,1
10340,2819,3011,0.25000,2.50000,1
10341,3011,3006,0.25000,2.50000,1
10342,3008,3010,0.25000,3.53553,1
10343,3010,3009,0.25000,3.53553,1
10344,3008,3011,0.25000,3.53553,1
10345,3011,3009,0.25000,3.53553,1
10346,3005,3012,0.25000,2.50000,4
10347,3012,3013,0.25000,2.50000,4
10348,2824,3014,0.25000,2.50000,4
10349,3014,3013,0.25000,2.50000,4
10350,2979,3015,0.25000,2.50000,4
10351,3015,3013,0.25000,2.50000,4
10352,2818,3016,0.25000,3.53553,2
10353,3016,3005,0.25000,3.53553,2
10354,2824,3016,0.25000,3.53553,2
10355,3016,3013,0.25000,3.53553,2
10356,2826,3007,0.25000,3.53553,1
10357,3007,3012,0.25000,3.53553,1
10358,2826,3014,0.25000,3.53553,1
10359,3014,3012,0.25000,3.53553,1
10360,3013,3017,0.25000,2.50000,4
10361,3017,3018,0.25000,2.50000,4
10362,2984,3019,0.25000,2.50000,4
10363,3019,3018,0.25000,2.50000,4
10364,2830,3020,0.25000,2.50000,4
10365,3020,3018,0.25000,2.50000,4
10366,2794,3021,0.25000,2.50000,1
10367,2985,3022,0.25000,2.50000,1
10368,3021,2832,0.25000,2.50000,1
10369,3022,3017,0.25000,2.50000,1
10370,2825,3023,0.25000,2.50000,1
10371,3023,3015,0.25000,2.50000,1
10372,2831,3024,0.25000,2.50000,1
10373,3024,3019,0.25000,2.50000,1
10374,3021,3023,0.25000,3.53553,1
10375,3023,3022,0.25000,3.53553,1
10376,3021,3024,0.25000,3.53553,1
10377,3024,3022,0.25000,3.53553,1
10378,2836,3025,0.25000,2.50000,2
10379,3025,3026,0.25000,2.50000,2
10380,3018,3027,0.25000,2.50000,4
10381,3027,3026,0.25000,2.50000,4
10382,2990,3028,0.25000,2.50000,2
10383,3028,3026,0.25000,2.50000,2
10384,2795,2995,0.25000,3.53553,1
10385,2830,3029,0.25000,3.53553,2
10386,2802,2995,0.25000,3.53553,1
10387,2836,3029,0.25000,3.53553,2
10388,2995,2984,0.25000,3.53553,1
10389,3029,3018,0.25000,3.53553,2
10390,2995,2990,0.25000,3.53553,1
10391,3029,3026,0.25000,3.53553,2
10392,2838,3020,0.25000,3.53553,2
10393,2838,3025,0.25000,3.53553,2
10394,3020,3027,0.25000,3.53553,2
10395,3025,3027,0.25000,3.53553,2
10396,2831,2983,0.25000,3.53553,1
10397,2831,3020,0.25000,3.53553,1
10398,2835,2989,0.25000,3.53553,1
10399,2835,3025,0.25000,3.53553,1
10400,2983,3019,0.25000,3.53553,1
10401,3020,3019,0.25000,3.53553,1
10402,2989,3028,0.25000,3.53553,1
10403,3025,3028,0.25000,3.53553,1
10404,2983,2995,0.25000,2.50000,1
10405,3020,3029,0.25000,2.50000,1
10406,2995,2989,0.25000,2.50000,1
10407,3029,3025,0.25000,2.50000,1
10408,2838,3029,0.25000,2.50000,1
10409,3029,3027,0.25000,2.50000,1
10410,2842,3030,0.25000,2.50000,1
10411,2843,3031,0.25000,2.50000,2
10412,3030,3032,0.25000,2.50000,1
10413,3031,3033,0.25000,2.50000,2
10414,3032,3034,0.25000,2.50000,2
10415,3034,3033,0.25000,2.50000,2
10416,2998,3035,0.25000,2.50000,2
10417,3035,3032,0.25000,2.50000,2
10418,2999,3036,0.25000,2.50000,4
10419,3036,3033,0.25000,2.50000,4
10420,2842,3037,0.25000,3.53553,1
10421,2843,3037,0.25000,3.53553,1
10422,3037,3032,0.25000,3.53553,1
10423,3037,3033,0.25000,3.53553,1
10424,2810,3038,0.25000,3.53553,1
10425,2842,3038,0.25000,3.53553,1
10426,2811,3039,0.25000,3.53553,1
10427,2843,3039,0.25000,3.53553,1
10428,3038,2998,0.25000,3.53553,1
10429,3038,3032,0.25000,3.53553,1
10430,3039,2999,0.25000,3.53553,1
10431,3039,3033,0.25000,3.53553,1
10432,2846,3030,0.25000,3.53553,1
10433,2846,3031,0.25000,3.53553,1
10434,3030,3034,0.25000,3.53553,1
10435,3031,3034,0.25000,3.53553,1
10436,2844,2996,0.25000,3.53553,1
10437,2844,3030,0.25000,3.53553,1
10438,2845,2997,0.25000,3.53553,1
10439,2845,3031,0.25000,3.53553,1
10440,2996,3035,0.25000,3.53553,1
10441,3030,3035,0.25000,3.53553,1
10442,2997,3036,0.25000,3.53553,1
10443,3031,3036,0.25000,3.53553,1
10444,2852,3040,0.25000,2.50000,2
10445,3040,3041,0.25000,2.50000,2
10446,3033,3042,0.25000,2.50000,2
10447,3042,3041,0.25000,2.50000,2
10448,3005,3043,0.25000,2.50000,4
10449,3043,3041,0.25000,2.50000,4
10450,2811,3044,0.25000,4.33013,1
10451,2843,3044,0.25000,4.33013,1
10452,2818,3044,0.25000,4.33013,1
10453,2852,3044,0.25000,4.33013,1
10454,3044,2999,0.25000,4.33013,1
10455,3044,3033,0.25000,4.33013,1
10456,3044,3005,0.25000,4.33013,1
10457,3044,3041,0.25000,4.33013,1
10458,2820,2997,0.25000,3.53553,1
10459,2851,3031,0.25000,3.53553,1
10460,2820,3007,0.25000,3.53553,1
10461,2851,3040,0.25000,3.53553,1
10462,2997,3004,0.25000,3.53553,1
10463,3031,3042,0.25000,3.53553,1
10464,3007,3004,0.25000,3.53553,1
10465,3040,3042,0.25000,3.53553,1
10466,2857,3045,0.25000,2.50000,2
10467,3045,3046,0.25000,2.50000,2
10468,3041,3047,0.25000,2.50000,2
10469,3047,3046,0.25000,2.50000,2
10470,3013,3048,0.25000,2.50000,4
10471,3048,3046,0.25000,2.50000,4
10472,2852,3049,0.25000,3.53553,1
10473,2857,3049,0.25000,3.53553,1
10474,3049,3041,0.25000,3.53553,1
10475,3049,3046,0.25000,3.53553,1
10476,2854,3050,0.25000,3.53553,1
10477,2859,3050,0.25000,3.53553,1
10478,3050,3043,0.25000,3.53553,1
10479,3050,3048,0.25000,3.53553,1
10480,2863,3051,0.25000,2.50000,2
10481,3051,3052,0.25000,2.50000,2
10482,3046,3053,0.25000,2.50000,2
10483,3053,3052,0.25000,2.50000,2
10484,3018,3054,0.25000,2.50000,4
10485,3054,3052,0.25000,2.50000,4
10486,2824,3055,0.25000,4.33013,1
10487,2857,3055,0.25000,4.33013,1
10488,2830,3055,0.25000,4.33013,1
10489,2863,3055,0.25000,4.33013,1
10490,3055,3013,0.25000,4.33013,1
10491,3055,3046,0.25000,4.33013,1
10492,3055,3018,0.25000,4.33013,1
10493,3055,3052,0.25000,4.33013,1
10494,2832,3014,0.25000,3.53553,1
10495,2862,3045,0.25000,3.53553,1
10496,2832,3020,0.25000,3.53553,1
10497,2862,3051,0.25000,3.53553,1
10498,3014,3017,0.25000,3.53553,1
10499,3045,3053,0.25000,3.53553,1
10500,3020,3017,0.25000,3.53553,1
10501,3051,3053,0.25000,3.53553,1
10502,2868,3056,0.25000,2.50000,1
10503,3056,3057,0.25000,2.50000,1
10504,3026,3058,0.25000,2.50000,2
10505,3058,3057,0.25000,2.50000,2
10506,3052,3059,0.25000,2.50000,2
10507,3059,3057,0.25000,2.50000,2
10508,2830,3060,0.25000,3.53553,1
10509,2836,3061,0.25000,3.53553,1
10510,2863,3060,0.25000,3.53553,1
10511,2868,3061,0.25000,3.53553,1
10512,3060,3018,0.25000,3.53553,1
10513,3061,3026,0.25000,3.53553,1
10514,3060,3052,0.25000,3.53553,1
10515,3061,3057,0.25000,3.53553,1
10516,2863,3062,0.25000,3.53553,1
10517,2868,3062,0.25000,3.53553,1
10518,3062,3052,0.25000,3.53553,1
10519,3062,3057,0.25000,3.53553,1
10520,2865,3020,0.25000,3.53553,1
10521,2869,3025,0.25000,3.53553,1
10522,2865,3051,0.25000,3.53553,1
10523,2869,3056,0.25000,3.53553,1
10524,3020,3054,0.25000,3.53553,1
10525,3025,3058,0.25000,3.53553,1
10526,3051,3054,0.25000,3.53553,1
10527,3056,3058,0.25000,3.53553,1
10528,2870,3051,0.25000,3.53553,1
10529,2870,3056,0.25000,3.53553,1
10530,3051,3059,0.25000,3.53553,1
10531,3056,3059,0.25000,3.53553,1
10532,3063,3064,0.25000,2.50000,1
10533,3065,3066,0.25000,2.50000,2
10534,3064,3067,0.25000,2.50000,1
10535,3066,3068,0.25000,2.50000,2
10536,2879,3069,0.25000,2.50000,1
10537,2881,3070,0.25000,2.50000,2
10538,3069,3063,0.25000,2.50000,1
10539,3070,3065,0.25000,2.50000,2
10540,2880,3071,0.25000,2.50000,2
10541,2882,3072,0.25000,2.50000,4
10542,3071,3067,0.25000,2.50000,2
10543,3072,3068,0.25000,2.50000,4
10544,3063,3073,0.25000,2.50000,1
10545,3073,3065,0.25000,2.50000,1
10546,3067,3074,0.25000,2.50000,2
10547,3074,3068,0.25000,2.50000,2
10548,2879,3075,0.25000,3.53553,1
10549,2881,3076,0.25000,3.53553,1
10550,3075,3063,0.25000,3.53553,1
10551,3076,3065,0.25000,3.53553,1
10552,2880,3075,0.25000,3.53553,1
10553,2882,3076,0.25000,3.53553,1
10554,3075,3067,0.25000,3.53553,1
10555,3076,3068,0.25000,3.53553,1
10556,2885,3069,0.25000,3.53553,1
10557,2886,3070,0.25000,3.53553,1
10558,3069,3064,0.25000,3.53553,1
10559,3070,3066,0.25000,3.53553,1
10560,2885,3071,0.25000,3.53553,1
10561,2886,3072,0.25000,3.53553,1
10562,3071,3064,0.25000,3.53553,1
10563,3072,3066,0.25000,3.53553,1
10564,2885,3075,0.25000,2.50000,1
10565,2886,3076,0.25000,2.50000,1
10566,3075,3064,0.25000,2.50000,1
10567,3076,3066,0.25000,2.50000,1
10568,3069,3075,0.25000,2.50000,1
10569,3070,3076,0.25000,2.50000,1
10570,3075,3071,0.25000,2.50000,1
10571,3076,3072,0.25000,2.50000,1
10572,3067,3077,0.25000,2.50000,1
10573,3068,3078,0.25000,2.50000,2
10574,3077,3079,0.25000,2.50000,1
10575,3078,3080,0.25000,2.50000,2
10576,2893,3081,0.25000,2.50000,2
10577,2894,3082,0.25000,2.50000,4
10578,3081,3079,0.25000,2.50000,2
10579,3082,3080,0.25000,2.50000,4
10580,3079,3083,0.25000,2.50000,2
10581,3083,3080,0.25000,2.50000,2
10582,2880,3084,0.25000,3.53553,1
10583,2882,3085,0.25000,3.53553,2
10584,3084,3067,0.25000,3.53553,1
10585,3085,3068,0.25000,3.53553,2
10586,2893,3084,0.25000,3.53553,1
10587,2894,3085,0.25000,3.53553,2
10588,3084,3079,0.25000,3.53553,1
10589,3085,3080,0.25000,3.53553,2
10590,2895,3071,0.25000,3.53553,1
10591,2896,3072,0.25000,3.53553,2
10592,3071,3077,0.25000,3.53553,1
10593,3072,3078,0.25000,3.53553,2
10594,2895,3081,0.25000,3.53553,1
10595,2896,3082,0.25000,3.53553,2
10596,3081,3077,0.25000,3.53553,1
10597,3082,3078,0.25000,3.53553,2
10598,2895,3084,0.25000,2.50000,1
10599,2896,3085,0.25000,2.50000,1
10600,3084,3077,0.25000,2.50000,1
10601,3085,3078,0.25000,2.50000,1
10602,3071,3084,0.25000,2.50000,1
10603,3072,3085,0.25000,2.50000,1
10604,3084,3081,0.25000,2.50000,1
10605,3085,3082,0.25000,2.50000,1
10606,2901,3086,0.25000,2.50000,2
10607,2902,3087,0.25000,2.50000,4
10608,3086,3088,0.25000,2.50000,2
10609,3087,3089,0.25000,2.50000,4
10610,3079,3090,0.25000,2.50000,1
10611,3080,3091,0.25000,2.50000,2
10612,3090,3088,0.25000,2.50000,1
10613,3091,3089,0.25000,2.50000,2
10614,3088,3092,0.25000,2.50000,2
10615,3092,3089,0.25000,2.50000,2
10616,2893,3093,0.25000,3.53553,1
10617,2894,3094,0.25000,3.53553,1
10618,2901,3093,0.25000,3.53553,1
10619,2902,3094,0.25000,3.53553,1
10620,3093,3079,0.25000,3.53553,1
10621,3094,3080,0.25000,3.53553,1
10622,3093,3088,0.25000,3.53553,1
10623,3094,3089,0.25000,3.53553,1
10624,2897,3095,0.25000,3.53553,1
10625,2905,3095,0.25000,3.53553,1
10626,3095,3083,0.25000,3.53553,1
10627,3095,3092,0.25000,3.53553,1
10628,3088,3096,0.25000,2.50000,1
10629,3089,3097,0.25000,2.50000,2
10630,3096,3098,0.25000,2.50000,1
10631,3097,3099,0.25000,2.50000,2
10632,2911,3100,0.25000,2.50000,2
10633,2912,3101,0.25000,2.50000,4
10634,3100,3098,0.25000,2.50000,2
10635,3101,3099,0.25000,2.50000,4
10636,3098,3102,0.25000,2.50000,2
10637,3102,3099,0.25000,2.50000,2
10638,2901,3103,0.25000,3.53553,1
10639,2902,3104,0.25000,3.53553,2
10640,3103,3088,0.25000,3.53553,1
10641,3104,3089,0.25000,3.53553,2
10642,2911,3103,0.25000,3.53553,1
10643,2912,3104,0.25000,3.53553,2
10644,3103,3098,0.25000,3.53553,1
10645,3104,3099,0.25000,3.53553,2
10646,2913,3086,0.25000,3.53553,1
10647,2914,3087,0.25000,3.53553,2
10648,3086,3096,0.25000,3.53553,1
10649,3087,3097,0.25000,3.53553,2
10650,2913,3100,0.25000,3.53553,1
10651,2914,3101,0.25000,3.53553,2
10652,3100,3096,0.25000,3.53553,1
10653,3101,3097,0.25000,3.53553,2
10654,2913,3103,0.25000,2.50000,1
10655,2914,3104,0.25000,2.50000,1
10656,3103,3096,0.25000,2.50000,1
10657,3104,3097,0.25000,2.50000,1
10658,3086,3103,0.25000,2.50000,1
10659,3087,3104,0.25000,2.50000,1
10660,3103,3100,0.25000,2.50000,1
10661,3104,3101,0.25000,2.50000,1
10662,3098,3105,0.25000,2.50000,1
10663,3099,3106,0.25000,2.50000,2
10664,3105,3107,0.25000,2.50000,1
10665,3106,3108,0.25000,2.50000,2
10666,2919,3109,0.25000,2.50000,1
10667,2920,3110,0.25000,2.50000,2
10668,3109,3107,0.25000,2.50000,1
10669,3110,3108,0.25000,2.50000,2
10670,3107,3111,0.25000,2.50000,1
10671,3111,3108,0.25000,2.50000,1
10672,2911,3112,0.25000,3.53553,1
10673,2912,3113,0.25000,3.53553,1
10674,3112,3098,0.25000,3.53553,1
10675,3113,3099,0.25000,3.53553,1
10676,2919,3112,0.25000,3.53553,1
10677,2920,3113,0.25000,3.53553,1
10678,3112,3107,0.25000,3.53553,1
10679,3113,3108,0.25000,3.53553,1
10680,2921,3100,0.25000,3.53553,1
10681,2922,3101,0.25000,3.53553,1
10682,3100,3105,0.25000,3.53553,1
10683,3101,3106,0.25000,3.53553,1
10684,2921,3109,0.25000,3.53553,1
10685,2922,3110,0.25000,3.53553,1
10686,3109,3105,0.25000,3.53553,1
10687,3110,3106,0.25000,3.53553,1
10688,2921,3112,0.25000,2.50000,1
10689,2922,3113,0.25000,2.50000,1
10690,3112,3105,0.25000,2.50000,1
10691,3113,3106,0.25000,2.50000,1
10692,3100,3112,0.25000,2.50000,1
10693,3101,3113,0.25000,2.50000,1
10694,3112,3109,0.25000,2.50000,1
10695,3113,3110,0.25000,2.50000,1
10696,2930,3114,0.25000,2.50000,2
10697,2931,3115,0.25000,2.50000,4
10698,3114,3116,0.25000,2.50000,2
10699,3115,3117,0.25000,2.50000,4
10700,3116,3118,0.25000,2.50000,2
10701,3118,3117,0.25000,2.50000,2
10702,3065,3119,0.25000,2.50000,1
10703,3119,3116,0.25000,2.50000,1
10704,3068,3120,0.25000,2.50000,2
10705,3120,3117,0.25000,2.50000,2
10706,3070,3121,0.25000,3.53553,1
10707,3121,3114,0.25000,3.53553,1
10708,3072,3121,0.25000,3.53553,1
10709,3121,3115,0.25000,3.53553,1
10710,2886,3121,0.25000,3.53553,1
10711,2932,3121,0.25000,3.53553,1
10712,3121,3066,0.25000,3.53553,1
10713,3121,3118,0.25000,3.53553,1
10714,3117,3122,0.25000,2.50000,2
10715,3122,3123,0.25000,2.50000,2
10716,2937,3124,0.25000,2.50000,4
10717,3124,3123,0.25000,2.50000,4
10718,3080,3125,0.25000,2.50000,2
10719,3125,3123,0.25000,2.50000,2
10720,2931,3126,0.25000,3.53553,1
10721,3126,3117,0.25000,3.53553,1
10722,2937,3126,0.25000,3.53553,1
10723,3126,3123,0.25000,3.53553,1
10724,2936,3115,0.25000,3.53553,1
10725,3115,3122,0.25000,3.53553,1
10726,2936,3124,0.25000,3.53553,1
10727,3124,3122,0.25000,3.53553,1
10728,2945,3127,0.25000,2.50000,4
10729,3127,3128,0.25000,2.50000,4
10730,3089,3129,0.25000,2.50000,2
10731,3129,3128,0.25000,2.50000,2
10732,3123,3130,0.25000,2.50000,2
10733,3130,3128,0.25000,2.50000,2
10734,2938,3082,0.25000,3.53553,1
10735,2947,3087,0.25000,3.53553,1
10736,2938,3124,0.25000,3.53553,1
10737,2947,3127,0.25000,3.53553,1
10738,3082,3125,0.25000,3.53553,1
10739,3087,3129,0.25000,3.53553,1
10740,3124,3125,0.25000,3.53553,1
10741,3127,3129,0.25000,3.53553,1
10742,2904,3082,0.25000,3.53553,1
10743,2904,3087,0.25000,3.53553,1
10744,2944,3124,0.25000,3.53553,2
10745,2944,3127,0.25000,3.53553,2
10746,3082,3091,0.25000,3.53553,1
10747,3087,3091,0.25000,3.53553,1
10748,3124,3130,0.25000,3.53553,2
10749,3127,3130,0.25000,3.53553,2
10750,2938,3131,0.25000,2.50000,1
10751,2947,3132,0.25000,2.50000,1
10752,3131,3125,0.25000,2.50000,1
10753,3132,3129,0.25000,2.50000,1
10754,2904,3094,0.25000,2.50000,1
10755,2944,3133,0.25000,2.50000,1
10756,3094,3091,0.25000,2.50000,1
10757,3133,3130,0.25000,2.50000,1
10758,2950,3134,0.25000,2.50000,4
10759,3134,3135,0.25000,2.50000,4
10760,3128,3136,0.25000,2.50000,2
10761,3136,3135,0.25000,2.50000,2
10762,3099,3137,0.25000,2.50000,2
10763,3137,3135,0.25000,2.50000,2
10764,2945,3138,0.25000,3.53553,1
10765,2950,3138,0.25000,3.53553,1
10766,3138,3128,0.25000,3.53553,1
10767,3138,3135,0.25000,3.53553,1
10768,2949,3127,0.25000,3.53553,1
10769,2949,3134,0.25000,3.53553,1
10770,3127,3136,0.25000,3.53553,1
10771,3134,3136,0.25000,3.53553,1
10772,2958,3139,0.25000,2.50000,2
10773,3139,3140,0.25000,2.50000,2
10774,3135,3141,0.25000,2.50000,2
10775,3141,3140,0.25000,2.50000,2
10776,3108,3142,0.25000,2.50000,1
10777,3142,3140,0.25000,2.50000,1
10778,3101,3143,0.25000,3.53553,1
10779,3143,3134,0.25000,3.53553,1
10780,3110,3143,0.25000,3.53553,1
10781,3143,3139,0.25000,3.53553,1
10782,2922,3143,0.25000,3.53553,1
10783,2959,3143,0.25000,3.53553,1
10784,3143,3106,0.25000,3.53553,1
10785,3143,3141,0.25000,3.53553,1
10786,2964,3144,0.25000,2.50000,2
10787,2965,3145,0.25000,2.50000,4
10788,3144,3146,0.25000,2.50000,2
10789,3145,3147,0.25000,2.50000,4
10790,3116,3148,0.25000,2.50000,1
10791,3117,3149,0.25000,2.50000,2
10792,3148,3146,0.25000,2.50000,1
10793,3149,3147,0.25000,2.50000,2
10794,3146,3150,0.25000,2.50000,2
10795,3150,3147,0.25000,2.50000,2
10796,2930,3151,0.25000,3.53553,1
10797,2931,3152,0.25000,3.53553,1
10798,2964,3151,0.25000,3.53553,1
10799,2965,3152,0.25000,3.53553,1
10800,3151,3116,0.25000,3.53553,1
10801,3152,3117,0.25000,3.53553,1
10802,3151,3146,0.25000,3.53553,1
10803,3152,3147,0.25000,3.53553,1
10804,3114,3153,0.25000,2.50000,1
10805,3153,3115,0.25000,2.50000,1
10806,3144,3154,0.25000,2.50000,1
10807,3154,3145,0.25000,2.50000,1
10808,2932,3153,0.25000,2.50000,1
10809,2968,3154,0.25000,2.50000,1
10810,3153,3118,0.25000,2.50000,1
10811,3154,3150,0.25000,2.50000,1
10812,3153,3151,0.25000,3.53553,1
10813,3153,3152,0.25000,3.53553,1
10814,3151,3154,0.25000,3.53553,1
10815,3152,3154,0.25000,3.53553,1
10816,3147,3155,0.25000,2.50000,2
10817,3155,3156,0.25000,2.50000,2
10818,3123,3157,0.25000,2.50000,2
10819,3157,3156,0.25000,2.50000,2
10820,2973,3158,0.25000,2.50000,4
10821,3158,3156,0.25000,2.50000,4
10822,2931,3159,0.25000,3.53553,1
10823,3117,3160,0.25000,3.53553,1
10824,3159,2965,0.25000,3.53553,1
10825,3160,3147,0.25000,3.53553,1
10826,2937,3159,0.25000,3.53553,1
10827,3123,3160,0.25000,3.53553,1
10828,3159,2973,0.25000,3.53553,1
10829,3160,3156,0.25000,3.53553,1
10830,2936,2967,0.25000,3.53553,1
10831,3122,3149,0.25000,3.53553,1
10832,2967,2974,0.25000,3.53553,1
10833,3149,3155,0.25000,3.53553,1
10834,2936,2975,0.25000,3.53553,1
10835,3122,3157,0.25000,3.53553,1
10836,2975,2974,0.25000,3.53553,1
10837,3157,3155,0.25000,3.53553,1
10838,2936,3159,0.25000,2.50000,1
10839,3122,3160,0.25000,2.50000,1
10840,3159,2974,0.25000,2.50000,1
10841,3160,3155,0.25000,2.50000,1
10842,2967,3159,0.25000,2.50000,1
10843,3149,3160,0.25000,2.50000,1
10844,3159,2975,0.25000,2.50000,1
10845,3160,3157,0.25000,2.50000,1
10846,3156,3161,0.25000,2.50000,2
10847,3161,3162,0.25000,2.50000,2
10848,2979,3163,0.25000,2.50000,4
10849,3163,3162,0.25000,2.50000,4
10850,3128,3164,0.25000,2.50000,2
10851,3164,3162,0.25000,2.50000,2
10852,2937,3133,0.25000,3.53553,1
10853,2973,3165,0.25000,3.53553,1
10854,3133,3123,0.25000,3.53553,1
10855,3165,3156,0.25000,3.53553,1
10856,2945,3133,0.25000,3.53553,1
10857,2979,3165,0.25000,3.53553,1
10858,3133,3128,0.25000,3.53553,1
10859,3165,3162,0.25000,3.53553,1
10860,2978,3158,0.25000,3.53553,2
10861,3158,3161,0.25000,3.53553,2
10862,2978,3163,0.25000,3.53553,2
10863,3163,3161,0.25000,3.53553,2
10864,3162,3166,0.25000,2.50000,2
10865,3166,3167,0.25000,2.50000,2
10866,3135,3168,0.25000,2.50000,2
10867,3168,3167,0.25000,2.50000,2
10868,2984,3169,0.25000,2.50000,4
10869,3169,3167,0.25000,2.50000,4
10870,2945,3170,0.25000,3.53553,1
10871,3128,3171,0.25000,3.53553,1
10872,3170,2979,0.25000,3.53553,1
10873,3171,3162,0.25000,3.53553,1
10874,2950,3170,0.25000,3.53553,1
10875,3135,3171,0.25000,3.53553,1
10876,3170,2984,0.25000,3.53553,1
10877,3171,3167,0.25000,3.53553,1
10878,2949,2981,0.25000,3.53553,1
10879,3136,3164,0.25000,3.53553,1
10880,2981,2985,0.25000,3.53553,1
10881,3164,3166,0.25000,3.53553,1
10882,2949,2986,0.25000,3.53553,1
10883,3136,3168,0.25000,3.53553,1
10884,2986,2985,0.25000,3.53553,1
10885,3168,3166,0.25000,3.53553,1
10886,2949,3170,0.25000,2.50000,1
10887,3136,3171,0.25000,2.50000,1
10888,3170,2985,0.25000,2.50000,1
10889,3171,3166,0.25000,2.50000,1
10890,2981,3170,0.25000,2.50000,1
10891,3164,3171,0.25000,2.50000,1
10892,3170,2986,0.25000,2.50000,1
10893,3171,3168,0.25000,2.50000,1
10894,2990,3172,0.25000,2.50000,2
10895,3172,3173,0.25000,2.50000,2
10896,3140,3174,0.25000,2.50000,1
10897,3174,3173,0.25000,2.50000,1
10898,3167,3175,0.25000,2.50000,2
10899,3175,3173,0.25000,2.50000,2
10900,2950,3176,0.25000,3.53553,1
10901,2958,3177,0.25000,3.53553,1
10902,2984,3176,0.25000,3.53553,1
10903,2990,3177,0.25000,3.53553,1
10904,3176,3135,0.25000,3.53553,1
10905,3177,3140,0.25000,3.53553,1
10906,3176,3167,0.25000,3.53553,1
10907,3177,3173,0.25000,3.53553,1
10908,3134,3178,0.25000,2.50000,1
10909,3178,3139,0.25000,2.50000,1
10910,3169,3179,0.25000,2.50000,1
10911,3179,3172,0.25000,2.50000,1
10912,2959,3178,0.25000,2.50000,1
10913,2992,3179,0.25000,2.50000,1
10914,3178,3141,0.25000,2.50000,1
10915,3179,3175,0.25000,2.50000,1
10916,3178,3176,0.25000,3.53553,1
10917,3178,3177,0.25000,3.53553,1
10918,3176,3179,0.25000,3.53553,1
10919,3177,3179,0.25000,3.53553,1
10920,2998,3180,0.25000,2.50000,2
10921,2999,3181,0.25000,2.50000,4
10922,3180,3182,0.25000,2.50000,2
10923,3181,3183,0.25000,2.50000,4
10924,3182,3184,0.25000,2.50000,2
10925,3184,3183,0.25000,2.50000,2
10926,3146,3185,0.25000,2.50000,1
10927,3185,3182,0.25000,2.50000,1
10928,3147,3186,0.25000,2.50000,2
10929,3186,3183,0.25000,2.50000,2
10930,3144,3187,0.25000,3.53553,1
10931,3187,3180,0.25000,3.53553,1
10932,3145,3187,0.25000,3.53553,1
10933,3187,3181,0.25000,3.53553,1
10934,2968,3187,0.25000,3.53553,1
10935,3000,3187,0.25000,3.53553,1
10936,3187,3150,0.25000,3.53553,1
10937,3187,3184,0.25000,3.53553,1
10938,3183,3188,0.25000,2.50000,2
10939,3188,3189,0.25000,2.50000,2
10940,3005,3190,0.25000,2.50000,4
10941,3190,3189,0.25000,2.50000,4
10942,3156,3191,0.25000,2.50000,2
10943,3191,3189,0.25000,2.50000,2
10944,2965,3192,0.25000,3.53553,1
10945,2999,3193,0.25000,3.53553,2
10946,3192,3147,0.25000,3.53553,1
10947,3193,3183,0.25000,3.53553,2
10948,2973,3192,0.25000,3.53553,1
10949,3005,3193,0.25000,3.53553,2
10950,3192,3156,0.25000,3.53553,1
10951,3193,3189,0.25000,3.53553,2
10952,2974,3145,0.25000,3.53553,1
10953,3004,3181,0.25000,3.53553,2
10954,3145,3155,0.25000,3.53553,1
10955,3181,3188,0.25000,3.53553,2
10956,2974,3158,0.25000,3.53553,1
10957,3004,3190,0.25000,3.53553,2
10958,3158,3155,0.25000,3.53553,1
10959,3190,3188,0.25000,3.53553,2
10960,3013,3194,0.25000,2.50000,4
10961,3194,3195,0.25000,2.50000,4
10962,3162,3196,0.25000,2.50000,2
10963,3196,3195,0.25000,2.50000,2
10964,3189,3197,0.25000,2.50000,2
10965,3197,3195,0.25000,2.50000,2
10966,3006,3158,0.25000,3.53553,1
10967,3015,3163,0.25000,3.53553,1
10968,3006,3190,0.25000,3.53553,1
10969,3015,3194,0.25000,3.53553,1
10970,3158,3191,0.25000,3.53553,1
10971,3163,3196,0.25000,3.53553,1
10972,3190,3191,0.25000,3.53553,1
10973,3194,3196,0.25000,3.53553,1
10974,3012,3190,0.25000,3.53553,1
10975,3012,3194,0.25000,3.53553,1
10976,3190,3197,0.25000,3.53553,1
10977,3194,3197,0.25000,3.53553,1
10978,3006,3198,0.25000,2.50000,1
10979,3015,3199,0.25000,2.50000,1
10980,3198,3191,0.25000,2.50000,1
10981,3199,3196,0.25000,2.50000,1
10982,2978,3165,0.25000,2.50000,1
10983,3012,3200,0.25000,2.50000,1
10984,3165,3161,0.25000,2.50000,1
10985,3200,3197,0.25000,2.50000,1
10986,3018,3201,0.25000,2.50000,4
10987,3201,3202,0.25000,2.50000,4
10988,3195,3203,0.25000,2.50000,2
10989,3203,3202,0.25000,2.50000,2
10990,3167,3204,0.25000,2.50000,2
10991,3204,3202,0.25000,2.50000,2
10992,2979,3205,0.25000,3.53553,1
10993,3013,3206,0.25000,3.53553,2
10994,2984,3205,0.25000,3.53553,1
10995,3018,3206,0.25000,3.53553,2
10996,3205,3162,0.25000,3.53553,1
10997,3206,3195,0.25000,3.53553,2
10998,3205,3167,0.25000,3.53553,1
10999,3206,3202,0.25000,3.53553,2
11000,2985,3163,0.25000,3.53553,1
11001,3017,3194,0.25000,3.53553,2
11002,2985,3169,0.25000,3.53553,1
11003,3017,3201,0.25000,3.53553,2
11004,3163,3166,0.25000,3.53553,1
11005,3194,3203,0.25000,3.53553,2
11006,3169,3166,0.25000,3.53553,1
11007,3201,3203,0.25000,3.53553,2
11008,3026,3207,0.25000,2.50000,2
11009,3207,3208,0.25000,2.50000,2
11010,3202,3209,0.25000,2.50000,2
11011,3209,3208,0.25000,2.50000,2
11012,3173,3210,0.25000,2.50000,1
11013,3210,3208,0.25000,2.50000,1
11014,3169,3211,0.25000,3.53553,1
11015,3211,3201,0.25000,3.53553,1
11016,3172,3211,0.25000,3.53553,1
11017,3211,3207,0.25000,3.53553,1
11018,2992,3211,0.25000,3.53553,1
11019,3027,3211,0.25000,3.53553,1
11020,3211,3175,0.25000,3.53553,1
11021,3211,3209,0.25000,3.53553,1
11022,3212,3213,0.25000,2.50000,1
11023,3213,3214,0.25000,2.50000,1
11024,3032,3215,0.25000,2.50000,1
11025,3215,3212,0.25000,2.50000,1
11026,3033,3216,0.25000,2.50000,2
11027,3216,3214,0.25000,2.50000,2
11028,3182,3217,0.25000,2.50000,1
11029,3217,3212,0.25000,2.50000,1
11030,3183,3218,0.25000,2.50000,2
11031,3218,3214,0.25000,2.50000,2
11032,2998,3219,0.25000,3.53553,1
11033,3032,3220,0.25000,3.53553,1
11034,3219,3182,0.25000,3.53553,1
11035,3220,3212,0.25000,3.53553,1
11036,2999,3219,0.25000,3.53553,1
11037,3033,3220,0.25000,3.53553,1
11038,3219,3183,0.25000,3.53553,1
11039,3220,3214,0.25000,3.53553,1
11040,3000,3180,0.25000,3.53553,1
11041,3034,3215,0.25000,3.53553,1
11042,3180,3184,0.25000,3.53553,1
11043,3215,3213,0.25000,3.53553,1
11044,3000,3181,0.25000,3.53553,1
11045,3034,3216,0.25000,3.53553,1
11046,3181,3184,0.25000,3.53553,1
11047,3216,3213,0.25000,3.53553,1
11048,3000,3219,0.25000,2.50000,1
11049,3034,3220,0.25000,2.50000,1
11050,3219,3184,0.25000,2.50000,1
11051,3220,3213,0.25000,2.50000,1
11052,3180,3219,0.25000,2.50000,1
11053,3215,3220,0.25000,2.50000,1
11054,3219,3181,0.25000,2.50000,1
11055,3220,3216,0.25000,2.50000,1
11056,3214,3221,0.25000,2.50000,1
11057,3221,3222,0.25000,2.50000,1
11058,3041,3223,0.25000,2.50000,2
11059,3223,3222,0.25000,2.50000,2
11060,3189,3224,0.25000,2.50000,2
11061,3224,3222,0.25000,2.50000,2
11062,3033,3225,0.25000,3.53553,1
11063,3225,3214,0.25000,3.53553,1
11064,3041,3225,0.25000,3.53553,1
11065,3225,3222,0.25000,3.53553,1
11066,3042,3216,0.25000,3.53553,1
11067,3216,3221,0.25000,3.53553,1
11068,3042,3223,0.25000,3.53553,1
11069,3223,3221,0.25000,3.53553,1
11070,3004,3193,0.25000,2.50000,1
11071,3042,3225,0.25000,2.50000,1
11072,3193,3188,0.25000,2.50000,1
11073,3225,3221,0.25000,2.50000,1
11074,3181,3193,0.25000,2.50000,1
11075,3216,3225,0.25000,2.50000,1
11076,3193,3190,0.25000,2.50000,1
11077,3225,3223,0.25000,2.50000,1
11078,3046,3226,0.25000,2.50000,2
11079,3226,3227,0.25000,2.50000,2
11080,3222,3228,0.25000,2.50000,1
11081,3228,3227,0.25000,2.50000,1
11082,3195,3229,0.25000,2.50000,2
11083,3229,3227,0.25000,2.50000,2
11084,3005,3200,0.25000,3.53553,1
11085,3041,3230,0.25000,3.53553,1
11086,3013,3200,0.25000,3.53553,1
11087,3046,3230,0.25000,3.53553,1
11088,3200,3189,0.25000,3.53553,1
11089,3230,3222,0.25000,3.53553,1
11090,3200,3195,0.25000,3.53553,1
11091,3230,3227,0.25000,3.53553,1
11092,3043,3231,0.25000,3.53553,1
11093,3048,3231,0.25000,3.53553,1
11094,3231,3224,0.25000,3.53553,1
11095,3231,3229,0.25000,3.53553,1
11096,3227,3232,0.25000,2.50000,1
11097,3232,3233,0.25000,2.50000,1
11098,3052,3234,0.25000,2.50000,2
11099,3234,3233,0.25000,2.50000,2
11100,3202,3235,0.25000,2.50000,2
11101,3235,3233,0.25000,2.50000,2
11102,3046,3236,0.25000,3.53553,1
11103,3236,3227,0.25000,3.53553,1
11104,3052,3236,0.25000,3.53553,1
11105,3236,3233,0.25000,3.53553,1
11106,3053,3226,0.25000,3.53553,1
11107,3226,3232,0.25000,3.53553,1
11108,3053,3234,0.25000,3.53553,1
11109,3234,3232,0.25000,3.53553,1
11110,3017,3206,0.25000,2.50000,1
11111,3053,3236,0.25000,2.50000,1
11112,3206,3203,0.25000,2.50000,1
11113,3236,3232,0.25000,2.50000,1
11114,3194,3206,0.25000,2.50000,1
11115,3226,3236,0.25000,2.50000,1
11116,3206,3201,0.25000,2.50000,1
11117,3236,3234,0.25000,2.50000,1
11118,3233,3237,0.25000,2.50000,1
11119,3237,3238,0.25000,2.50000,1
11120,3057,3239,0.25000,2.50000,1
11121,3239,3238,0.25000,2.50000,1
11122,3208,3240,0.25000,2.50000,1
11123,3240,3238,0.25000,2.50000,1
11124,3018,3241,0.25000,3.53553,1
11125,3052,3242,0.25000,3.53553,1
11126,3241,3202,0.25000,3.53553,1
11127,3242,3233,0.25000,3.53553,1
11128,3026,3241,0.25000,3.53553,1
11129,3057,3242,0.25000,3.53553,1
11130,3241,3208,0.25000,3.53553,1
11131,3242,3238,0.25000,3.53553,1
11132,3027,3201,0.25000,3.53553,1
11133,3059,3234,0.25000,3.53553,1
11134,3201,3209,0.25000,3.53553,1
11135,3234,3237,0.25000,3.53553,1
11136,3027,3207,0.25000,3.53553,1
11137,3059,3239,0.25000,3.53553,1
11138,3207,3209,0.25000,3.53553,1
11139,3239,3237,0.25000,3.53553,1
11140,3027,3241,0.25000,2.50000,1
11141,3059,3242,0.25000,2.50000,1
11142,3241,3209,0.25000,2.50000,1
11143,3242,3237,0.25000,2.50000,1
11144,3201,3241,0.25000,2.50000,1
11145,3234,3242,0.25000,2.50000,1
11146,3241,3207,0.25000,2.50000,1
11147,3242,3239,0.25000,2.50000,1
